Fund,Fund Description,Fund ID,Department ID,Department,Short Title,Expense Line,Link to Website,Department Description,Control Officer,Appropriations 1995,Appropriations 1996,Appropriations 1997,Appropriations 1998,Appropriations 1999,Appropriations 2000,Appropriations 2001,Appropriations 2002,Appropriations 2003,Appropriations 2004,Appropriations 2005,Appropriations 2006,Appropriations 2007,Appropriations 2008,Appropriations 2009,Appropriations 2010,Appropriations 2011,Appropriations 2012,Appropriations 2013,Appropriations 2014,Appropriations 2015,Appropriations 2016,Appropriations 2017,Appropriations 2018,Appropriations 2019,Appropriations 2020,Appropriations 2021,Appropriations 2022,Appropriations 2023,Appropriations 2024,Appropriations 2025,Expenditures 1995,Expenditures 1996,Expenditures 1997,Expenditures 1998,Expenditures 1999,Expenditures 2000,Expenditures 2001,Expenditures 2002,Expenditures 2003,Expenditures 2004,Expenditures 2005,Expenditures 2006,Expenditures 2007,Expenditures 2008,Expenditures 2009,Expenditures 2010,Expenditures 2011,Expenditures 2012,Expenditures 2013,Expenditures 2014,Expenditures 2015,Expenditures 2016,Expenditures 2017,Expenditures 2018,Expenditures 2019,Expenditures 2020,Expenditures 2021,Expenditures 2022,Expenditures 2023,Expenditures 2024,Expenditures 2025
General Fund,"The County's General Fund covers the main functions of County Government. Nearly every Elected Official or Department Heads' budget is included in this fund and nearly all major expenses, salaries and benefits are paid from it. A breakdown of the revenue for the General Fund can be found in the Fiscal Year Budget summary.",1,1,County Clerk,County Clerk,Salaries & Benefits,http://macoupincountyclerk.com,"The Macoupin Clerk's Office acts as Clerk of the County Board and as Election authority for Macoupin County; the office also handles birth and death records and marriage licenses, and maintains business and notary records in the Public Filings unit; the Tax Services department calculates tax rates and maintains records on delinquent parcels; the Clerk also handles the payroll of the County employees and accounts receivable and payable. The Clerk also serves as the Recorder of Deeds and the office in that role records all documents and records related to land/structure transactions on properties located in Macoupin County.",County Clerk,175685,185212,197064,204975,240806,265114,291110,296970,311852,323750,308723,313882,308900,285687,273559,257900,287608,310013,330276,264093,262751,272235,296480,308211,265102,270673,259903,308484,313850,326361,393233,175368,183826,197064,200995,235594,260646,290518,296970,311825,321326,308721,309560,297685,283806,273532,250863,287608,308432,330277,264090,262751,272232,296480,308211,270673,270673,259903,308484,313015,326361,393233
General Fund,"The County's General Fund covers the main functions of County Government. Nearly every Elected Official or Department Heads' budget is included in this fund and nearly all major expenses, salaries and benefits are paid from it. A breakdown of the revenue for the General Fund can be found in the Fiscal Year Budget summary.",1,1,County Clerk,County Clerk,Office Supplies,http://macoupincountyclerk.com,"The Macoupin Clerk's Office acts as Clerk of the County Board and as Election authority for Macoupin County; the office also handles birth and death records and marriage licenses, and maintains business and notary records in the Public Filings unit; the Tax Services department calculates tax rates and maintains records on delinquent parcels; the Clerk also handles the payroll of the County employees and accounts receivable and payable. The Clerk also serves as the Recorder of Deeds and the office in that role records all documents and records related to land/structure transactions on properties located in Macoupin County.",County Clerk,10954,4982,6186,7583,8000,8000,8000,7445,3225,4450,5770,6018,4900,5168,4697,3589,2272,1032,2580,2785,5862,2362,4441,845,9638,2688,3443,2683,4456,564,3927,10954,4982,4318,7583,5430,6194,2932,7445,3217,4449,5770,6018,4830,5168,4697,3444,2272,1032,2580,2782,5862,2362,4441,845,2688,2688,1540,2683,4456,564,3927
General Fund,"The County's General Fund covers the main functions of County Government. Nearly every Elected Official or Department Heads' budget is included in this fund and nearly all major expenses, salaries and benefits are paid from it. A breakdown of the revenue for the General Fund can be found in the Fiscal Year Budget summary.",1,1,County Clerk,County Clerk,Postage,http://macoupincountyclerk.com,"The Macoupin Clerk's Office acts as Clerk of the County Board and as Election authority for Macoupin County; the office also handles birth and death records and marriage licenses, and maintains business and notary records in the Public Filings unit; the Tax Services department calculates tax rates and maintains records on delinquent parcels; the Clerk also handles the payroll of the County employees and accounts receivable and payable. The Clerk also serves as the Recorder of Deeds and the office in that role records all documents and records related to land/structure transactions on properties located in Macoupin County.",County Clerk,11965,9000,11010,8850,10067,18124,11883,8340,4520,3800,3691,5000,6700,10000,170,1700,1176,1985,268,21,194,35,194,1137,1138,0,555,276,224,4027,16856,11965,8236,11010,8850,10067,18124,11883,6396,4520,3782,3668,4814,6632,10000,170,1676,1176,1676,268,21,194,35,194,1133,0,0,0,276,224,4007,16856
General Fund,"The County's General Fund covers the main functions of County Government. Nearly every Elected Official or Department Heads' budget is included in this fund and nearly all major expenses, salaries and benefits are paid from it. A breakdown of the revenue for the General Fund can be found in the Fiscal Year Budget summary.",1,1,County Clerk,County Clerk,Travel,http://macoupincountyclerk.com,"The Macoupin Clerk's Office acts as Clerk of the County Board and as Election authority for Macoupin County; the office also handles birth and death records and marriage licenses, and maintains business and notary records in the Public Filings unit; the Tax Services department calculates tax rates and maintains records on delinquent parcels; the Clerk also handles the payroll of the County employees and accounts receivable and payable. The Clerk also serves as the Recorder of Deeds and the office in that role records all documents and records related to land/structure transactions on properties located in Macoupin County.",County Clerk,578,699,2000,1125,1500,1500,1500,1500,1213,1550,1500,1400,1500,1802,517,500,265,289,40,305,325,349,325,265,265,590,530,590,590,758,1051,578,606,819,1125,702,1128,313,0,1213,1349,1484,1333,1494,1802,517,305,265,289,40,305,325,346,325,265,590,590,530,590,590,758,1051
General Fund,"The County's General Fund covers the main functions of County Government. Nearly every Elected Official or Department Heads' budget is included in this fund and nearly all major expenses, salaries and benefits are paid from it. A breakdown of the revenue for the General Fund can be found in the Fiscal Year Budget summary.",1,1,County Clerk,County Clerk,Telephone,http://macoupincountyclerk.com,"The Macoupin Clerk's Office acts as Clerk of the County Board and as Election authority for Macoupin County; the office also handles birth and death records and marriage licenses, and maintains business and notary records in the Public Filings unit; the Tax Services department calculates tax rates and maintains records on delinquent parcels; the Clerk also handles the payroll of the County employees and accounts receivable and payable. The Clerk also serves as the Recorder of Deeds and the office in that role records all documents and records related to land/structure transactions on properties located in Macoupin County.",County Clerk,2989,4008,4837,4500,5318,6224,6300,7072,4661,5600,7286,5950,5500,5448,4857,4650,6289,4719,3324,3708,5059,5130,6035,7354,495,0,495,0,0,0,0,2989,4008,4837,4349,5318,5852,5533,6165,4661,5552,7286,5822,5337,4723,4857,4616,6289,4616,3324,3708,5059,5130,6035,7354,0,0,495,0,0,0,0
General Fund,"The County's General Fund covers the main functions of County Government. Nearly every Elected Official or Department Heads' budget is included in this fund and nearly all major expenses, salaries and benefits are paid from it. A breakdown of the revenue for the General Fund can be found in the Fiscal Year Budget summary.",1,1,County Clerk,County Clerk,Insurance,http://macoupincountyclerk.com,"The Macoupin Clerk's Office acts as Clerk of the County Board and as Election authority for Macoupin County; the office also handles birth and death records and marriage licenses, and maintains business and notary records in the Public Filings unit; the Tax Services department calculates tax rates and maintains records on delinquent parcels; the Clerk also handles the payroll of the County employees and accounts receivable and payable. The Clerk also serves as the Recorder of Deeds and the office in that role records all documents and records related to land/structure transactions on properties located in Macoupin County.",County Clerk,413,86,54,500,500,500,500,500,362,200,226,200,800,218,30,100,22,0,20,0,22,0,50,105,105,0,292,73,105,10,29,413,86,54,0,369,50,21,40,362,16,226,114,795,0,30,0,22,0,20,10,22,0,50,105,0,0,292,63,80,0,29
General Fund,"The County's General Fund covers the main functions of County Government. Nearly every Elected Official or Department Heads' budget is included in this fund and nearly all major expenses, salaries and benefits are paid from it. A breakdown of the revenue for the General Fund can be found in the Fiscal Year Budget summary.",1,1,County Clerk,County Clerk,Miscellaneous,http://macoupincountyclerk.com,"The Macoupin Clerk's Office acts as Clerk of the County Board and as Election authority for Macoupin County; the office also handles birth and death records and marriage licenses, and maintains business and notary records in the Public Filings unit; the Tax Services department calculates tax rates and maintains records on delinquent parcels; the Clerk also handles the payroll of the County employees and accounts receivable and payable. The Clerk also serves as the Recorder of Deeds and the office in that role records all documents and records related to land/structure transactions on properties located in Macoupin County.",County Clerk,2921,6169,4722,5170,1421,1360,5000,5000,2194,5640,2504,2450,6020,15766,4159,650,2218,0,63,3046,2272,790,4142,427,430,6434,1968,6634,5304,17,1588,2889,6140,2031,5170,1421,558,1048,657,2194,5578,2440,2407,5994,15270,4159,962,3453,0,63,3046,2272,790,4142,427,6434,6434,1598,6559,5103,0,1588
General Fund,"The County's General Fund covers the main functions of County Government. Nearly every Elected Official or Department Heads' budget is included in this fund and nearly all major expenses, salaries and benefits are paid from it. A breakdown of the revenue for the General Fund can be found in the Fiscal Year Budget summary.",1,1,County Clerk,County Clerk,Equipment ,http://macoupincountyclerk.com,"The Macoupin Clerk's Office acts as Clerk of the County Board and as Election authority for Macoupin County; the office also handles birth and death records and marriage licenses, and maintains business and notary records in the Public Filings unit; the Tax Services department calculates tax rates and maintains records on delinquent parcels; the Clerk also handles the payroll of the County employees and accounts receivable and payable. The Clerk also serves as the Recorder of Deeds and the office in that role records all documents and records related to land/structure transactions on properties located in Macoupin County.",County Clerk,18,1490,1000,3091,1539,5000,5000,10000,0,5010,20297,15100,3280,6760,3157,3500,1176,1553,5885,2431,1894,4569,1210,4101,7674,22577,9264,1762,7823,7065,8075,18,1490,981,0,234,0,0,1212,0,4955,20298,14723,2396,6419,3157,3463,1176,1553,5885,2431,1894,4569,1210,4101,22577,22577,9264,1538,7823,7065,8075
General Fund,"The County's General Fund covers the main functions of County Government. Nearly every Elected Official or Department Heads' budget is included in this fund and nearly all major expenses, salaries and benefits are paid from it. A breakdown of the revenue for the General Fund can be found in the Fiscal Year Budget summary.",1,1,County Clerk,County Clerk,System Updates and Programming,http://macoupincountyclerk.com,"The Macoupin Clerk's Office acts as Clerk of the County Board and as Election authority for Macoupin County; the office also handles birth and death records and marriage licenses, and maintains business and notary records in the Public Filings unit; the Tax Services department calculates tax rates and maintains records on delinquent parcels; the Clerk also handles the payroll of the County employees and accounts receivable and payable. The Clerk also serves as the Recorder of Deeds and the office in that role records all documents and records related to land/structure transactions on properties located in Macoupin County.",County Clerk,10796,9902,5807,10180,14655,2516,7117,0,0,0,0,0,0,0,0,4000,3988,5648,6099,19361,23674,13241,33720,1055,22217,11878,15689,29700,27581,32785,29791,10796,9902,4960,10180,14655,222,162,0,0,0,0,0,0,0,0,3634,3988,5648,6099,19361,23674,13241,33720,1055,11878,11878,15689,29700,27581,32775,29791
General Fund,"The County's General Fund covers the main functions of County Government. Nearly every Elected Official or Department Heads' budget is included in this fund and nearly all major expenses, salaries and benefits are paid from it. A breakdown of the revenue for the General Fund can be found in the Fiscal Year Budget summary.",1,1,County Clerk,County Clerk,Office Machine Rent,http://macoupincountyclerk.com,"The Macoupin Clerk's Office acts as Clerk of the County Board and as Election authority for Macoupin County; the office also handles birth and death records and marriage licenses, and maintains business and notary records in the Public Filings unit; the Tax Services department calculates tax rates and maintains records on delinquent parcels; the Clerk also handles the payroll of the County employees and accounts receivable and payable. The Clerk also serves as the Recorder of Deeds and the office in that role records all documents and records related to land/structure transactions on properties located in Macoupin County.",County Clerk,0,0,0,0,0,0,0,0,0,0,0,0,0,0,0,0,0,0,0,0,959,1920,1452,1500,2377,1070,19,1325,1325,1325,1325,0,0,0,0,0,0,0,0,0,0,0,0,0,0,0,0,0,0,0,0,959,1920,1452,1500,1070,1070,0,1325,1325,1325,1325
General Fund,"The County's General Fund covers the main functions of County Government. Nearly every Elected Official or Department Heads' budget is included in this fund and nearly all major expenses, salaries and benefits are paid from it. A breakdown of the revenue for the General Fund can be found in the Fiscal Year Budget summary.",1,1,County Clerk,County Clerk,"Books, Transcripts, & Periodicals",http://macoupincountyclerk.com,"The Macoupin Clerk's Office acts as Clerk of the County Board and as Election authority for Macoupin County; the office also handles birth and death records and marriage licenses, and maintains business and notary records in the Public Filings unit; the Tax Services department calculates tax rates and maintains records on delinquent parcels; the Clerk also handles the payroll of the County employees and accounts receivable and payable. The Clerk also serves as the Recorder of Deeds and the office in that role records all documents and records related to land/structure transactions on properties located in Macoupin County.",County Clerk,0,0,0,0,0,0,0,0,0,0,0,0,0,0,0,0,0,0,0,0,4988,9370,7812,0,0,0,0,0,0,0,455875,0,0,0,0,0,0,0,0,0,0,0,0,0,0,0,0,0,0,0,1240,4988,9370,7812,0,0,0,0,0,0,0,455875
General Fund,"The County's General Fund covers the main functions of County Government. Nearly every Elected Official or Department Heads' budget is included in this fund and nearly all major expenses, salaries and benefits are paid from it. A breakdown of the revenue for the General Fund can be found in the Fiscal Year Budget summary.",1,2,County Treasurer,County Treasurer,Salaries & Benefits,http://macoupincountyil.gov/treasurer.htm,"The Macoupin County Treasurer's Office has the primary goals of mailing, collecting, investing, and distributing all real estate taxes for the county of cook. The Treasurer's Office prints and mails the real estate tax bills to the taxpayers of record.",County Treasurer,107715,121215,129015,130664,144364,151219,155080,155735,157704,169910,174175,182525,161942,155873,142426,144284,162294,169105,162964,143605,145790,134994,134917,137050,141171,120143,121160,146193,131542,132960,133460,107501,118039,124596,127114,139176,144949,152297,147973,157694,169544,172436,180520,161942,155873,142426,144284,162294,169105,162965,143605,145790,134994,134917,137050,120143,120043,121151,146193,131542,131298,129647
General Fund,"The County's General Fund covers the main functions of County Government. Nearly every Elected Official or Department Heads' budget is included in this fund and nearly all major expenses, salaries and benefits are paid from it. A breakdown of the revenue for the General Fund can be found in the Fiscal Year Budget summary.",1,2,County Treasurer,County Treasurer,Office Supplies,http://macoupincountyil.gov/treasurer.htm,"The Macoupin County Treasurer's Office has the primary goals of mailing, collecting, investing, and distributing all real estate taxes for the county of cook. The Treasurer's Office prints and mails the real estate tax bills to the taxpayers of record.",County Treasurer,2600,2000,2000,1500,2000,2000,2000,1600,1600,1600,1600,2100,2100,1163,1083,296,1432,349,1467,1095,2921,4667,2019,410,1098,1000,4122,908,2181,1550,1159,2402,1789,1414,1089,1832,1871,1707,1430,1432,1427,1232,1894,2095,1163,1056,296,1432,349,1467,1095,2921,467,2019,410,1000,678,4122,908,2181,1282,1159
General Fund,"The County's General Fund covers the main functions of County Government. Nearly every Elected Official or Department Heads' budget is included in this fund and nearly all major expenses, salaries and benefits are paid from it. A breakdown of the revenue for the General Fund can be found in the Fiscal Year Budget summary.",1,2,County Treasurer,County Treasurer,Postage,http://macoupincountyil.gov/treasurer.htm,"The Macoupin County Treasurer's Office has the primary goals of mailing, collecting, investing, and distributing all real estate taxes for the county of cook. The Treasurer's Office prints and mails the real estate tax bills to the taxpayers of record.",County Treasurer,13862,14200,8500,10000,8500,8500,9200,10000,11500,14350,14450,13250,14850,17401,11776,4317,3320,320,3490,981,0,8929,356,4772,1150,22280,735,452,4440,5000,5000,13797,14184,8376,9864,8321,8090,8983,9953,11480,14327,14420,13232,14850,17401,11776,4317,3320,320,3490,981,0,8922,356,4772,22280,10565,735,452,476,4507,4968
General Fund,"The County's General Fund covers the main functions of County Government. Nearly every Elected Official or Department Heads' budget is included in this fund and nearly all major expenses, salaries and benefits are paid from it. A breakdown of the revenue for the General Fund can be found in the Fiscal Year Budget summary.",1,2,County Treasurer,County Treasurer,Travel,http://macoupincountyil.gov/treasurer.htm,"The Macoupin County Treasurer's Office has the primary goals of mailing, collecting, investing, and distributing all real estate taxes for the county of cook. The Treasurer's Office prints and mails the real estate tax bills to the taxpayers of record.",County Treasurer,1648,1135,1135,1135,1135,1385,1385,1085,1050,750,750,1050,699,899,802,374,0,0,0,57,90,59,200,200,200,200,300,205,200,200,200,1445,668,1075,809,1129,771,1166,826,776,659,658,878,699,899,802,374,0,0,0,57,90,59,200,200,200,200,200,205,200,200,200
General Fund,"The County's General Fund covers the main functions of County Government. Nearly every Elected Official or Department Heads' budget is included in this fund and nearly all major expenses, salaries and benefits are paid from it. A breakdown of the revenue for the General Fund can be found in the Fiscal Year Budget summary.",1,2,County Treasurer,County Treasurer,Publishing,http://macoupincountyil.gov/treasurer.htm,"The Macoupin County Treasurer's Office has the primary goals of mailing, collecting, investing, and distributing all real estate taxes for the county of cook. The Treasurer's Office prints and mails the real estate tax bills to the taxpayers of record.",County Treasurer,2800,3000,2800,2800,3300,3300,3300,3900,3600,1800,2700,2600,2522,3721,1000,0,0,0,0,0,0,0,0,0,0,0,61,0,549,0,0,2787,2923,1747,2770,2623,2445,2745,3839,3535,1732,2602,2586,2522,3721,1000,0,0,0,0,0,0,0,0,0,0,0,61,0,549,0,0
General Fund,"The County's General Fund covers the main functions of County Government. Nearly every Elected Official or Department Heads' budget is included in this fund and nearly all major expenses, salaries and benefits are paid from it. A breakdown of the revenue for the General Fund can be found in the Fiscal Year Budget summary.",1,2,County Treasurer,County Treasurer,Telephone,http://macoupincountyil.gov/treasurer.htm,"The Macoupin County Treasurer's Office has the primary goals of mailing, collecting, investing, and distributing all real estate taxes for the county of cook. The Treasurer's Office prints and mails the real estate tax bills to the taxpayers of record.",County Treasurer,1300,1550,1750,1250,1500,1250,1250,1250,1053,1200,1200,1400,1169,1200,1200,1219,1191,1187,1185,1384,1732,1406,1410,1408,0,0,0,0,887,0,0,1128,875,790,926,851,891,879,1056,762,1029,1113,1153,1169,1174,1182,1219,1191,1187,1185,1372,1732,1406,1383,1408,0,0,0,0,887,0,0
General Fund,"The County's General Fund covers the main functions of County Government. Nearly every Elected Official or Department Heads' budget is included in this fund and nearly all major expenses, salaries and benefits are paid from it. A breakdown of the revenue for the General Fund can be found in the Fiscal Year Budget summary.",1,2,County Treasurer,County Treasurer,Equipment Repairs,http://macoupincountyil.gov/treasurer.htm,"The Macoupin County Treasurer's Office has the primary goals of mailing, collecting, investing, and distributing all real estate taxes for the county of cook. The Treasurer's Office prints and mails the real estate tax bills to the taxpayers of record.",County Treasurer,1400,10000,2000,2000,1500,1500,1500,1400,1100,1300,1100,800,1487,1081,1131,1100,1295,1507,1515,1885,1631,945,997,58,0,791,7393,4227,3338,700,689,1211,628,1048,630,1206,703,1179,988,941,1106,961,693,1487,992,1131,1100,1295,1507,1515,1885,1556,945,997,58,791,791,7393,4227,3338,557,689
General Fund,"The County's General Fund covers the main functions of County Government. Nearly every Elected Official or Department Heads' budget is included in this fund and nearly all major expenses, salaries and benefits are paid from it. A breakdown of the revenue for the General Fund can be found in the Fiscal Year Budget summary.",1,2,County Treasurer,County Treasurer,Insurance,http://macoupincountyil.gov/treasurer.htm,"The Macoupin County Treasurer's Office has the primary goals of mailing, collecting, investing, and distributing all real estate taxes for the county of cook. The Treasurer's Office prints and mails the real estate tax bills to the taxpayers of record.",County Treasurer,900,900,900,900,1150,1150,1150,1150,1150,950,900,1150,1057,942,942,781,2,530,0,0,2,0,0,0,2,0,2,0,2,0,0,857,857,857,857,880,880,880,880,882,880,880,994,1057,942,46,781,2,530,0,0,2,0,0,0,0,0,2,0,2,0,0
General Fund,"The County's General Fund covers the main functions of County Government. Nearly every Elected Official or Department Heads' budget is included in this fund and nearly all major expenses, salaries and benefits are paid from it. A breakdown of the revenue for the General Fund can be found in the Fiscal Year Budget summary.",1,2,County Treasurer,County Treasurer,Education & Training,http://macoupincountyil.gov/treasurer.htm,"The Macoupin County Treasurer's Office has the primary goals of mailing, collecting, investing, and distributing all real estate taxes for the county of cook. The Treasurer's Office prints and mails the real estate tax bills to the taxpayers of record.",County Treasurer,200,200,700,200,700,700,0,0,250,50,0,250,0,0,0,15,200,0,0,160,1595,0,0,0,0,0,0,0,0,0,0,0,0,0,0,60,0,0,0,0,0,0,0,0,0,0,15,200,0,0,160,1595,0,0,0,0,0,0,0,0,0,0
General Fund,"The County's General Fund covers the main functions of County Government. Nearly every Elected Official or Department Heads' budget is included in this fund and nearly all major expenses, salaries and benefits are paid from it. A breakdown of the revenue for the General Fund can be found in the Fiscal Year Budget summary.",1,2,County Treasurer,County Treasurer,Miscellaneous,http://macoupincountyil.gov/treasurer.htm,"The Macoupin County Treasurer's Office has the primary goals of mailing, collecting, investing, and distributing all real estate taxes for the county of cook. The Treasurer's Office prints and mails the real estate tax bills to the taxpayers of record.",County Treasurer,200,400,600,600,600,600,600,700,600,500,600,600,488,0,46,0,0,200,331,233,228,200,3144,0,0,0,0,166,3160,2248,0,20,295,345,345,345,410,410,395,306,321,345,345,488,0,942,0,0,200,331,233,228,200,3144,0,0,0,0,9924,3336,2248,0
General Fund,"The County's General Fund covers the main functions of County Government. Nearly every Elected Official or Department Heads' budget is included in this fund and nearly all major expenses, salaries and benefits are paid from it. A breakdown of the revenue for the General Fund can be found in the Fiscal Year Budget summary.",1,2,County Treasurer,County Treasurer,Equipment,http://macoupincountyil.gov/treasurer.htm,"The Macoupin County Treasurer's Office has the primary goals of mailing, collecting, investing, and distributing all real estate taxes for the county of cook. The Treasurer's Office prints and mails the real estate tax bills to the taxpayers of record.",County Treasurer,5000,0,1500,1500,1500,1500,1500,800,500,300,0,500,486,0,0,0,0,0,2245,0,0,0,282,0,1427,1784,0,0,0,0,0,4913,0,529,1151,422,1086,1340,706,0,140,0,330,472,0,0,0,0,0,2245,0,0,0,282,0,1784,1784,0,0,0,0,0
General Fund,"The County's General Fund covers the main functions of County Government. Nearly every Elected Official or Department Heads' budget is included in this fund and nearly all major expenses, salaries and benefits are paid from it. A breakdown of the revenue for the General Fund can be found in the Fiscal Year Budget summary.",1,2,County Treasurer,County Treasurer,Office Machine Rent,http://macoupincountyil.gov/treasurer.htm,"The Macoupin County Treasurer's Office has the primary goals of mailing, collecting, investing, and distributing all real estate taxes for the county of cook. The Treasurer's Office prints and mails the real estate tax bills to the taxpayers of record.",County Treasurer,0,0,0,0,0,0,0,0,0,0,0,0,0,0,0,0,0,0,0,0,0,0,0,1427,0,0,1110,1325,1784,1800,1703,0,0,0,0,0,0,0,0,0,0,0,0,0,0,0,0,0,0,0,0,0,0,0,1427,0,0,1070,1325,1325,1325,1325
General Fund,"The County's General Fund covers the main functions of County Government. Nearly every Elected Official or Department Heads' budget is included in this fund and nearly all major expenses, salaries and benefits are paid from it. A breakdown of the revenue for the General Fund can be found in the Fiscal Year Budget summary.",1,3,Coroner's Expenses,Coroner's Expenses,Salaries & Benefits,http://macoupincountyil.gov/coroner.htm,"The line item funds the operation of the Coroner's office. The Macoupin County Coroner serves as the investigative arm of Macoupin County government concerning deaths of an unexpected, violent or criminal nature.",Coroner,20160,20160,25000,25000,25000,26200,37900,41400,41400,41400,42277,43474,44706,45975,47261,50145,46926,46930,46930,46895,46895,46995,50187,54034,51284,54285,45071,47735,45436,46781,59400,20160,20160,23790,25000,25000,26200,37900,41400,41400,41400,42278,43474,44706,45975,40808,46295,46901,46926,46930,46895,46895,46995,50187,51384,54285,51484,45071,43900,44818,46700,49927
General Fund,"The County's General Fund covers the main functions of County Government. Nearly every Elected Official or Department Heads' budget is included in this fund and nearly all major expenses, salaries and benefits are paid from it. A breakdown of the revenue for the General Fund can be found in the Fiscal Year Budget summary.",1,3,Coroner's Expenses,Coroner's Expenses,Office Supplies,http://macoupincountyil.gov/coroner.htm,"The line item funds the operation of the Coroner's office. The Macoupin County Coroner serves as the investigative arm of Macoupin County government concerning deaths of an unexpected, violent or criminal nature.",Coroner,754,1535,522,374,902,1852,1454,1407,637,1078,409,873,724,1057,408,4085,4672,2500,2172,2032,2000,987,1062,750,750,1017,1000,1000,714,325,94,754,332,311,374,871,1852,1454,1393,622,1078,409,873,724,1057,408,4031,4672,811,2172,2032,1552,987,1062,741,1017,1017,346,105,0,325,0
General Fund,"The County's General Fund covers the main functions of County Government. Nearly every Elected Official or Department Heads' budget is included in this fund and nearly all major expenses, salaries and benefits are paid from it. A breakdown of the revenue for the General Fund can be found in the Fiscal Year Budget summary.",1,3,Coroner's Expenses,Coroner's Expenses,Postage,http://macoupincountyil.gov/coroner.htm,"The line item funds the operation of the Coroner's office. The Macoupin County Coroner serves as the investigative arm of Macoupin County government concerning deaths of an unexpected, violent or criminal nature.",Coroner,0,0,0,0,0,0,0,0,0,0,0,0,0,0,0,100,100,908,100,22,100,66,75,479,75,75,150,150,100,37,120,0,0,0,0,0,0,0,0,0,0,0,0,0,0,0,0,63,908,100,20,55,66,16,479,75,13,0,0,0,37,120
General Fund,"The County's General Fund covers the main functions of County Government. Nearly every Elected Official or Department Heads' budget is included in this fund and nearly all major expenses, salaries and benefits are paid from it. A breakdown of the revenue for the General Fund can be found in the Fiscal Year Budget summary.",1,3,Coroner's Expenses,Coroner's Expenses,Medical Exams,http://macoupincountyil.gov/coroner.htm,"The line item funds the operation of the Coroner's office. The Macoupin County Coroner serves as the investigative arm of Macoupin County government concerning deaths of an unexpected, violent or criminal nature.",Coroner,17559,10250,12403,13028,15743,20356,22150,23334,21762,24873,22737,22192,34617,21127,28367,18030,17462,20588,21296,26979,23267,25511,36917,30777,33800,29097,30000,26962,29300,49472,43827,17595,10059,12403,13028,15743,20356,22124,23334,21512,24873,22738,22192,34616,21127,28368,9277,12407,13065,21296,26979,23267,25511,33638,16819,29097,27376,27701,20289,25715,49467,42455
General Fund,"The County's General Fund covers the main functions of County Government. Nearly every Elected Official or Department Heads' budget is included in this fund and nearly all major expenses, salaries and benefits are paid from it. A breakdown of the revenue for the General Fund can be found in the Fiscal Year Budget summary.",1,3,Coroner's Expenses,Coroner's Expenses,Deputy Coroner Fees,http://macoupincountyil.gov/coroner.htm,"The line item funds the operation of the Coroner's office. The Macoupin County Coroner serves as the investigative arm of Macoupin County government concerning deaths of an unexpected, violent or criminal nature.",Coroner,870,1000,1500,1500,1500,1500,931,661,521,450,400,550,600,300,400,1000,1000,800,800,391,100,400,800,1200,1400,1400,2150,2150,1650,300,650,870,840,805,1072,1180,1250,388,661,521,450,400,550,600,300,400,200,100,300,800,300,100,400,350,250,1400,650,200,500,200,300,200
General Fund,"The County's General Fund covers the main functions of County Government. Nearly every Elected Official or Department Heads' budget is included in this fund and nearly all major expenses, salaries and benefits are paid from it. A breakdown of the revenue for the General Fund can be found in the Fiscal Year Budget summary.",1,3,Coroner's Expenses,Coroner's Expenses,Special Fund for Extra Service,http://macoupincountyil.gov/coroner.htm,"The line item funds the operation of the Coroner's office. The Macoupin County Coroner serves as the investigative arm of Macoupin County government concerning deaths of an unexpected, violent or criminal nature.",Coroner,0,0,0,0,0,0,0,0,0,0,0,10000,10000,0,0,0,0,0,0,0,0,0,0,0,0,0,0,0,0,0,0,0,0,0,0,0,0,0,0,0,0,0,10000,10000,0,0,0,0,0,0,0,0,0,0,0,0,0,0,0,0,0,0
General Fund,"The County's General Fund covers the main functions of County Government. Nearly every Elected Official or Department Heads' budget is included in this fund and nearly all major expenses, salaries and benefits are paid from it. A breakdown of the revenue for the General Fund can be found in the Fiscal Year Budget summary.",1,3,Coroner's Expenses,Coroner's Expenses,Telephone,http://macoupincountyil.gov/coroner.htm,"The line item funds the operation of the Coroner's office. The Macoupin County Coroner serves as the investigative arm of Macoupin County government concerning deaths of an unexpected, violent or criminal nature.",Coroner,1132,1323,1500,1500,1803,2271,1965,2132,2402,2864,3268,2206,2248,2396,2515,1600,1875,1800,1939,1664,1750,1664,1801,0,0,0,0,75,0,0,0,1132,1323,1187,1347,1803,2271,1947,2132,2313,2864,825,2206,2248,2396,2443,1460,1875,1346,1939,1664,1698,1664,1527,0,0,0,0,75,0,0,0
General Fund,"The County's General Fund covers the main functions of County Government. Nearly every Elected Official or Department Heads' budget is included in this fund and nearly all major expenses, salaries and benefits are paid from it. A breakdown of the revenue for the General Fund can be found in the Fiscal Year Budget summary.",1,3,Coroner's Expenses,Coroner's Expenses,Insurance,http://macoupincountyil.gov/coroner.htm,"The line item funds the operation of the Coroner's office. The Macoupin County Coroner serves as the investigative arm of Macoupin County government concerning deaths of an unexpected, violent or criminal nature.",Coroner,0,50,170,50,150,50,172,50,0,0,269,0,15,0,269,100,5,10,10,0,10,0,10,10,10,10,10,10,10,0,10,0,0,170,0,151,0,172,0,0,0,3269,0,0,0,269,2,2,0,10,0,0,0,2,0,0,0,2,0,0,0,2
General Fund,"The County's General Fund covers the main functions of County Government. Nearly every Elected Official or Department Heads' budget is included in this fund and nearly all major expenses, salaries and benefits are paid from it. A breakdown of the revenue for the General Fund can be found in the Fiscal Year Budget summary.",1,3,Coroner's Expenses,Coroner's Expenses,Education & Training,http://macoupincountyil.gov/coroner.htm,"The line item funds the operation of the Coroner's office. The Macoupin County Coroner serves as the investigative arm of Macoupin County government concerning deaths of an unexpected, violent or criminal nature.",Coroner,90,677,1000,1000,1406,1149,1183,1000,600,845,830,875,925,4153,4453,5525,6500,6700,6889,5640,50,6477,7168,7300,7100,7300,7500,7500,7500,5501,7000,90,75,410,95,1406,1149,1183,770,600,845,269,875,925,4153,4365,4357,5304,4596,6889,5640,50,6477,7168,3968,7300,6527,4607,4991,5855,5501,5118
General Fund,"The County's General Fund covers the main functions of County Government. Nearly every Elected Official or Department Heads' budget is included in this fund and nearly all major expenses, salaries and benefits are paid from it. A breakdown of the revenue for the General Fund can be found in the Fiscal Year Budget summary.",1,3,Coroner's Expenses,Coroner's Expenses,Transportation Fees,http://macoupincountyil.gov/coroner.htm,"The line item funds the operation of the Coroner's office. The Macoupin County Coroner serves as the investigative arm of Macoupin County government concerning deaths of an unexpected, violent or criminal nature.",Coroner,0,0,0,0,0,0,0,0,0,0,0,0,0,2014,2000,2000,2000,2000,2000,2100,1500,1700,2300,2000,2000,2000,2000,2100,2300,2700,3100,0,0,0,0,0,0,0,0,0,0,0,0,0,2000,1800,700,1200,1200,2000,2100,1500,1700,2300,1400,2000,1900,1200,2100,2300,2700,3100
General Fund,"The County's General Fund covers the main functions of County Government. Nearly every Elected Official or Department Heads' budget is included in this fund and nearly all major expenses, salaries and benefits are paid from it. A breakdown of the revenue for the General Fund can be found in the Fiscal Year Budget summary.",1,3,Coroner's Expenses,Coroner's Expenses,Office Rent,http://macoupincountyil.gov/coroner.htm,"The line item funds the operation of the Coroner's office. The Macoupin County Coroner serves as the investigative arm of Macoupin County government concerning deaths of an unexpected, violent or criminal nature.",Coroner,0,0,0,0,0,0,0,0,0,0,0,0,0,2200,2400,1200,1300,1200,1300,1200,1200,1200,1200,2200,2400,2400,2200,2400,2400,2630,2400,0,0,0,0,0,0,0,0,0,0,0,0,0,2200,2400,1100,1300,1100,1300,1200,1200,1200,1200,1971,2400,2073,2078,2294,2184,2630,2196
General Fund,"The County's General Fund covers the main functions of County Government. Nearly every Elected Official or Department Heads' budget is included in this fund and nearly all major expenses, salaries and benefits are paid from it. A breakdown of the revenue for the General Fund can be found in the Fiscal Year Budget summary.",1,3,Coroner's Expenses,Coroner's Expenses,Coroner's Jurors Fees,http://macoupincountyil.gov/coroner.htm,"The line item funds the operation of the Coroner's office. The Macoupin County Coroner serves as the investigative arm of Macoupin County government concerning deaths of an unexpected, violent or criminal nature.",Coroner,630,1200,1200,843,581,1107,730,1500,1199,990,807,830,665,158,281,150,418,500,500,78,28,0,300,0,0,0,0,0,0,0,0,630,417,602,790,581,577,630,360,1199,900,807,830,665,158,281,138,135,0,500,0,0,0,0,0,0,0,0,0,0,0,0
General Fund,"The County's General Fund covers the main functions of County Government. Nearly every Elected Official or Department Heads' budget is included in this fund and nearly all major expenses, salaries and benefits are paid from it. A breakdown of the revenue for the General Fund can be found in the Fiscal Year Budget summary.",1,4,Burial of Soldiers,Burial of Soldiers,Miscellaneous,,"This line item helped cover the costs associated to the County regarding the burial of soldiers. Beginning in 2008, those expenses where covered in the County Adminstration line item.",County Board Office,0,1000,1000,1000,1000,1000,1000,1000,955,100,1827,100,100,0,0,0,0,0,0,0,0,0,0,70,0,0,0,0,0,0,600,0,0,0,0,0,0,0,0,0,0,1827,0,0,0,0,0,0,0,0,0,0,0,0,70,0,0,0,0,0,0,600
General Fund,"The County's General Fund covers the main functions of County Government. Nearly every Elected Official or Department Heads' budget is included in this fund and nearly all major expenses, salaries and benefits are paid from it. A breakdown of the revenue for the General Fund can be found in the Fiscal Year Budget summary.",1,5,County Board,County Board,Salaries & Benefits,http://macoupincountyil.gov/board.htm,"The line item funds the operation of the county board, which includes costs of per diem for full board meetings, committee meetings, and cost of mileage.",County Board Office,58974,60048,71008,72531,73880,63201,75406,77408,110538,134718,133199,129454,129501,131849,83200,86300,86450,83802,64949,57917,58836,54388,55053,52212,55528,56003,53628,65939,75411,52440,61127,57755,57380,65155,70823,73813,60933,73038,77408,110538,128488,133200,129452,129501,131849,82700,86270,86450,80950,61823,57627,57941,53390,55053,51253,56003,56003,53628,63658,75411,51490,52678
General Fund,"The County's General Fund covers the main functions of County Government. Nearly every Elected Official or Department Heads' budget is included in this fund and nearly all major expenses, salaries and benefits are paid from it. A breakdown of the revenue for the General Fund can be found in the Fiscal Year Budget summary.",1,5,County Board,County Board,Office Supplies,http://macoupincountyil.gov/board.htm,"The line item funds the operation of the county board, which includes costs of per diem for full board meetings, committee meetings, and cost of mileage.",County Board Office,1150,750,1282,856,1052,2100,2450,3676,2350,1707,1182,1460,1852,526,0,0,0,0,0,0,0,0,0,0,0,0,0,0,0,0,0,1045,605,1124,620,1052,1682,2302,3665,1595,1689,1160,1460,1733,526,0,0,0,0,0,0,0,0,0,0,0,0,0,0,0,0,0
General Fund,"The County's General Fund covers the main functions of County Government. Nearly every Elected Official or Department Heads' budget is included in this fund and nearly all major expenses, salaries and benefits are paid from it. A breakdown of the revenue for the General Fund can be found in the Fiscal Year Budget summary.",1,5,County Board,County Board,Postage,http://macoupincountyil.gov/board.htm,"The line item funds the operation of the county board, which includes costs of per diem for full board meetings, committee meetings, and cost of mileage.",County Board Office,400,704,800,904,435,1200,750,776,1000,1293,660,922,1300,830,0,0,0,0,0,0,0,0,0,0,0,0,0,0,0,0,0,372,704,800,533,435,792,750,776,845,1293,660,922,1195,741,0,0,0,0,0,0,0,0,0,0,0,0,0,0,0,0,0
General Fund,"The County's General Fund covers the main functions of County Government. Nearly every Elected Official or Department Heads' budget is included in this fund and nearly all major expenses, salaries and benefits are paid from it. A breakdown of the revenue for the General Fund can be found in the Fiscal Year Budget summary.",1,5,County Board,County Board,Committee Meetings & Mileage,http://macoupincountyil.gov/board.htm,"The line item funds the operation of the county board, which includes costs of per diem for full board meetings, committee meetings, and cost of mileage.",County Board Office,0,0,0,0,0,0,0,0,0,0,0,0,0,0,35300,26275,27935,28735,22706,24283,28792,24812,28788,34788,36318,34689,38212,25901,16429,39400,30713,0,0,0,0,0,0,0,0,0,0,0,0,0,0,28456,25546,27270,28735,22706,24284,28792,24812,28748,30537,34689,24080,31550,18357,11455,28621,30713
General Fund,"The County's General Fund covers the main functions of County Government. Nearly every Elected Official or Department Heads' budget is included in this fund and nearly all major expenses, salaries and benefits are paid from it. A breakdown of the revenue for the General Fund can be found in the Fiscal Year Budget summary.",1,5,County Board,County Board,Travel,http://macoupincountyil.gov/board.htm,"The line item funds the operation of the county board, which includes costs of per diem for full board meetings, committee meetings, and cost of mileage.",County Board Office,10450,10196,9950,10090,13310,11942,11642,10653,10942,10742,10800,10224,10797,11703,0,0,0,39,0,0,0,0,0,0,0,0,0,0,0,0,0,10255,9044,7543,7334,12128,9163,8275,10653,10514,9543,10801,10224,10797,11703,0,0,0,39,0,0,0,0,0,0,0,0,0,0,0,0,0
General Fund,"The County's General Fund covers the main functions of County Government. Nearly every Elected Official or Department Heads' budget is included in this fund and nearly all major expenses, salaries and benefits are paid from it. A breakdown of the revenue for the General Fund can be found in the Fiscal Year Budget summary.",1,5,County Board,County Board,Printing,http://macoupincountyil.gov/board.htm,"The line item funds the operation of the county board, which includes costs of per diem for full board meetings, committee meetings, and cost of mileage.",County Board Office,260,460,278,1720,1111,365,765,1054,900,1100,876,1032,1039,503,0,0,0,0,0,0,0,0,0,0,0,0,0,0,0,0,0,258,435,277,1720,1111,299,574,1054,695,1033,804,1032,938,503,0,0,0,0,0,0,0,0,0,0,0,0,0,0,0,0,0
General Fund,"The County's General Fund covers the main functions of County Government. Nearly every Elected Official or Department Heads' budget is included in this fund and nearly all major expenses, salaries and benefits are paid from it. A breakdown of the revenue for the General Fund can be found in the Fiscal Year Budget summary.",1,5,County Board,County Board,Prescription Discounts,http://macoupincountyil.gov/board.htm,"The line item funds the operation of the county board, which includes costs of per diem for full board meetings, committee meetings, and cost of mileage.",County Board Office,0,0,0,0,0,0,0,0,1500,1500,185,27,11,0,0,0,0,0,0,0,0,0,0,0,0,0,0,0,0,0,0,0,0,0,0,0,0,0,0,1003,312,150,27,11,0,0,0,0,0,0,0,0,0,0,0,0,0,0,0,0,0,0
General Fund,"The County's General Fund covers the main functions of County Government. Nearly every Elected Official or Department Heads' budget is included in this fund and nearly all major expenses, salaries and benefits are paid from it. A breakdown of the revenue for the General Fund can be found in the Fiscal Year Budget summary.",1,5,County Board,County Board,Equipment Repair,http://macoupincountyil.gov/board.htm,"The line item funds the operation of the county board, which includes costs of per diem for full board meetings, committee meetings, and cost of mileage.",County Board Office,0,0,0,0,0,0,0,0,3878,2500,552,323,1200,2071,0,0,0,0,0,0,0,0,0,0,0,0,0,0,0,0,0,0,0,0,0,0,0,0,0,2972,2047,532,323,1076,2071,0,0,0,0,0,0,0,0,0,0,0,0,0,0,0,0,0
General Fund,"The County's General Fund covers the main functions of County Government. Nearly every Elected Official or Department Heads' budget is included in this fund and nearly all major expenses, salaries and benefits are paid from it. A breakdown of the revenue for the General Fund can be found in the Fiscal Year Budget summary.",1,5,County Board,County Board,Miscellaneous,http://macoupincountyil.gov/board.htm,"The line item funds the operation of the county board, which includes costs of per diem for full board meetings, committee meetings, and cost of mileage.",County Board Office,0,0,0,0,0,0,0,0,0,0,370,0,0,0,0,0,0,0,0,0,372,800,1159,0,0,0,0,0,0,0,0,0,0,0,0,0,0,0,0,0,0,370,0,0,0,0,0,0,0,0,0,0,800,112,0,0,0,0,0,0,0,0
General Fund,"The County's General Fund covers the main functions of County Government. Nearly every Elected Official or Department Heads' budget is included in this fund and nearly all major expenses, salaries and benefits are paid from it. A breakdown of the revenue for the General Fund can be found in the Fiscal Year Budget summary.",1,5,County Board,County Board,Telephone,http://macoupincountyil.gov/board.htm,"The line item funds the operation of the county board, which includes costs of per diem for full board meetings, committee meetings, and cost of mileage.",County Board Office,1350,1350,1650,1331,1350,1650,2150,1053,2889,2150,2173,2158,2300,1558,0,0,0,0,0,0,0,0,0,0,0,0,0,0,0,0,0,1285,1256,1357,1185,1097,1194,1511,1053,2744,1935,2173,2158,2148,1549,0,0,0,0,0,0,0,0,0,0,0,0,0,0,0,0,0
General Fund,"The County's General Fund covers the main functions of County Government. Nearly every Elected Official or Department Heads' budget is included in this fund and nearly all major expenses, salaries and benefits are paid from it. A breakdown of the revenue for the General Fund can be found in the Fiscal Year Budget summary.",1,6,Courthouse,Courthouse,Salaries and Benefits,,"The line item, under the control of the Sheriff, funds the general daily maintenance of the County Courthouse, primarily covering day to day upkeep of the building and related utility bills for the building.",Sheriff,0,0,0,0,0,0,0,0,0,0,0,0,0,0,0,0,0,0,0,0,0,0,85425,87467,89719,91630,105303,97875,118176,107672,113468,0,0,0,0,0,0,0,0,0,0,0,0,0,0,0,0,0,0,0,0,0,0,85425,87467,91630,91630,105303,97875,118150,107672,112628
General Fund,"The County's General Fund covers the main functions of County Government. Nearly every Elected Official or Department Heads' budget is included in this fund and nearly all major expenses, salaries and benefits are paid from it. A breakdown of the revenue for the General Fund can be found in the Fiscal Year Budget summary.",1,6,Courthouse,Courthouse,Supplies,,"The line item, under the control of the Sheriff, funds the general daily maintenance of the County Courthouse, primarily covering day to day upkeep of the building and related utility bills for the building.",Sheriff,7410,10371,7945,9508,3950,8754,4538,8953,3124,2663,3373,2707,5080,6720,4342,5230,7967,23,4000,5110,5868,4965,14667,13654,13603,15997,20873,21442,17173,22320,22643,7410,10355,7027,6009,3950,8754,4538,4680,3124,2663,3373,2707,5080,6720,4342,5230,7967,23,4000,5063,5868,4965,14667,13654,15997,15997,20873,21442,17173,17452,22643
General Fund,"The County's General Fund covers the main functions of County Government. Nearly every Elected Official or Department Heads' budget is included in this fund and nearly all major expenses, salaries and benefits are paid from it. A breakdown of the revenue for the General Fund can be found in the Fiscal Year Budget summary.",1,6,Courthouse,Courthouse,Telephone,,"The line item, under the control of the Sheriff, funds the general daily maintenance of the County Courthouse, primarily covering day to day upkeep of the building and related utility bills for the building.",Sheriff,0,0,0,0,0,0,0,0,0,0,0,0,0,0,0,0,0,0,0,0,1095,0,0,0,0,0,0,0,17173,0,0,0,0,0,0,0,0,0,0,0,0,0,0,0,0,0,0,0,0,958,0,1095,0,0,0,0,0,0,0,17173,0,0
General Fund,"The County's General Fund covers the main functions of County Government. Nearly every Elected Official or Department Heads' budget is included in this fund and nearly all major expenses, salaries and benefits are paid from it. A breakdown of the revenue for the General Fund can be found in the Fiscal Year Budget summary.",1,6,Courthouse,Courthouse,Utilities,,"The line item, under the control of the Sheriff, funds the general daily maintenance of the County Courthouse, primarily covering day to day upkeep of the building and related utility bills for the building.",Sheriff,24359,36000,34449,36830,30055,38876,44320,48440,43138,45734,48368,49599,52500,63558,54779,58204,58028,44746,41408,50311,49156,56919,146158,148734,148481,146469,160095,165324,185213,183059,202374,24359,32011,33524,36830,30055,38876,44320,48440,43138,45734,48369,49598,48545,63558,54779,57185,58028,44746,958,49678,49156,56919,144775,148734,146469,146333,160095,165324,185213,182344,202374
General Fund,"The County's General Fund covers the main functions of County Government. Nearly every Elected Official or Department Heads' budget is included in this fund and nearly all major expenses, salaries and benefits are paid from it. A breakdown of the revenue for the General Fund can be found in the Fiscal Year Budget summary.",1,6,Courthouse,Courthouse,Equipment Repair,,"The line item, under the control of the Sheriff, funds the general daily maintenance of the County Courthouse, primarily covering day to day upkeep of the building and related utility bills for the building.",Sheriff,35277,20416,21581,24162,43342,33669,19536,34000,19600,16664,13287,18894,34061,48918,52858,48341,42110,6664,5381,12420,6716,10638,44417,18704,37066,43011,50629,46439,19067,36919,47295,35277,20416,21581,24162,43342,33669,19536,32182,19600,16664,13288,18894,34061,48856,52858,48341,42110,6664,5381,12420,6716,10638,44417,18704,43011,43011,45622,46439,19067,35872,47295
General Fund,"The County's General Fund covers the main functions of County Government. Nearly every Elected Official or Department Heads' budget is included in this fund and nearly all major expenses, salaries and benefits are paid from it. A breakdown of the revenue for the General Fund can be found in the Fiscal Year Budget summary.",1,6,Courthouse,Courthouse,Equipment,,"The line item, under the control of the Sheriff, funds the general daily maintenance of the County Courthouse, primarily covering day to day upkeep of the building and related utility bills for the building.",Sheriff,625,713,0,3000,153,3000,235,3000,538,940,470,0,0,0,0,200,0,0,0,0,0,0,110,0,1407,69,0,36964,0,0,0,625,713,0,0,0,0,235,0,538,940,470,0,0,0,0,168,0,0,440,0,0,0,110,0,69,69,0,0,0,0,0
General Fund,"The County's General Fund covers the main functions of County Government. Nearly every Elected Official or Department Heads' budget is included in this fund and nearly all major expenses, salaries and benefits are paid from it. A breakdown of the revenue for the General Fund can be found in the Fiscal Year Budget summary.",1,6,Courthouse,Courthouse,Building Repair,,"The line item, under the control of the Sheriff, funds the general daily maintenance of the County Courthouse, primarily covering day to day upkeep of the building and related utility bills for the building.",Sheriff,0,0,0,0,0,0,0,0,0,0,0,0,0,0,0,0,30741,19794,28571,15941,19946,26261,4780,2907,945,119,1244,339835,365,462,70000,0,0,0,0,0,0,0,0,0,0,0,0,0,0,0,0,30741,19794,28572,15941,19946,26260,4780,2907,119,119,1244,193356,365,461.52,49600
General Fund,"The County's General Fund covers the main functions of County Government. Nearly every Elected Official or Department Heads' budget is included in this fund and nearly all major expenses, salaries and benefits are paid from it. A breakdown of the revenue for the General Fund can be found in the Fiscal Year Budget summary.",1,6,Courthouse,Courthouse,Capital Outlay,,"The line item, under the control of the Sheriff, funds the general daily maintenance of the County Courthouse, primarily covering day to day upkeep of the building and related utility bills for the building.",Sheriff,0,0,0,0,0,0,0,0,0,0,0,0,1000,0,0,0,0,0,440,0,0,0,0,0,0,0,0,0,0,0,0,0,0,0,0,0,0,0,0,0,0,0,0,0,0,0,0,0,0,0,0,0,0,0,0,0,0,0,0,0,0,0
General Fund,"The County's General Fund covers the main functions of County Government. Nearly every Elected Official or Department Heads' budget is included in this fund and nearly all major expenses, salaries and benefits are paid from it. A breakdown of the revenue for the General Fund can be found in the Fiscal Year Budget summary.",1,6,Courthouse,Courthouse,Miscellaneous,,"The line item, under the control of the Sheriff, funds the general daily maintenance of the County Courthouse, primarily covering day to day upkeep of the building and related utility bills for the building.",Sheriff,829,1000,525,1000,1000,201,279,4106,0,400,0,300,30359,75805,11021,11025,18444,15922,5700,6218,6218,0,1233,206,400,0,610,0,218,0,0,275,484,525,680,955,0,279,4106,0,400,0,300,11496,75805,11021,11021,18444,15922,5700,6218,6218,0,1233,206,0,0,610,0,218,0,0
General Fund,"The County's General Fund covers the main functions of County Government. Nearly every Elected Official or Department Heads' budget is included in this fund and nearly all major expenses, salaries and benefits are paid from it. A breakdown of the revenue for the General Fund can be found in the Fiscal Year Budget summary.",1,7,Elections,Elections,Salaries & Benefits,http://www.macoupinvotes.com/,"The line item, controlled by the County Clerk, funds all costs related to elections administered by the County Clerk.",County Clerk,40869,44994,54188,44591,63528,38527,63356,46802,75340,53500,75300,53000,90800,53956,100966,59928,83594,52690,88042,48062,10017,4019,8073,7228,42988,3075,52825,11645,23441,8346,30328,40811,44974,54181,44491,63528,29610,63356,46802,75340,41355,74571,40600,88109,48002,100967,59286,83594,50069,90259,48062,10017,4019,8073,7228,3075,3075,52825,11645,23441,8346,28651
General Fund,"The County's General Fund covers the main functions of County Government. Nearly every Elected Official or Department Heads' budget is included in this fund and nearly all major expenses, salaries and benefits are paid from it. A breakdown of the revenue for the General Fund can be found in the Fiscal Year Budget summary.",1,7,Elections,Elections,Office Supplies,http://www.macoupinvotes.com/,"The line item, controlled by the County Clerk, funds all costs related to elections administered by the County Clerk.",County Clerk,12311,14972,12902,13000,13649,28220,8541,35897,12952,24273,29900,22000,30900,39444,21529,20000,22963,12703,5150,8476,6879,2200,8611,5939,7628,9498,34661,9041,9349,4487,8305,12311,14972,12902,12811,13649,28220,8541,35897,12952,24273,29613,16498,29972,39444,21529,19552,22963,12595,5126,8476,6879,2200,8611,5939,9498,9498,24069,9041,9349,4487,8305
General Fund,"The County's General Fund covers the main functions of County Government. Nearly every Elected Official or Department Heads' budget is included in this fund and nearly all major expenses, salaries and benefits are paid from it. A breakdown of the revenue for the General Fund can be found in the Fiscal Year Budget summary.",1,7,Elections,Elections,Telephone,http://www.macoupinvotes.com/,"The line item, controlled by the County Clerk, funds all costs related to elections administered by the County Clerk.",County Clerk,0,0,0,0,0,0,0,0,0,0,0,0,0,0,0,0,0,0,0,0,0,0,0,0,0,0,0,0,0,0,0,0,0,0,0,0,0,0,0,0,0,0,0,0,0,0,0,0,0,2110,0,0,0,0,0,0,0,0,0,0,0,0
General Fund,"The County's General Fund covers the main functions of County Government. Nearly every Elected Official or Department Heads' budget is included in this fund and nearly all major expenses, salaries and benefits are paid from it. A breakdown of the revenue for the General Fund can be found in the Fiscal Year Budget summary.",1,7,Elections,Elections,Postage,http://www.macoupinvotes.com/,"The line item, controlled by the County Clerk, funds all costs related to elections administered by the County Clerk.",County Clerk,0,0,0,0,0,0,0,0,0,0,10570,13000,13000,20000,6030,6500,5530,17213,7526,3213,3153,16197,7500,3097,0,7368,19283,7316,13860,12744,18020,0,0,0,0,0,0,0,0,0,0,10570,13000,13000,20000,6030,5000,5530,17213,7526,3213,3153,16197,7500,3097,7368,7368,19283,7316,13860,12744,18020
General Fund,"The County's General Fund covers the main functions of County Government. Nearly every Elected Official or Department Heads' budget is included in this fund and nearly all major expenses, salaries and benefits are paid from it. A breakdown of the revenue for the General Fund can be found in the Fiscal Year Budget summary.",1,7,Elections,Elections,Printing,http://www.macoupinvotes.com/,"The line item, controlled by the County Clerk, funds all costs related to elections administered by the County Clerk.",County Clerk,21000,20652,26997,25097,12757,27000,885,10000,5949,25000,44000,37000,30500,24472,12449,17500,32814,16909,45361,54572,14122,12506,11292,18014,0,6457,13230,16731,31794,39524,19893,20849,20652,26997,25097,12757,26885,885,0,5949,24903,40968,24624,28725,23928,12449,17460,32814,16909,45361,54572,14122,12506,11292,18014,6457,6457,13230,16531,31794,39524,19893
General Fund,"The County's General Fund covers the main functions of County Government. Nearly every Elected Official or Department Heads' budget is included in this fund and nearly all major expenses, salaries and benefits are paid from it. A breakdown of the revenue for the General Fund can be found in the Fiscal Year Budget summary.",1,7,Elections,Elections,Election Setup & Rent,http://www.macoupinvotes.com/,"The line item, controlled by the County Clerk, funds all costs related to elections administered by the County Clerk.",County Clerk,10000,14766,13548,13671,12693,10000,15000,15000,5878,11000,15500,12200,5700,2840,2203,5000,5602,4804,5410,5526,5308,3797,4595,2025,4323,1700,5760,2615,3710,1922,6195,7374,14766,13548,13671,12693,9641,12278,14105,5878,7792,9631,3765,4620,1730,2203,3870,5602,3509,3300,5529,5308,3797,4595,2025,1700,1700,4560,2615,3710,1922,6195
General Fund,"The County's General Fund covers the main functions of County Government. Nearly every Elected Official or Department Heads' budget is included in this fund and nearly all major expenses, salaries and benefits are paid from it. A breakdown of the revenue for the General Fund can be found in the Fiscal Year Budget summary.",1,7,Elections,Elections,Publishing,http://www.macoupinvotes.com/,"The line item, controlled by the County Clerk, funds all costs related to elections administered by the County Clerk.",County Clerk,11854,20017,11490,18673,20774,21500,12892,15000,12628,13732,15000,13000,18500,12729,17333,15650,15043,12351,11186,6003,10749,6082,15866,14184,28863,19092,19118,8107,11874,7708,14018,11854,20017,11490,18673,20774,21284,12892,11251,12628,9528,10301,8994,15773,12729,17333,15646,15043,12351,11186,6003,10749,6082,15866,14184,19092,19092,19118,8107,11874,7708,14018
General Fund,"The County's General Fund covers the main functions of County Government. Nearly every Elected Official or Department Heads' budget is included in this fund and nearly all major expenses, salaries and benefits are paid from it. A breakdown of the revenue for the General Fund can be found in the Fiscal Year Budget summary.",1,7,Elections,Elections,Education/Training,http://www.macoupinvotes.com/,"The line item, controlled by the County Clerk, funds all costs related to elections administered by the County Clerk.",County Clerk,0,0,0,0,0,0,0,0,0,0,0,0,0,2000,266,1199,265,300,0,0,0,0,0,0,0,0,0,0,0,0,0,0,0,0,0,0,0,0,0,0,0,0,0,0,640,267,283,265,77,0,0,0,0,0,0,0,0,0,0,0,0,0
General Fund,"The County's General Fund covers the main functions of County Government. Nearly every Elected Official or Department Heads' budget is included in this fund and nearly all major expenses, salaries and benefits are paid from it. A breakdown of the revenue for the General Fund can be found in the Fiscal Year Budget summary.",1,7,Elections,Elections,System Updates & Programming,http://www.macoupinvotes.com/,"The line item, controlled by the County Clerk, funds all costs related to elections administered by the County Clerk.",County Clerk,26966,24828,29698,26000,31593,20436,12358,23198,61047,32000,50000,56000,42000,57994,21980,51400,54709,62372,50718,61303,38626,23754,26029,27220,21578,23584,6900,29774,35855,51200,27861,26646,24828,29697,25118,31582,20436,12358,20100,61047,14811,49839,54490,34056,57994,21980,51398,54709,62372,50178,61303,36826,23754,25737,27220,23584,23584,6900,29774,35855,51200,27861
General Fund,"The County's General Fund covers the main functions of County Government. Nearly every Elected Official or Department Heads' budget is included in this fund and nearly all major expenses, salaries and benefits are paid from it. A breakdown of the revenue for the General Fund can be found in the Fiscal Year Budget summary.",1,7,Elections,Elections,Equipment Repair & Maintenance,http://www.macoupinvotes.com/,"The line item, controlled by the County Clerk, funds all costs related to elections administered by the County Clerk.",County Clerk,0,0,0,0,0,0,0,0,0,0,21200,25000,19700,26700,42707,33100,36377,32420,38006,30745,94823,146928,99720,141400,82393,116290,106009,119267,118881,158367,128873,0,0,0,0,0,0,0,0,0,0,21066,15417,19322,26450,42707,33098,36377,31944,38006,30681,94823,146928,99720,141400,116290,116290,106009,119267,118881,158367,128873
General Fund,"The County's General Fund covers the main functions of County Government. Nearly every Elected Official or Department Heads' budget is included in this fund and nearly all major expenses, salaries and benefits are paid from it. A breakdown of the revenue for the General Fund can be found in the Fiscal Year Budget summary.",1,7,Elections,Elections,Equipment,http://www.macoupinvotes.com/,"The line item, controlled by the County Clerk, funds all costs related to elections administered by the County Clerk.",County Clerk,0,860,0,1000,0,0,0,0,0,0,0,0,0,0,0,0,350,0,0,0,0,0,0,0,0,2753,0,0,8000,24400,0,0,860,0,849,0,0,0,0,0,0,0,0,0,0,0,0,350,0,0,0,0,0,0,0,2753,2753,0,0,8000,24400,0
General Fund,"The County's General Fund covers the main functions of County Government. Nearly every Elected Official or Department Heads' budget is included in this fund and nearly all major expenses, salaries and benefits are paid from it. A breakdown of the revenue for the General Fund can be found in the Fiscal Year Budget summary.",1,7,Elections,Elections,Election Expense,http://www.macoupinvotes.com/,"The line item, controlled by the County Clerk, funds all costs related to elections administered by the County Clerk.",County Clerk,12000,12911,11177,10968,6006,12000,64293,15892,13172,30496,25499,42155,22100,21800,7989,11500,5532,10018,5534,3161,5000,3980,4510,6881,6347,20861,25464,23490,13213,22404,9463,11601,12911,11177,10898,6006,11949,62978,15892,13150,27800,15950,15103,21481,18447,7989,10949,5532,8943,3317,3161,5000,3980,4510,6881,20861,17911,25464,23490,13213,22404,9463
General Fund,"The County's General Fund covers the main functions of County Government. Nearly every Elected Official or Department Heads' budget is included in this fund and nearly all major expenses, salaries and benefits are paid from it. A breakdown of the revenue for the General Fund can be found in the Fiscal Year Budget summary.",1,7,Elections,Elections,Capital Outlay,http://www.macoupinvotes.com/,"The line item, controlled by the County Clerk, funds all costs related to elections administered by the County Clerk.",County Clerk,0,0,0,0,0,2317,675,8210,9700,293000,6230,12000,1500,3350,50000,50000,0,0,0,0,0,0,0,0,0,0,0,0,0,0,0,0,0,0,0,0,2317,675,1559,9700,254935,15778,0,0,3350,0,0,0,0,0,0,0,0,0,0,0,0,0,0,0,0,0
General Fund,"The County's General Fund covers the main functions of County Government. Nearly every Elected Official or Department Heads' budget is included in this fund and nearly all major expenses, salaries and benefits are paid from it. A breakdown of the revenue for the General Fund can be found in the Fiscal Year Budget summary.",1,7,Elections,Elections,Office Machine Rent,http://www.macoupinvotes.com/,"The line item, controlled by the County Clerk, funds all costs related to elections administered by the County Clerk.",County Clerk,0,0,0,0,0,0,0,0,0,0,0,0,0,0,0,0,0,0,0,0,247,367,0,0,0,0,0,0,0,0,0,0,0,0,0,0,0,0,0,0,0,0,0,0,0,0,0,0,0,0,0,247,367,0,0,0,0,0,0,0,0,0
General Fund,"The County's General Fund covers the main functions of County Government. Nearly every Elected Official or Department Heads' budget is included in this fund and nearly all major expenses, salaries and benefits are paid from it. A breakdown of the revenue for the General Fund can be found in the Fiscal Year Budget summary.",1,7,Elections,Elections,Lease Agreements,http://www.macoupinvotes.com/,"The line item, controlled by the County Clerk, funds all costs related to elections administered by the County Clerk.",County Clerk,0,0,0,0,0,0,0,0,0,0,0,0,0,0,0,0,0,0,0,0,0,0,0,0,0,33113,28757,6774,0,0,0,0,0,0,0,0,0,0,0,0,0,0,0,0,0,0,0,0,0,0,0,0,0,0,0,33113,33113,28757,6774,0,0,0
General Fund,"The County's General Fund covers the main functions of County Government. Nearly every Elected Official or Department Heads' budget is included in this fund and nearly all major expenses, salaries and benefits are paid from it. A breakdown of the revenue for the General Fund can be found in the Fiscal Year Budget summary.",1,7,Elections,Elections,Election Judge Stipend,http://www.macoupinvotes.com/,"The line item, controlled by the County Clerk, funds all costs related to elections administered by the County Clerk.",County Clerk,0,0,0,0,0,0,0,0,0,0,0,0,0,0,0,0,0,0,0,0,75818,43135,76700,37130,69038,27015,56347,21278,67802,30886,87811,0,0,0,0,0,0,0,0,0,0,0,0,0,0,0,0,0,0,0,0,75818,43135,76700,37130,27015,27015,56347,21278,67772,30886,87811
General Fund,"The County's General Fund covers the main functions of County Government. Nearly every Elected Official or Department Heads' budget is included in this fund and nearly all major expenses, salaries and benefits are paid from it. A breakdown of the revenue for the General Fund can be found in the Fiscal Year Budget summary.",1,7,Elections,Elections,Miscellaneous,http://www.macoupinvotes.com/,"The line item, controlled by the County Clerk, funds all costs related to elections administered by the County Clerk.",County Clerk,0,0,0,0,0,0,0,0,0,0,0,0,0,0,0,0,0,0,0,935,260,2036,2104,1882,1843,2011,8004,2617,1921,17638,6542,0,0,0,0,0,0,0,0,0,0,0,0,0,0,0,0,0,0,0,935,260,2036,2104,1882,2011,2011,8004,2617,1921,17467,6542
General Fund,"The County's General Fund covers the main functions of County Government. Nearly every Elected Official or Department Heads' budget is included in this fund and nearly all major expenses, salaries and benefits are paid from it. A breakdown of the revenue for the General Fund can be found in the Fiscal Year Budget summary.",1,8,Supervisor of Assessments,Supervisor of Assessments,Salaries & Benefits,http://macoupincountyil.gov/assessment.htm,"The line item funds the operation of the Supervisor of Assessments office. The Supervisor's office meets with township assessors to supply  technical advice and information regarding current legislation and establishes guidelines for the assessors. In addition, the Supervisor of Assessments reviews assessments made by township assessors, equalizes assessments within the county and is responsible for publishing assessment change notices. Each year the Supervisor of Assessments delivers the assessment books to the Board of Review and prepares a tentative abstract of the assessment books for the Department of Revenue. The Supervisor of Assessments office also keeps track of all property transactions in the county, maps of all properties, exemptions and a history of all land owners.",Supervisor of Assessments,88764,94126,113940,117847,130328,135052,142818,137777,132760,129741,129741,129741,170905,169200,151671,136679,125332,116000,118170,102172,104230,88351,84696,88292,88149,93971,89912,105365,101869,114525,138376,88764,90757,105647,117631,128658,132596,138650,135470,124179,121750,121337,118442,136964,152941,151670,136679,119959,111248,114776,92601,104230,79828,84696,86421,93971,93971,89912,105365,101868,113272,137077
General Fund,"The County's General Fund covers the main functions of County Government. Nearly every Elected Official or Department Heads' budget is included in this fund and nearly all major expenses, salaries and benefits are paid from it. A breakdown of the revenue for the General Fund can be found in the Fiscal Year Budget summary.",1,8,Supervisor of Assessments,Supervisor of Assessments,Office Supplies,http://macoupincountyil.gov/assessment.htm,"The line item funds the operation of the Supervisor of Assessments office. The Supervisor's office meets with township assessors to supply  technical advice and information regarding current legislation and establishes guidelines for the assessors. In addition, the Supervisor of Assessments reviews assessments made by township assessors, equalizes assessments within the county and is responsible for publishing assessment change notices. Each year the Supervisor of Assessments delivers the assessment books to the Board of Review and prepares a tentative abstract of the assessment books for the Department of Revenue. The Supervisor of Assessments office also keeps track of all property transactions in the county, maps of all properties, exemptions and a history of all land owners.",Supervisor of Assessments,1830,1000,1000,1000,1034,1000,1000,1000,1000,1000,1000,1300,1300,1300,249,2185,1752,1800,1800,1800,1800,1400,838,1100,1100,926,1100,1100,1100,1100,1100,1830,886,861,846,1034,292,657,410,557,805,298,451,1233,902,249,2185,925,1434,1269,1390,739,948,779,396,926,625,534,306,936,404,1056
General Fund,"The County's General Fund covers the main functions of County Government. Nearly every Elected Official or Department Heads' budget is included in this fund and nearly all major expenses, salaries and benefits are paid from it. A breakdown of the revenue for the General Fund can be found in the Fiscal Year Budget summary.",1,8,Supervisor of Assessments,Supervisor of Assessments,Postage,http://macoupincountyil.gov/assessment.htm,"The line item funds the operation of the Supervisor of Assessments office. The Supervisor's office meets with township assessors to supply  technical advice and information regarding current legislation and establishes guidelines for the assessors. In addition, the Supervisor of Assessments reviews assessments made by township assessors, equalizes assessments within the county and is responsible for publishing assessment change notices. Each year the Supervisor of Assessments delivers the assessment books to the Board of Review and prepares a tentative abstract of the assessment books for the Department of Revenue. The Supervisor of Assessments office also keeps track of all property transactions in the county, maps of all properties, exemptions and a history of all land owners.",Supervisor of Assessments,9290,10000,10000,10000,8190,9000,6730,8000,8000,8000,8000,8000,10000,10000,6647,8820,9126,14435,14435,14440,15448,14649,15066,13200,13200,13200,13200,13200,15461,14500,17754,9290,9510,9007,3967,7220,5235,868,1191,5037,948,1468,4652,8826,1183,6647,8820,9126,13621,13489,13951,14612,13829,15066,11443,13200,9654,9446,13059,15461,9149,17754
General Fund,"The County's General Fund covers the main functions of County Government. Nearly every Elected Official or Department Heads' budget is included in this fund and nearly all major expenses, salaries and benefits are paid from it. A breakdown of the revenue for the General Fund can be found in the Fiscal Year Budget summary.",1,8,Supervisor of Assessments,Supervisor of Assessments,Travel,http://macoupincountyil.gov/assessment.htm,"The line item funds the operation of the Supervisor of Assessments office. The Supervisor's office meets with township assessors to supply  technical advice and information regarding current legislation and establishes guidelines for the assessors. In addition, the Supervisor of Assessments reviews assessments made by township assessors, equalizes assessments within the county and is responsible for publishing assessment change notices. Each year the Supervisor of Assessments delivers the assessment books to the Board of Review and prepares a tentative abstract of the assessment books for the Department of Revenue. The Supervisor of Assessments office also keeps track of all property transactions in the county, maps of all properties, exemptions and a history of all land owners.",Supervisor of Assessments,2114,3000,4000,4000,6000,6000,7000,6000,2981,6000,1600,6000,6295,8000,5290,3246,3672,6000,2596,5825,3263,4000,3450,3600,4025,2558,4025,4025,4025,3162,4025,2114,2260,2596,2016,2344,1501,2965,2683,976,1022,1828,969,3282,2954,5290,3246,3672,4731,2596,3096,2907,3473,3450,3033,2558,2458,3508,3084,3662,3062,3565
General Fund,"The County's General Fund covers the main functions of County Government. Nearly every Elected Official or Department Heads' budget is included in this fund and nearly all major expenses, salaries and benefits are paid from it. A breakdown of the revenue for the General Fund can be found in the Fiscal Year Budget summary.",1,8,Supervisor of Assessments,Supervisor of Assessments,Printing,http://macoupincountyil.gov/assessment.htm,"The line item funds the operation of the Supervisor of Assessments office. The Supervisor's office meets with township assessors to supply  technical advice and information regarding current legislation and establishes guidelines for the assessors. In addition, the Supervisor of Assessments reviews assessments made by township assessors, equalizes assessments within the county and is responsible for publishing assessment change notices. Each year the Supervisor of Assessments delivers the assessment books to the Board of Review and prepares a tentative abstract of the assessment books for the Department of Revenue. The Supervisor of Assessments office also keeps track of all property transactions in the county, maps of all properties, exemptions and a history of all land owners.",Supervisor of Assessments,18571,13123,17670,18000,18000,17000,16000,17000,17000,17000,17000,16000,16000,14678,13747,16237,17368,20000,19520,19988,22501,23239,22834,22775,24976,21094,24976,24976,22715,20212,20816,18571,4147,10939,12074,11101,11152,11703,9860,12968,13287,12449,14892,15541,14678,13747,16237,14359,9727,16545,13643,22501,18183,22378,17113,21094,21094,20109,23259,22482,18653,20436
General Fund,"The County's General Fund covers the main functions of County Government. Nearly every Elected Official or Department Heads' budget is included in this fund and nearly all major expenses, salaries and benefits are paid from it. A breakdown of the revenue for the General Fund can be found in the Fiscal Year Budget summary.",1,8,Supervisor of Assessments,Supervisor of Assessments,Education & Training,http://macoupincountyil.gov/assessment.htm,"The line item funds the operation of the Supervisor of Assessments office. The Supervisor's office meets with township assessors to supply  technical advice and information regarding current legislation and establishes guidelines for the assessors. In addition, the Supervisor of Assessments reviews assessments made by township assessors, equalizes assessments within the county and is responsible for publishing assessment change notices. Each year the Supervisor of Assessments delivers the assessment books to the Board of Review and prepares a tentative abstract of the assessment books for the Department of Revenue. The Supervisor of Assessments office also keeps track of all property transactions in the county, maps of all properties, exemptions and a history of all land owners.",Supervisor of Assessments,1304,3000,3021,3000,3000,3000,3000,3000,3000,3000,3000,3000,2910,42,630,1455,0,0,0,0,0,0,55,0,0,0,0,0,0,0,0,1304,959,3021,2255,1564,705,2122,1301,587,974,30,1800,725,20,630,1455,0,0,0,0,0,0,55,0,0,0,0,0,0,0,0
General Fund,"The County's General Fund covers the main functions of County Government. Nearly every Elected Official or Department Heads' budget is included in this fund and nearly all major expenses, salaries and benefits are paid from it. A breakdown of the revenue for the General Fund can be found in the Fiscal Year Budget summary.",1,8,Supervisor of Assessments,Supervisor of Assessments,Telephone,http://macoupincountyil.gov/assessment.htm,"The line item funds the operation of the Supervisor of Assessments office. The Supervisor's office meets with township assessors to supply  technical advice and information regarding current legislation and establishes guidelines for the assessors. In addition, the Supervisor of Assessments reviews assessments made by township assessors, equalizes assessments within the county and is responsible for publishing assessment change notices. Each year the Supervisor of Assessments delivers the assessment books to the Board of Review and prepares a tentative abstract of the assessment books for the Department of Revenue. The Supervisor of Assessments office also keeps track of all property transactions in the county, maps of all properties, exemptions and a history of all land owners.",Supervisor of Assessments,1627,1800,2109,2739,2800,2800,2926,3800,3800,3800,3800,4403,4500,4500,2344,3373,3600,3600,3621,3775,4300,4361,5675,3498,0,120,0,0,0,0,0,1567,1301,2082,2739,2387,2604,2926,2908,2434,2264,2250,2031,2521,3061,2344,3373,3160,2921,3621,3743,4202,4361,5675,3266,120,120,0,0,0,0,0
General Fund,"The County's General Fund covers the main functions of County Government. Nearly every Elected Official or Department Heads' budget is included in this fund and nearly all major expenses, salaries and benefits are paid from it. A breakdown of the revenue for the General Fund can be found in the Fiscal Year Budget summary.",1,8,Supervisor of Assessments,Supervisor of Assessments,Miscellaneous,http://macoupincountyil.gov/assessment.htm,"The line item funds the operation of the Supervisor of Assessments office. The Supervisor's office meets with township assessors to supply  technical advice and information regarding current legislation and establishes guidelines for the assessors. In addition, the Supervisor of Assessments reviews assessments made by township assessors, equalizes assessments within the county and is responsible for publishing assessment change notices. Each year the Supervisor of Assessments delivers the assessment books to the Board of Review and prepares a tentative abstract of the assessment books for the Department of Revenue. The Supervisor of Assessments office also keeps track of all property transactions in the county, maps of all properties, exemptions and a history of all land owners.",Supervisor of Assessments,0,1000,0,6761,2000,0,0,0,0,0,0,0,0,0,0,0,0,0,150,0,0,0,282,0,1610,1784,0,0,0,0,0,0,0,0,6491,1182,0,0,0,0,0,0,0,0,0,0,0,0,0,150,0,0,0,282,0,1784,1784,0,0,0,0,0
General Fund,"The County's General Fund covers the main functions of County Government. Nearly every Elected Official or Department Heads' budget is included in this fund and nearly all major expenses, salaries and benefits are paid from it. A breakdown of the revenue for the General Fund can be found in the Fiscal Year Budget summary.",1,8,Supervisor of Assessments,Supervisor of Assessments,Equipment,http://macoupincountyil.gov/assessment.htm,"The line item funds the operation of the Supervisor of Assessments office. The Supervisor's office meets with township assessors to supply  technical advice and information regarding current legislation and establishes guidelines for the assessors. In addition, the Supervisor of Assessments reviews assessments made by township assessors, equalizes assessments within the county and is responsible for publishing assessment change notices. Each year the Supervisor of Assessments delivers the assessment books to the Board of Review and prepares a tentative abstract of the assessment books for the Department of Revenue. The Supervisor of Assessments office also keeps track of all property transactions in the county, maps of all properties, exemptions and a history of all land owners.",Supervisor of Assessments,0,0,0,0,0,2000,2000,2000,2000,2000,2000,2097,2090,2000,35,339,0,2000,3840,0,459,0,100,500,1000,990,1000,947,1000,540,7,0,0,0,0,0,1368,839,483,1548,810,1668,2097,2090,187,35,339,0,1848,3840,0,143,0,83,439,990,990,0,0,354,540,7
General Fund,"The County's General Fund covers the main functions of County Government. Nearly every Elected Official or Department Heads' budget is included in this fund and nearly all major expenses, salaries and benefits are paid from it. A breakdown of the revenue for the General Fund can be found in the Fiscal Year Budget summary.",1,8,Supervisor of Assessments,Supervisor of Assessments,Equipment Repair & Maintenance,http://macoupincountyil.gov/assessment.htm,"The line item funds the operation of the Supervisor of Assessments office. The Supervisor's office meets with township assessors to supply  technical advice and information regarding current legislation and establishes guidelines for the assessors. In addition, the Supervisor of Assessments reviews assessments made by township assessors, equalizes assessments within the county and is responsible for publishing assessment change notices. Each year the Supervisor of Assessments delivers the assessment books to the Board of Review and prepares a tentative abstract of the assessment books for the Department of Revenue. The Supervisor of Assessments office also keeps track of all property transactions in the county, maps of all properties, exemptions and a history of all land owners.",Supervisor of Assessments,0,0,0,0,0,0,0,0,0,0,0,0,0,0,3941,2993,0,297,0,2000,0,1000,500,1098,1300,766,1300,1300,1300,28387,1875,0,0,0,0,0,0,0,0,0,0,0,0,0,0,3941,2993,0,297,0,1782,0,82,257,798,766,750,865,68,394,28387,1575
General Fund,"The County's General Fund covers the main functions of County Government. Nearly every Elected Official or Department Heads' budget is included in this fund and nearly all major expenses, salaries and benefits are paid from it. A breakdown of the revenue for the General Fund can be found in the Fiscal Year Budget summary.",1,8,Supervisor of Assessments,Supervisor of Assessments,Office Machine Rent,http://macoupincountyil.gov/assessment.htm,"The line item funds the operation of the Supervisor of Assessments office. The Supervisor's office meets with township assessors to supply  technical advice and information regarding current legislation and establishes guidelines for the assessors. In addition, the Supervisor of Assessments reviews assessments made by township assessors, equalizes assessments within the county and is responsible for publishing assessment change notices. Each year the Supervisor of Assessments delivers the assessment books to the Board of Review and prepares a tentative abstract of the assessment books for the Department of Revenue. The Supervisor of Assessments office also keeps track of all property transactions in the county, maps of all properties, exemptions and a history of all land owners.",Supervisor of Assessments,0,0,0,0,0,0,0,0,0,0,0,0,0,0,0,0,0,0,0,0,0,0,0,1427,0,0,1610,1610,1610,1610,1325,0,0,0,0,0,0,0,0,0,0,0,0,0,0,0,0,0,0,0,0,0,0,0,1427,0,0,1070,1325,993,1325,1325
General Fund,"The County's General Fund covers the main functions of County Government. Nearly every Elected Official or Department Heads' budget is included in this fund and nearly all major expenses, salaries and benefits are paid from it. A breakdown of the revenue for the General Fund can be found in the Fiscal Year Budget summary.",1,9,Audit,Audit,Cost of Audit,,The yearly expense for the county's audit of it's financial books where paid from this fund until 2009 when the expenses where then paid out of County Adminstration line item.,County Board Office,21500,18000,18000,18000,18000,18000,18000,18000,19100,25574,22030,23180,22033,22033,0,0,0,0,0,0,0,0,0,0,0,0,0,0,0,0,0,21300,9370,14427,12637,18035,17127,23976,24600,17005,25574,22030,23180,22032,22033,0,0,0,0,0,0,0,0,0,0,0,0,0,0,0,0,0
General Fund,"The County's General Fund covers the main functions of County Government. Nearly every Elected Official or Department Heads' budget is included in this fund and nearly all major expenses, salaries and benefits are paid from it. A breakdown of the revenue for the General Fund can be found in the Fiscal Year Budget summary.",1,10,Cemetery,Cemetery,Grants to Cemeteries,,The expenses to the County to pay for the care of the county owned pauper cemetary. These expenses where moved to the County Adminstration line item in 2009.,County Board Office,2000,2500,2500,2500,2500,2500,2500,2500,1430,1200,1200,1200,3800,3724,0,0,0,0,0,0,0,0,0,0,0,0,0,0,0,0,0,783,1000,350,900,300,900,600,600,600,600,600,800,1250,1318,0,0,0,0,0,0,0,0,0,0,0,0,0,0,0,0,0
General Fund,"The County's General Fund covers the main functions of County Government. Nearly every Elected Official or Department Heads' budget is included in this fund and nearly all major expenses, salaries and benefits are paid from it. A breakdown of the revenue for the General Fund can be found in the Fiscal Year Budget summary.",1,11,Capital Improvements,Capital Improvements,Capital Project Expense,,"The line item, under the control of the Sheriff, funds routine general maintenance projects in the County Jail Building, County Courthouse, and other county facilities.",County Board Office,155000,125000,248602,441286,500000,750000,243000,243400,135000,158519,65208,25675,28000,28000,28000,30000,2940,3000,3000,3000,4000,3000,0,0,0,0,0,0,0,100000,0,129063,36986,79495,122297,639370,714230,254927,38067,134353,70183,43707,16531,4000,12826,26618,28225,2940,3000,3000,0,3923,3000,0,0,0,0,0,0,0,88977,0
General Fund,"The County's General Fund covers the main functions of County Government. Nearly every Elected Official or Department Heads' budget is included in this fund and nearly all major expenses, salaries and benefits are paid from it. A breakdown of the revenue for the General Fund can be found in the Fiscal Year Budget summary.",1,12,Copy Room,Copy Room,Salaries & Benefits,,The line item funds expenses of the copy machines which are utilized by county officials in the County Courthouse.,County Clerk,19368,20279,21468,22982,24782,26282,27482,28442,30333,31608,31608,33516,0,0,0,0,0,0,0,0,0,0,0,0,0,0,0,0,0,0,0,19368,20279,21468,22948,24782,26282,27482,28442,30333,31607,31607,33516,0,0,0,0,0,0,0,0,0,0,0,0,0,0,0,0,0,0,0
General Fund,"The County's General Fund covers the main functions of County Government. Nearly every Elected Official or Department Heads' budget is included in this fund and nearly all major expenses, salaries and benefits are paid from it. A breakdown of the revenue for the General Fund can be found in the Fiscal Year Budget summary.",1,12,Copy Room,Copy Room,Office Supplies,,The line item funds expenses of the copy machines which are utilized by county officials in the County Courthouse.,County Clerk,1500,3325,2000,3000,2576,3500,5429,3689,3003,3494,4048,2250,4196,4360,3789,2957,3278,4210,4700,4795,4073,4000,3043,3278,2998,4254,5687,4097,6910,7476,7476,1359,3325,1390,1859,2260,3309,5107,3134,2957,3170,3001,2250,3203,3756,3771,2957,3278,4043,4700,4405,4073,3964,3043,3154,4254,4254,5000,4097,6910,5066,4903
General Fund,"The County's General Fund covers the main functions of County Government. Nearly every Elected Official or Department Heads' budget is included in this fund and nearly all major expenses, salaries and benefits are paid from it. A breakdown of the revenue for the General Fund can be found in the Fiscal Year Budget summary.",1,12,Copy Room,Copy Room,Travel,,The line item funds expenses of the copy machines which are utilized by county officials in the County Courthouse.,County Clerk,0,0,0,0,0,0,0,0,0,0,0,0,0,0,0,0,0,0,0,0,0,0,0,0,0,0,0,0,0,0,0,0,0,0,0,0,0,0,0,0,0,0,0,0,0,0,0,0,0,0,0,0,0,0,0,0,0,0,0,0,0,0
General Fund,"The County's General Fund covers the main functions of County Government. Nearly every Elected Official or Department Heads' budget is included in this fund and nearly all major expenses, salaries and benefits are paid from it. A breakdown of the revenue for the General Fund can be found in the Fiscal Year Budget summary.",1,12,Copy Room,Copy Room,Machine Rent,,The line item funds expenses of the copy machines which are utilized by county officials in the County Courthouse.,County Clerk,5303,7086,7500,6500,6924,7500,5571,7811,6700,7029,7451,6834,8804,7400,6560,6875,6357,9322,5132,5205,5927,19358,6957,6722,7002,8746,7313,10902,11290,11500,11500,5267,7086,6763,6432,6924,7151,5571,7811,6610,7029,7452,6689,8804,6845,6560,6872,6320,9322,5132,5205,5927,19118,6957,6722,8746,7707,7313,10902,10438,11305,11255
General Fund,"The County's General Fund covers the main functions of County Government. Nearly every Elected Official or Department Heads' budget is included in this fund and nearly all major expenses, salaries and benefits are paid from it. A breakdown of the revenue for the General Fund can be found in the Fiscal Year Budget summary.",1,13,Tax Assessment & Collections,Tax Assessment & Collections,Salaries & Benefits,,"The line item funds expenses associated with the calculation, collections, preparation, mailing of county property tax bills and is primarily utilized by the County Treasurer, County Clerk, and Supervisor of Assessments.",County Treasurer,0,0,0,0,0,0,0,0,0,0,0,0,0,0,0,0,0,0,0,0,0,0,0,0,0,0,2305,21795,516,3600,2694,0,0,0,0,0,0,0,0,0,0,0,0,0,0,0,0,0,0,0,0,0,0,0,0,0,0,2295,22366,2081,1483,2798
General Fund,"The County's General Fund covers the main functions of County Government. Nearly every Elected Official or Department Heads' budget is included in this fund and nearly all major expenses, salaries and benefits are paid from it. A breakdown of the revenue for the General Fund can be found in the Fiscal Year Budget summary.",1,13,Tax Assessment & Collections,Tax Assessment & Collections,Office Supplies,,"The line item funds expenses associated with the calculation, collections, preparation, mailing of county property tax bills and is primarily utilized by the County Treasurer, County Clerk, and Supervisor of Assessments.",County Treasurer,13047,14402,26496,25420,17215,17000,15000,28369,28369,33251,28000,28000,18662,21000,7146,29755,837,5720,2707,831,512,1603,1208,1745,4717,1600,1600,982,1600,2000,1806,13047,14402,26496,25420,17215,16673,6115,28369,14768,33251,16134,4323,18662,17975,7146,29641,837,5720,2707,831,512,1603,1208,1745,1600,212,592,819,506,777,966
General Fund,"The County's General Fund covers the main functions of County Government. Nearly every Elected Official or Department Heads' budget is included in this fund and nearly all major expenses, salaries and benefits are paid from it. A breakdown of the revenue for the General Fund can be found in the Fiscal Year Budget summary.",1,13,Tax Assessment & Collections,Tax Assessment & Collections,Postage,,"The line item funds expenses associated with the calculation, collections, preparation, mailing of county property tax bills and is primarily utilized by the County Treasurer, County Clerk, and Supervisor of Assessments.",County Treasurer,0,0,0,0,0,0,0,0,0,0,0,0,0,0,0,0,9500,13272,13145,13899,16342,11520,10000,31425,18000,18000,22790,12000,18000,18000,22742,0,0,0,0,0,0,0,0,0,0,0,0,0,0,0,0,9500,13190,13137,13899,16342,11520,10000,31418,18000,5000,18800,12000,16000,18000,22742
General Fund,"The County's General Fund covers the main functions of County Government. Nearly every Elected Official or Department Heads' budget is included in this fund and nearly all major expenses, salaries and benefits are paid from it. A breakdown of the revenue for the General Fund can be found in the Fiscal Year Budget summary.",1,13,Tax Assessment & Collections,Tax Assessment & Collections,Printing,,"The line item funds expenses associated with the calculation, collections, preparation, mailing of county property tax bills and is primarily utilized by the County Treasurer, County Clerk, and Supervisor of Assessments.",County Treasurer,0,0,0,0,0,0,0,0,0,0,0,0,0,0,0,0,8715,14629,10627,11116,11423,12435,9180,7932,12516,12365,13005,6159,15012,10413,13000,0,0,0,0,0,0,0,0,0,0,0,0,0,0,0,0,8715,14629,10627,11116,11423,12435,9180,7932,12365,5189,3351,6159,15012,6737,5863
General Fund,"The County's General Fund covers the main functions of County Government. Nearly every Elected Official or Department Heads' budget is included in this fund and nearly all major expenses, salaries and benefits are paid from it. A breakdown of the revenue for the General Fund can be found in the Fiscal Year Budget summary.",1,13,Tax Assessment & Collections,Tax Assessment & Collections,System Updates & Programming,,"The line item funds expenses associated with the calculation, collections, preparation, mailing of county property tax bills and is primarily utilized by the County Treasurer, County Clerk, and Supervisor of Assessments.",County Treasurer,7000,8000,1504,8000,8000,8000,25000,8000,6000,3249,6000,6000,1419,6000,0,0,0,0,0,0,0,0,0,42755,44265,3600,1695,0,2000,2000,2000,6915,3005,422,0,3086,2919,24050,858,1496,1462,659,1500,500,0,0,0,0,0,0,0,0,0,0,42755,3600,600,100,0,1420,1770,2000
General Fund,"The County's General Fund covers the main functions of County Government. Nearly every Elected Official or Department Heads' budget is included in this fund and nearly all major expenses, salaries and benefits are paid from it. A breakdown of the revenue for the General Fund can be found in the Fiscal Year Budget summary.",1,13,Tax Assessment & Collections,Tax Assessment & Collections,Equipment ,,"The line item funds expenses associated with the calculation, collections, preparation, mailing of county property tax bills and is primarily utilized by the County Treasurer, County Clerk, and Supervisor of Assessments.",County Treasurer,3000,27000,42000,32580,34498,47000,24000,29001,1001,15500,14556,3121,5419,6000,600,650,0,3091,423,203,0,0,0,0,375,5256,0,425,0,580,0,1707,3510,37154,17574,4888,4654,7536,5741,261,6948,8755,1530,4617,654,600,650,0,3091,423,203,0,0,0,0,5256,5256,0,425,0,580,0
General Fund,"The County's General Fund covers the main functions of County Government. Nearly every Elected Official or Department Heads' budget is included in this fund and nearly all major expenses, salaries and benefits are paid from it. A breakdown of the revenue for the General Fund can be found in the Fiscal Year Budget summary.",1,13,Tax Assessment & Collections,Tax Assessment & Collections,Equipment Repair,,"The line item funds expenses associated with the calculation, collections, preparation, mailing of county property tax bills and is primarily utilized by the County Treasurer, County Clerk, and Supervisor of Assessments.",County Treasurer,14000,13000,13000,17000,23287,11000,19000,17630,17630,19000,22443,33879,22500,23800,52123,55907,51270,54065,56098,58132,59519,61757,63889,898,338,40903,40715,41555,103178,40135,36151,10213,9005,7185,13370,23287,961,18249,17630,17521,3385,22444,33879,21927,16446,52071,55870,51270,54065,56098,58132,59519,61757,63889,898,40903,40903,40715,41555,103178,36946,36151
General Fund,"The County's General Fund covers the main functions of County Government. Nearly every Elected Official or Department Heads' budget is included in this fund and nearly all major expenses, salaries and benefits are paid from it. A breakdown of the revenue for the General Fund can be found in the Fiscal Year Budget summary.",1,13,Tax Assessment & Collections,Tax Assessment & Collections,Education & Training,,"The line item funds expenses associated with the calculation, collections, preparation, mailing of county property tax bills and is primarily utilized by the County Treasurer, County Clerk, and Supervisor of Assessments.",County Treasurer,0,0,0,0,0,0,0,0,0,0,0,0,0,0,1055,1200,0,0,0,3763,2572,0,0,290,1448,1448,0,0,1000,1000,1000,0,0,0,0,0,0,0,0,0,0,0,0,0,0,1055,1200,0,0,0,3763,2572,0,0,290,1448,0,0,0,0,423,566
General Fund,"The County's General Fund covers the main functions of County Government. Nearly every Elected Official or Department Heads' budget is included in this fund and nearly all major expenses, salaries and benefits are paid from it. A breakdown of the revenue for the General Fund can be found in the Fiscal Year Budget summary.",1,13,Tax Assessment & Collections,Tax Assessment & Collections,Miscellaneous,,"The line item funds expenses associated with the calculation, collections, preparation, mailing of county property tax bills and is primarily utilized by the County Treasurer, County Clerk, and Supervisor of Assessments.",County Treasurer,4953,4598,4000,4000,4000,4000,4000,4000,4000,4000,4000,4000,2000,2000,2820,145,2677,4224,0,74,933,252,476,0,131,0,0,0,0,0,0,374,150,1647,191,2605,0,300,0,1292,1809,750,818,1141,1330,2820,142,2677,4224,0,49,933,252,476,0,0,0,0,0,0,0,0
General Fund,"The County's General Fund covers the main functions of County Government. Nearly every Elected Official or Department Heads' budget is included in this fund and nearly all major expenses, salaries and benefits are paid from it. A breakdown of the revenue for the General Fund can be found in the Fiscal Year Budget summary.",1,13,Tax Assessment & Collections,Tax Assessment & Collections,Publishing,,"The line item funds expenses associated with the calculation, collections, preparation, mailing of county property tax bills and is primarily utilized by the County Treasurer, County Clerk, and Supervisor of Assessments.",County Treasurer,0,0,0,0,0,0,0,0,0,0,0,0,0,0,0,0,0,0,2700,2482,2699,1633,2509,2218,5473,3000,4705,3900,6972,8487,6822,0,0,0,0,0,0,0,0,0,0,0,0,0,0,0,0,0,0,2694,2482,2699,1630,2509,2218,3000,1947,4213,3900,2933,7005,5916
General Fund,"The County's General Fund covers the main functions of County Government. Nearly every Elected Official or Department Heads' budget is included in this fund and nearly all major expenses, salaries and benefits are paid from it. A breakdown of the revenue for the General Fund can be found in the Fiscal Year Budget summary.",1,14,County Administration,County Administration,Salaries & Benefits,http://macoupincountyil.gov/board.htm,"The line item funds the operation of the county board office, payment of board of review salaries, the county's portion of annual audit costs, the county's annual costs of participating in the State's Attorney's Appellate Prosecutor program, county website development costs, West Central Development Council annual dues, and other small miscellaneous costs.",County Board Office,0,0,0,0,0,0,0,0,0,0,0,0,0,0,27000,52000,65420,80427,82169,56607,35268,35002,35173,24390,38699,91072,36499,57303,41750,15000,20363,0,0,0,0,0,0,0,0,0,0,0,0,0,0,27759,51391,65420,78865,96625,41037,35268,35002,35173,23034,91072,91072,31962,57303,32152,14913,20358
General Fund,"The County's General Fund covers the main functions of County Government. Nearly every Elected Official or Department Heads' budget is included in this fund and nearly all major expenses, salaries and benefits are paid from it. A breakdown of the revenue for the General Fund can be found in the Fiscal Year Budget summary.",1,14,County Administration,County Administration,Office Supplies & Postage,http://macoupincountyil.gov/board.htm,"The line item funds the operation of the county board office, payment of board of review salaries, the county's portion of annual audit costs, the county's annual costs of participating in the State's Attorney's Appellate Prosecutor program, county website development costs, West Central Development Council annual dues, and other small miscellaneous costs.",County Board Office,0,0,0,0,0,0,0,0,0,0,0,0,0,0,2821,3000,1627,1079,118,1111,250,3179,1827,4251,2350,930,3752,13968,2300,217,1139,0,0,0,0,0,0,0,0,0,0,0,0,0,0,2821,2297,1627,502,118,132,1111,3151,0,1557,930,904,2262,13968,885,217,1139
General Fund,"The County's General Fund covers the main functions of County Government. Nearly every Elected Official or Department Heads' budget is included in this fund and nearly all major expenses, salaries and benefits are paid from it. A breakdown of the revenue for the General Fund can be found in the Fiscal Year Budget summary.",1,14,County Administration,County Administration,"Mileage, Dues, & Conventions",http://macoupincountyil.gov/board.htm,"The line item funds the operation of the county board office, payment of board of review salaries, the county's portion of annual audit costs, the county's annual costs of participating in the State's Attorney's Appellate Prosecutor program, county website development costs, West Central Development Council annual dues, and other small miscellaneous costs.",County Board Office,0,0,0,0,0,0,0,0,0,0,0,0,0,0,1050,1050,65,700,298,803,300,175,100,0,0,0,0,0,0,0,0,0,0,0,0,0,0,0,0,0,0,0,0,0,0,1050,151,65,252,295,803,300,175,0,0,0,0,0,0,0,0,0
General Fund,"The County's General Fund covers the main functions of County Government. Nearly every Elected Official or Department Heads' budget is included in this fund and nearly all major expenses, salaries and benefits are paid from it. A breakdown of the revenue for the General Fund can be found in the Fiscal Year Budget summary.",1,14,County Administration,County Administration,Printing,http://macoupincountyil.gov/board.htm,"The line item funds the operation of the county board office, payment of board of review salaries, the county's portion of annual audit costs, the county's annual costs of participating in the State's Attorney's Appellate Prosecutor program, county website development costs, West Central Development Council annual dues, and other small miscellaneous costs.",County Board Office,0,0,0,0,0,0,0,0,0,0,0,0,0,0,849,900,1467,1500,917,1551,398,1900,1000,3488,352,513,3039,9744,3000,2004,282,0,0,0,0,0,0,0,0,0,0,0,0,0,0,849,528,1467,650,917,1552,398,1881,302,2228,513,513,1432,9744,897,1985,264
General Fund,"The County's General Fund covers the main functions of County Government. Nearly every Elected Official or Department Heads' budget is included in this fund and nearly all major expenses, salaries and benefits are paid from it. A breakdown of the revenue for the General Fund can be found in the Fiscal Year Budget summary.",1,14,County Administration,County Administration,Telephone,http://macoupincountyil.gov/board.htm,"The line item funds the operation of the county board office, payment of board of review salaries, the county's portion of annual audit costs, the county's annual costs of participating in the State's Attorney's Appellate Prosecutor program, county website development costs, West Central Development Council annual dues, and other small miscellaneous costs.",County Board Office,0,0,0,0,0,0,0,0,0,0,0,0,0,0,1309,1400,1249,1400,1125,1200,1215,1225,1200,1200,48081,47534,0,0,0,0,30000,0,0,0,0,0,0,0,0,0,0,0,0,0,0,1309,1335,1249,1190,1126,1178,1215,1215,826,712,47534,43118,0,0,0,0,29554
General Fund,"The County's General Fund covers the main functions of County Government. Nearly every Elected Official or Department Heads' budget is included in this fund and nearly all major expenses, salaries and benefits are paid from it. A breakdown of the revenue for the General Fund can be found in the Fiscal Year Budget summary.",1,14,County Administration,County Administration,Equipment Repairs & Maintenance,http://macoupincountyil.gov/board.htm,"The line item funds the operation of the county board office, payment of board of review salaries, the county's portion of annual audit costs, the county's annual costs of participating in the State's Attorney's Appellate Prosecutor program, county website development costs, West Central Development Council annual dues, and other small miscellaneous costs.",County Board Office,0,0,0,0,0,0,0,0,0,0,0,0,0,0,1580,1900,2476,1498,1175,1216,1224,1620,1500,2078,2000,3204,3744,27939,32000,53349,61753,0,0,0,0,0,0,0,0,0,0,0,0,0,0,1580,1897,2476,1197,1176,1216,1224,1592,0,2078,3204,3204,3744,23277,27760,51967,61753
General Fund,"The County's General Fund covers the main functions of County Government. Nearly every Elected Official or Department Heads' budget is included in this fund and nearly all major expenses, salaries and benefits are paid from it. A breakdown of the revenue for the General Fund can be found in the Fiscal Year Budget summary.",1,14,County Administration,County Administration,Miscellaneous,http://macoupincountyil.gov/board.htm,"The line item funds the operation of the county board office, payment of board of review salaries, the county's portion of annual audit costs, the county's annual costs of participating in the State's Attorney's Appellate Prosecutor program, county website development costs, West Central Development Council annual dues, and other small miscellaneous costs.",County Board Office,0,0,0,0,0,0,0,0,0,0,0,0,0,0,32525,5400,33370,594,5010,2100,318,1729,1828,2722,2700,4064,64543,2178,14911,14497,15925,0,0,0,0,0,0,0,0,0,0,0,0,0,0,24125,1069,33370,594,5010,1909,318,1729,1827,2622,4064,4064,64443,2178,7311,14497,15925
General Fund,"The County's General Fund covers the main functions of County Government. Nearly every Elected Official or Department Heads' budget is included in this fund and nearly all major expenses, salaries and benefits are paid from it. A breakdown of the revenue for the General Fund can be found in the Fiscal Year Budget summary.",1,14,County Administration,County Administration,Appellate Assistant Service,http://macoupincountyil.gov/board.htm,"The line item funds the operation of the county board office, payment of board of review salaries, the county's portion of annual audit costs, the county's annual costs of participating in the State's Attorney's Appellate Prosecutor program, county website development costs, West Central Development Council annual dues, and other small miscellaneous costs.",County Board Office,0,0,0,0,0,0,0,0,0,0,0,0,0,0,19960,20000,19935,23000,14028,14500,15720,15000,15500,15500,15375,18053,18000,17000,18000,18000,0,0,0,0,0,0,0,0,0,0,0,0,0,0,0,19960,16198,19935,14680,13480,13720,15720,15000,15240,15000,18053,18000,18000,17000,17000,18000,0
General Fund,"The County's General Fund covers the main functions of County Government. Nearly every Elected Official or Department Heads' budget is included in this fund and nearly all major expenses, salaries and benefits are paid from it. A breakdown of the revenue for the General Fund can be found in the Fiscal Year Budget summary.",1,14,County Administration,County Administration,Insurance,http://macoupincountyil.gov/board.htm,"The line item funds the operation of the county board office, payment of board of review salaries, the county's portion of annual audit costs, the county's annual costs of participating in the State's Attorney's Appellate Prosecutor program, county website development costs, West Central Development Council annual dues, and other small miscellaneous costs.",County Board Office,0,0,0,0,0,0,0,0,0,0,0,0,0,0,663103,645938,191543,206851,134889,0,0,0,0,0,0,0,0,0,0,0,0,0,0,0,0,0,0,0,0,0,0,0,0,0,0,609121,561831,191543,129340,120433,0,0,0,0,0,0,0,0,0,0,0,0
General Fund,"The County's General Fund covers the main functions of County Government. Nearly every Elected Official or Department Heads' budget is included in this fund and nearly all major expenses, salaries and benefits are paid from it. A breakdown of the revenue for the General Fund can be found in the Fiscal Year Budget summary.",1,14,County Administration,County Administration,Audit,http://macoupincountyil.gov/board.htm,"The line item funds the operation of the county board office, payment of board of review salaries, the county's portion of annual audit costs, the county's annual costs of participating in the State's Attorney's Appellate Prosecutor program, county website development costs, West Central Development Council annual dues, and other small miscellaneous costs.",County Board Office,0,0,0,0,0,0,0,0,0,0,0,0,0,0,26798,26800,26300,26300,30635,29965,18719,36833,33535,34035,34025,31910,34000,34000,40000,50420,41045,0,0,0,0,0,0,0,0,0,0,0,0,0,0,26798,26659,26300,28125,30635,29965,18719,32410,32410,34025,31910,31910,32870,33855,34865,50420,41045
General Fund,"The County's General Fund covers the main functions of County Government. Nearly every Elected Official or Department Heads' budget is included in this fund and nearly all major expenses, salaries and benefits are paid from it. A breakdown of the revenue for the General Fund can be found in the Fiscal Year Budget summary.",1,14,County Administration,County Administration,Care of Cemetery,http://macoupincountyil.gov/board.htm,"The line item funds the operation of the county board office, payment of board of review salaries, the county's portion of annual audit costs, the county's annual costs of participating in the State's Attorney's Appellate Prosecutor program, county website development costs, West Central Development Council annual dues, and other small miscellaneous costs.",County Board Office,0,0,0,0,0,0,0,0,0,0,0,0,0,0,800,901,1000,1000,1000,1000,1000,1000,1000,1000,1100,1000,1500,1050,1000,1000,1500,0,0,0,0,0,0,0,0,0,0,0,0,0,0,800,900,1000,500,900,1000,1000,1000,1000,1000,1000,1000,1500,1050,1000,500,1500
General Fund,"The County's General Fund covers the main functions of County Government. Nearly every Elected Official or Department Heads' budget is included in this fund and nearly all major expenses, salaries and benefits are paid from it. A breakdown of the revenue for the General Fund can be found in the Fiscal Year Budget summary.",1,14,County Administration,County Administration,County Website Design,http://macoupincountyil.gov/board.htm,"The line item funds the operation of the county board office, payment of board of review salaries, the county's portion of annual audit costs, the county's annual costs of participating in the State's Attorney's Appellate Prosecutor program, county website development costs, West Central Development Council annual dues, and other small miscellaneous costs.",County Board Office,0,0,0,0,0,0,0,0,0,0,0,0,0,0,1250,1301,1800,1800,1500,1475,1300,1300,1300,1300,1300,600,1300,406,0,0,0,0,0,0,0,0,0,0,0,0,0,0,0,0,0,1250,1300,1800,1470,1475,1300,1300,1300,1300,400,600,600,1000,406,0,0,0
General Fund,"The County's General Fund covers the main functions of County Government. Nearly every Elected Official or Department Heads' budget is included in this fund and nearly all major expenses, salaries and benefits are paid from it. A breakdown of the revenue for the General Fund can be found in the Fiscal Year Budget summary.",1,14,County Administration,County Administration,Tourism Commission,http://macoupincountyil.gov/board.htm,"The line item funds the operation of the county board office, payment of board of review salaries, the county's portion of annual audit costs, the county's annual costs of participating in the State's Attorney's Appellate Prosecutor program, county website development costs, West Central Development Council annual dues, and other small miscellaneous costs.",County Board Office,0,0,0,0,0,0,0,0,0,0,0,0,0,0,2000,2000,1000,1000,1000,0,0,0,0,0,0,0,0,0,0,0,0,0,0,0,0,0,0,0,0,0,0,0,0,0,0,0,0,1000,0,0,0,0,0,0,0,0,0,0,0,0,0,0
General Fund,"The County's General Fund covers the main functions of County Government. Nearly every Elected Official or Department Heads' budget is included in this fund and nearly all major expenses, salaries and benefits are paid from it. A breakdown of the revenue for the General Fund can be found in the Fiscal Year Budget summary.",1,14,County Administration,County Administration,West Central Planning,http://macoupincountyil.gov/board.htm,"The line item funds the operation of the county board office, payment of board of review salaries, the county's portion of annual audit costs, the county's annual costs of participating in the State's Attorney's Appellate Prosecutor program, county website development costs, West Central Development Council annual dues, and other small miscellaneous costs.",County Board Office,0,0,0,0,0,0,0,0,0,0,0,0,0,0,9536,9536,9536,10000,9536,19072,9537,9537,9537,9537,9540,1917,9540,5304,9540,0,1783,0,0,0,0,0,0,0,0,0,0,0,0,0,0,9536,9536,9536,9536,9536,19072,9537,9537,9537,9537,1917,1917,0,0,0,0,0
General Fund,"The County's General Fund covers the main functions of County Government. Nearly every Elected Official or Department Heads' budget is included in this fund and nearly all major expenses, salaries and benefits are paid from it. A breakdown of the revenue for the General Fund can be found in the Fiscal Year Budget summary.",1,14,County Administration,County Administration,Macoupin County Economic Development Partnership,http://macoupincountyil.gov/board.htm,"The line item funds the operation of the county board office, payment of board of review salaries, the county's portion of annual audit costs, the county's annual costs of participating in the State's Attorney's Appellate Prosecutor program, county website development costs, West Central Development Council annual dues, and other small miscellaneous costs.",County Board Office,0,0,0,0,0,0,0,0,0,0,0,0,0,0,73269,154500,173000,173000,180900,0,0,0,0,0,0,0,0,0,0,0,0,0,0,0,0,0,0,0,0,0,0,0,0,0,0,73269,154500,173000,180662,169808,0,0,0,0,0,0,0,0,0,0,0,0
General Fund,"The County's General Fund covers the main functions of County Government. Nearly every Elected Official or Department Heads' budget is included in this fund and nearly all major expenses, salaries and benefits are paid from it. A breakdown of the revenue for the General Fund can be found in the Fiscal Year Budget summary.",1,14,County Administration,County Administration,Legal Fees,http://macoupincountyil.gov/board.htm,"The line item funds the operation of the county board office, payment of board of review salaries, the county's portion of annual audit costs, the county's annual costs of participating in the State's Attorney's Appellate Prosecutor program, county website development costs, West Central Development Council annual dues, and other small miscellaneous costs.",County Board Office,0,0,0,0,0,0,0,0,0,0,0,0,0,0,0,0,0,0,0,0,0,0,0,28500,28500,1232,8824,22515,35000,24137,35681,0,0,0,0,0,0,0,0,0,0,0,0,0,0,0,0,0,0,0,0,0,0,0,20003,1232,188,500,16313,2438,24138,35681
General Fund,"The County's General Fund covers the main functions of County Government. Nearly every Elected Official or Department Heads' budget is included in this fund and nearly all major expenses, salaries and benefits are paid from it. A breakdown of the revenue for the General Fund can be found in the Fiscal Year Budget summary.",1,14,County Administration,County Administration,Utilities,http://macoupincountyil.gov/board.htm,"The line item funds the operation of the county board office, payment of board of review salaries, the county's portion of annual audit costs, the county's annual costs of participating in the State's Attorney's Appellate Prosecutor program, county website development costs, West Central Development Council annual dues, and other small miscellaneous costs.",County Board Office,0,0,0,0,0,0,0,0,0,0,0,0,0,0,0,0,0,0,0,0,0,0,0,5000,3800,1823,3800,0,0,0,0,0,0,0,0,0,0,0,0,0,0,0,0,0,0,0,0,0,0,0,0,0,0,0,3428,1823,1787,2493,0,0,0,0
General Fund,"The County's General Fund covers the main functions of County Government. Nearly every Elected Official or Department Heads' budget is included in this fund and nearly all major expenses, salaries and benefits are paid from it. A breakdown of the revenue for the General Fund can be found in the Fiscal Year Budget summary.",1,14,County Administration,County Administration,System Updates and Programming,http://macoupincountyil.gov/board.htm,"The line item funds the operation of the county board office, payment of board of review salaries, the county's portion of annual audit costs, the county's annual costs of participating in the State's Attorney's Appellate Prosecutor program, county website development costs, West Central Development Council annual dues, and other small miscellaneous costs.",County Board Office,0,0,0,0,0,0,0,0,0,0,0,0,0,0,0,0,0,0,0,0,0,0,0,0,7059,7800,12560,24182,5474,7219,10619,0,0,0,0,0,0,0,0,0,0,0,0,0,0,0,0,0,0,0,0,0,0,0,0,7800,7800,12560,24182,4725,5116,10619
General Fund,"The County's General Fund covers the main functions of County Government. Nearly every Elected Official or Department Heads' budget is included in this fund and nearly all major expenses, salaries and benefits are paid from it. A breakdown of the revenue for the General Fund can be found in the Fiscal Year Budget summary.",1,15,Transportaion (and Freight),Transportaion (and Freight),Miscellaneous,,These expenses helped cover public works projects that are now paid for by the Highway Department's Special Funds.,County Board Office,500,500,0,500,500,500,500,500,475,100,100,0,0,0,0,0,0,0,0,0,0,0,0,0,0,0,0,0,0,0,0,231,168,88,80,20,80,0,0,0,0,0,0,0,0,0,0,0,0,0,0,0,0,0,0,0,0,0,0,0,0,0
General Fund,"The County's General Fund covers the main functions of County Government. Nearly every Elected Official or Department Heads' budget is included in this fund and nearly all major expenses, salaries and benefits are paid from it. A breakdown of the revenue for the General Fund can be found in the Fiscal Year Budget summary.",1,16,Contingency,Contingency,Miscellaneous,,This line item was used by the Board as a budget dollars that could be used in the case of an emergency. Beginning in 2007 it was no longer budgeted by the Board.,County Board Office,39212,57019,35433,49543,156567,19248,7927,21475,13959,1237,2198,0,0,0,0,0,0,0,0,0,0,0,0,0,0,0,20000,0,0,0,0,25526,2909,30545,5113,0,0,7828,27210,374,0,0,0,0,0,0,0,0,0,0,200,0,0,0,0,0,0,11372,0,0,0,0
General Fund,"The County's General Fund covers the main functions of County Government. Nearly every Elected Official or Department Heads' budget is included in this fund and nearly all major expenses, salaries and benefits are paid from it. A breakdown of the revenue for the General Fund can be found in the Fiscal Year Budget summary.",1,17,Insurance,Insurance,Employee Health Insurance,,"This purpose of this line item is to fund the county's portion of employee health, dental, and life insurance for those county employees and two MEDP employees [this does not include health and highway departments]. The county currently pays 90% of the premium for active and insurance-eligible employees' health and dental plans and 100% of a 10,000 life policy for all active employees. This line would also fund the expense of paying the third-party administrator for the county's HRA account and disbursements of HRA payments to qualifying employees. Eligible retiree, severance plan retiree, and COBRA employee premiums are also paid through this line item at the scheduled rates. Premiums for MEDP employees, COBRA employees, and retirees are reimbursed to the county in full while severance plan employees are reimbursed to the county at their scheduled rates.",County Board Office,285000,325000,325000,350000,350000,174312,220000,720000,839908,927769,792575,727673,765698,606156,0,0,0,0,0,577014,600000,553318,615964,619916,624916,565568,554916,631113,616190,735256,868526,276628,296359,322283,336313,358242,304129,235687,712585,800600,790075,715950,695012,548386,488266,0,0,0,0,0,577014,578493,553318,615907,619916,565568,549590,553070,576055,602991,717534,838377
General Fund,"The County's General Fund covers the main functions of County Government. Nearly every Elected Official or Department Heads' budget is included in this fund and nearly all major expenses, salaries and benefits are paid from it. A breakdown of the revenue for the General Fund can be found in the Fiscal Year Budget summary.",1,17,Insurance,Insurance,Life Insurance,,"This purpose of this line item is to fund the county's portion of employee health, dental, and life insurance for those county employees and two MEDP employees [this does not include health and highway departments]. The county currently pays 90% of the premium for active and insurance-eligible employees' health and dental plans and 100% of a 10,000 life policy for all active employees. This line would also fund the expense of paying the third-party administrator for the county's HRA account and disbursements of HRA payments to qualifying employees. Eligible retiree, severance plan retiree, and COBRA employee premiums are also paid through this line item at the scheduled rates. Premiums for MEDP employees, COBRA employees, and retirees are reimbursed to the county in full while severance plan employees are reimbursed to the county at their scheduled rates.",County Board Office,0,0,0,0,0,0,0,0,0,0,0,0,5462,5000,0,0,0,0,0,3000,3000,2617,3000,2891,2891,2891,2891,2891,2890,2890,3890,0,0,0,0,0,0,0,0,0,0,0,0,4582,4662,0,0,0,0,0,2311,2578,2617,2770,2891,2891,1153,1401,1377,1354,1430,3714
General Fund,"The County's General Fund covers the main functions of County Government. Nearly every Elected Official or Department Heads' budget is included in this fund and nearly all major expenses, salaries and benefits are paid from it. A breakdown of the revenue for the General Fund can be found in the Fiscal Year Budget summary.",1,17,Insurance,Insurance,State Unemployment Insurance,,"This purpose of this line item is to fund the county's portion of employee health, dental, and life insurance for those county employees and two MEDP employees [this does not include health and highway departments]. The county currently pays 90% of the premium for active and insurance-eligible employees' health and dental plans and 100% of a 10,000 life policy for all active employees. This line would also fund the expense of paying the third-party administrator for the county's HRA account and disbursements of HRA payments to qualifying employees. Eligible retiree, severance plan retiree, and COBRA employee premiums are also paid through this line item at the scheduled rates. Premiums for MEDP employees, COBRA employees, and retirees are reimbursed to the county in full while severance plan employees are reimbursed to the county at their scheduled rates.",County Board Office,20000,25000,25000,25000,25000,688,15000,15000,12017,15460,17424,17800,28072,27844,0,0,0,0,0,50000,25550,16347,21577,22000,19000,21976,21972,15631,37000,30000,14717,20000,14055,9570,8328,12315,688,13271,12195,12017,15281,17424,17800,28072,27844,0,0,0,0,0,26331,17008,16347,19483,20682,21976,10702,10229,10713,15013,16612,14717
General Fund,"The County's General Fund covers the main functions of County Government. Nearly every Elected Official or Department Heads' budget is included in this fund and nearly all major expenses, salaries and benefits are paid from it. A breakdown of the revenue for the General Fund can be found in the Fiscal Year Budget summary.",1,17,Insurance,Insurance,Workers Compensation Insurance,,"This purpose of this line item is to fund the county's portion of employee health, dental, and life insurance for those county employees and two MEDP employees [this does not include health and highway departments]. The county currently pays 90% of the premium for active and insurance-eligible employees' health and dental plans and 100% of a 10,000 life policy for all active employees. This line would also fund the expense of paying the third-party administrator for the county's HRA account and disbursements of HRA payments to qualifying employees. Eligible retiree, severance plan retiree, and COBRA employee premiums are also paid through this line item at the scheduled rates. Premiums for MEDP employees, COBRA employees, and retirees are reimbursed to the county in full while severance plan employees are reimbursed to the county at their scheduled rates.",County Board Office,105000,0,0,0,0,0,0,0,0,0,0,0,0,0,0,0,0,0,0,0,0,0,0,0,0,0,0,0,0,0,0,105000,0,0,0,0,0,0,0,0,0,0,0,0,0,0,0,0,0,0,0,0,0,0,0,0,0,0,0,0,0,0
General Fund,"The County's General Fund covers the main functions of County Government. Nearly every Elected Official or Department Heads' budget is included in this fund and nearly all major expenses, salaries and benefits are paid from it. A breakdown of the revenue for the General Fund can be found in the Fiscal Year Budget summary.",1,17,Insurance,Insurance,Public Liability,,"This purpose of this line item is to fund the county's portion of employee health, dental, and life insurance for those county employees and two MEDP employees [this does not include health and highway departments]. The county currently pays 90% of the premium for active and insurance-eligible employees' health and dental plans and 100% of a 10,000 life policy for all active employees. This line would also fund the expense of paying the third-party administrator for the county's HRA account and disbursements of HRA payments to qualifying employees. Eligible retiree, severance plan retiree, and COBRA employee premiums are also paid through this line item at the scheduled rates. Premiums for MEDP employees, COBRA employees, and retirees are reimbursed to the county in full while severance plan employees are reimbursed to the county at their scheduled rates.",County Board Office,0,0,0,0,0,0,0,0,0,0,0,0,0,0,0,0,0,0,0,0,0,0,0,0,0,0,0,0,0,0,0,0,0,0,0,0,0,0,0,0,0,0,0,0,0,0,0,0,0,0,0,0,0,0,0,0,0,0,0,0,0,0
General Fund,"The County's General Fund covers the main functions of County Government. Nearly every Elected Official or Department Heads' budget is included in this fund and nearly all major expenses, salaries and benefits are paid from it. A breakdown of the revenue for the General Fund can be found in the Fiscal Year Budget summary.",1,17,Insurance,Insurance,Property,,"This purpose of this line item is to fund the county's portion of employee health, dental, and life insurance for those county employees and two MEDP employees [this does not include health and highway departments]. The county currently pays 90% of the premium for active and insurance-eligible employees' health and dental plans and 100% of a 10,000 life policy for all active employees. This line would also fund the expense of paying the third-party administrator for the county's HRA account and disbursements of HRA payments to qualifying employees. Eligible retiree, severance plan retiree, and COBRA employee premiums are also paid through this line item at the scheduled rates. Premiums for MEDP employees, COBRA employees, and retirees are reimbursed to the county in full while severance plan employees are reimbursed to the county at their scheduled rates.",County Board Office,0,0,0,0,0,0,0,0,0,0,0,0,0,0,0,0,0,0,0,0,0,0,0,0,0,0,0,0,0,0,0,0,0,0,0,0,0,0,0,0,0,0,0,0,0,0,0,0,0,0,0,0,0,0,0,0,0,0,0,0,0,0
General Fund,"The County's General Fund covers the main functions of County Government. Nearly every Elected Official or Department Heads' budget is included in this fund and nearly all major expenses, salaries and benefits are paid from it. A breakdown of the revenue for the General Fund can be found in the Fiscal Year Budget summary.",1,17,Insurance,Insurance,Miscellaneous,,"This purpose of this line item is to fund the county's portion of employee health, dental, and life insurance for those county employees and two MEDP employees [this does not include health and highway departments]. The county currently pays 90% of the premium for active and insurance-eligible employees' health and dental plans and 100% of a 10,000 life policy for all active employees. This line would also fund the expense of paying the third-party administrator for the county's HRA account and disbursements of HRA payments to qualifying employees. Eligible retiree, severance plan retiree, and COBRA employee premiums are also paid through this line item at the scheduled rates. Premiums for MEDP employees, COBRA employees, and retirees are reimbursed to the county in full while severance plan employees are reimbursed to the county at their scheduled rates.",County Board Office,0,0,0,0,0,0,0,0,0,0,0,527,2415,1000,0,0,0,0,0,1000,11450,0,423,273,273,296,301,320,259,267,280,0,0,0,0,0,0,0,0,0,0,0,247,2415,0,0,0,0,0,0,206,11450,0,423,273,296,228,231,187,259,267,280
General Fund,"The County's General Fund covers the main functions of County Government. Nearly every Elected Official or Department Heads' budget is included in this fund and nearly all major expenses, salaries and benefits are paid from it. A breakdown of the revenue for the General Fund can be found in the Fiscal Year Budget summary.",1,17,Insurance,Insurance,Retirees/Cobra Premiums,,"This purpose of this line item is to fund the county's portion of employee health, dental, and life insurance for those county employees and two MEDP employees [this does not include health and highway departments]. The county currently pays 90% of the premium for active and insurance-eligible employees' health and dental plans and 100% of a 10,000 life policy for all active employees. This line would also fund the expense of paying the third-party administrator for the county's HRA account and disbursements of HRA payments to qualifying employees. Eligible retiree, severance plan retiree, and COBRA employee premiums are also paid through this line item at the scheduled rates. Premiums for MEDP employees, COBRA employees, and retirees are reimbursed to the county in full while severance plan employees are reimbursed to the county at their scheduled rates.",County Board Office,0,0,0,0,0,0,0,0,0,0,0,0,0,0,0,0,0,0,0,100000,100000,73142,75000,12060,13060,17060,32602,30423,40817,50000,36000,0,0,0,0,0,0,0,0,0,0,0,0,0,0,0,0,0,0,0,88598,99291,73142,29763,12060,17060,15273,32602,28577,40817,30536,33656
General Fund,"The County's General Fund covers the main functions of County Government. Nearly every Elected Official or Department Heads' budget is included in this fund and nearly all major expenses, salaries and benefits are paid from it. A breakdown of the revenue for the General Fund can be found in the Fiscal Year Budget summary.",1,17,Insurance,Insurance,HRA Reimbursement and Admin Fees,,"This purpose of this line item is to fund the county's portion of employee health, dental, and life insurance for those county employees and two MEDP employees [this does not include health and highway departments]. The county currently pays 90% of the premium for active and insurance-eligible employees' health and dental plans and 100% of a 10,000 life policy for all active employees. This line would also fund the expense of paying the third-party administrator for the county's HRA account and disbursements of HRA payments to qualifying employees. Eligible retiree, severance plan retiree, and COBRA employee premiums are also paid through this line item at the scheduled rates. Premiums for MEDP employees, COBRA employees, and retirees are reimbursed to the county in full while severance plan employees are reimbursed to the county at their scheduled rates.",County Board Office,0,0,0,0,0,0,0,0,0,0,0,0,0,0,0,0,0,0,0,68986,60000,104576,84036,92860,92861,72861,72319,84623,88921,86271,81271,0,0,0,0,0,0,0,0,0,0,0,0,0,0,0,0,0,0,0,41281,50005,85289,44940,35748,72861,47545,43559,38667,47288,38714,39536
General Fund,"The County's General Fund covers the main functions of County Government. Nearly every Elected Official or Department Heads' budget is included in this fund and nearly all major expenses, salaries and benefits are paid from it. A breakdown of the revenue for the General Fund can be found in the Fiscal Year Budget summary.",1,151,Voting Center,Voting Center,Utilites,,"In 2022, the County Elections office was selected as one of ten Centers for Election Excellence in the nation. As part of that designation, the County received a grant that was used to purchase and remodel an office building directly across the street from the Courthouse to serve as a Voting Center. This budget helps pay for the utility and reoccurring costs for the building.",County Clerk,0,0,0,0,0,0,0,0,0,0,0,0,0,0,0,0,0,0,0,0,0,0,0,0,0,0,0,0,2500,12000,12000,0,0,0,0,0,0,0,0,0,0,0,0,0,0,0,0,0,0,0,0,0,0,0,0,0,0,0,0,1316,11960,9514
General Fund,"The County's General Fund covers the main functions of County Government. Nearly every Elected Official or Department Heads' budget is included in this fund and nearly all major expenses, salaries and benefits are paid from it. A breakdown of the revenue for the General Fund can be found in the Fiscal Year Budget summary.",1,18,Matching Funds,Matching Funds,County Match to Highway,,These expenses helped cover public works projects that are now paid for by the Highway Department's Special Funds.,County Highway Engineer,0,0,1200,0,0,0,1200,1200,0,0,0,0,0,0,0,0,0,0,0,0,0,0,0,0,0,0,0,0,0,0,0,0,0,0,0,0,0,0,0,0,0,0,0,0,0,0,0,0,0,0,0,0,0,0,0,0,0,0,0,0,0,0
General Fund,"The County's General Fund covers the main functions of County Government. Nearly every Elected Official or Department Heads' budget is included in this fund and nearly all major expenses, salaries and benefits are paid from it. A breakdown of the revenue for the General Fund can be found in the Fiscal Year Budget summary.",1,19,Real Estate Stamps,Real Estate Stamps,Office Supplies,,"Anyone who buys property within county limits must purchase real estate transfer tax stamps. This purpose of this line item is to fund the County Clerk's purchase of those physical real estate transfer tax stamps throughout the course of the fiscal year. For every stamp that is purchased through this line item, the county is reimbursed.",County Clerk,0,0,0,0,0,0,0,0,0,0,0,0,0,160000,285000,170000,86625,145828,112529,115000,140000,128000,120000,130000,140000,91956,200000,2589,0,0,0,0,0,0,0,0,0,0,0,0,0,0,0,0,98670,284600,104050,86625,104684,112529,115000,130950,108750,118800,129750,91956,91956,182800,2589,0,0,0
General Fund,"The County's General Fund covers the main functions of County Government. Nearly every Elected Official or Department Heads' budget is included in this fund and nearly all major expenses, salaries and benefits are paid from it. A breakdown of the revenue for the General Fund can be found in the Fiscal Year Budget summary.",1,20,Archives,Archives,Miscellaneous,,"The County Archives, located at the former Carlinville Public Library Building, houses decades worth of county records. Volunteers who work at indexing and organizing those records raised donations to help cover small fixes to the building.",County Board Office,0,0,0,0,0,0,0,0,0,0,0,0,0,0,0,0,0,4845,0,1445,1545,0,0,0,0,0,0,0,0,0,0,0,0,0,0,0,0,0,0,0,0,0,0,0,0,0,0,0,3850,0,200,0,0,0,0,0,0,0,0,0,0,0
General Fund,"The County's General Fund covers the main functions of County Government. Nearly every Elected Official or Department Heads' budget is included in this fund and nearly all major expenses, salaries and benefits are paid from it. A breakdown of the revenue for the General Fund can be found in the Fiscal Year Budget summary.",1,21,Sheriff,Sheriff,Salaries & Benefits,http://macoupincountyil.gov/sheriff_dept.htm,"The line item, under the control of the Sheriff, funds the operation of the County Sheriff's office outside of the Jail and all of its employees [deputies, investigators, telecommunicators, clerks, and all non-jail staff]. In addition to employee salaries, major expenses such as overtime and vehicle maintenance expenses are paid through this line. Beginning in Fiscal Year 2014, the costs of employee insurance, costs associated with the Jail, Jail Medical Expenses and Court Security General Fund salaries were seperated from the Sheriff's budget and made their own seperate budget.",Sheriff,1334922,1458060,1572325,1570625,1519702,1613947,1663004,1868575,1993951,2123423,2072181,2152592,2124450,2097250,2040661,1964184,2284777,2451488,2790164,1785882,1835257,1824020,1789845,1814061,1839886,1807662,1869314,1923839,2023342,2205763,2295716,1334922,1458060,1572325,1559929,1519730,1613947,1663110,1868549,1993297,2108554,2072174,2149715,2117869,2096986,2045169,1964184,2282277,2451422,2790164,1785882,1835255,1824020,1789382,1814046,1807662,1807662,1869314,1923839,2023342,2205650,2288837
General Fund,"The County's General Fund covers the main functions of County Government. Nearly every Elected Official or Department Heads' budget is included in this fund and nearly all major expenses, salaries and benefits are paid from it. A breakdown of the revenue for the General Fund can be found in the Fiscal Year Budget summary.",1,21,Sheriff,Sheriff,Salary Reimbursed by Grant,http://macoupincountyil.gov/sheriff_dept.htm,"The line item, under the control of the Sheriff, funds the operation of the County Sheriff's office outside of the Jail and all of its employees [deputies, investigators, telecommunicators, clerks, and all non-jail staff]. In addition to employee salaries, major expenses such as overtime and vehicle maintenance expenses are paid through this line. Beginning in Fiscal Year 2014, the costs of employee insurance, costs associated with the Jail, Jail Medical Expenses and Court Security General Fund salaries were seperated from the Sheriff's budget and made their own seperate budget.",Sheriff,0,0,0,0,30000,0,0,0,0,0,0,0,0,0,0,0,0,0,0,0,0,0,0,0,0,0,0,0,0,0,0,0,0,0,0,5414,0,0,0,0,0,0,0,0,0,0,0,0,0,0,0,0,0,0,0,0,0,0,0,0,0,0
General Fund,"The County's General Fund covers the main functions of County Government. Nearly every Elected Official or Department Heads' budget is included in this fund and nearly all major expenses, salaries and benefits are paid from it. A breakdown of the revenue for the General Fund can be found in the Fiscal Year Budget summary.",1,21,Sheriff,Sheriff,Salaries & Benefits Reimbursed by Drug Task Force,http://macoupincountyil.gov/sheriff_dept.htm,"The line item, under the control of the Sheriff, funds the operation of the County Sheriff's office outside of the Jail and all of its employees [deputies, investigators, telecommunicators, clerks, and all non-jail staff]. In addition to employee salaries, major expenses such as overtime and vehicle maintenance expenses are paid through this line. Beginning in Fiscal Year 2014, the costs of employee insurance, costs associated with the Jail, Jail Medical Expenses and Court Security General Fund salaries were seperated from the Sheriff's budget and made their own seperate budget.",Sheriff,21021,22000,22000,34000,34000,34000,34000,36750,36290,44640,54135,54135,56141,55018,48416,45995,50174,51198,52400,53400,54000,54000,54000,54000,54000,53325,53325,45000,47500,47500,47500,21021,17850,26748,28316,30303,31310,33679,36783,36424,44602,50592,49261,46399,48362,48416,40214,48890,50988,52400,46238,47167,48022,49175,50544,53325,53325,42675,43088,60137,40000,40000
General Fund,"The County's General Fund covers the main functions of County Government. Nearly every Elected Official or Department Heads' budget is included in this fund and nearly all major expenses, salaries and benefits are paid from it. A breakdown of the revenue for the General Fund can be found in the Fiscal Year Budget summary.",1,21,Sheriff,Sheriff,Retroactive Salaries,http://macoupincountyil.gov/sheriff_dept.htm,"The line item, under the control of the Sheriff, funds the operation of the County Sheriff's office outside of the Jail and all of its employees [deputies, investigators, telecommunicators, clerks, and all non-jail staff]. In addition to employee salaries, major expenses such as overtime and vehicle maintenance expenses are paid through this line. Beginning in Fiscal Year 2014, the costs of employee insurance, costs associated with the Jail, Jail Medical Expenses and Court Security General Fund salaries were seperated from the Sheriff's budget and made their own seperate budget.",Sheriff,0,0,0,0,0,0,0,0,0,0,0,0,0,0,0,0,0,467774,0,0,0,0,0,0,0,0,0,0,0,0,0,0,0,0,0,0,0,0,0,0,0,0,0,0,0,0,0,0,467774,0,0,0,0,0,0,0,0,0,0,0,0,0
General Fund,"The County's General Fund covers the main functions of County Government. Nearly every Elected Official or Department Heads' budget is included in this fund and nearly all major expenses, salaries and benefits are paid from it. A breakdown of the revenue for the General Fund can be found in the Fiscal Year Budget summary.",1,21,Sheriff,Sheriff,Office Supplies,http://macoupincountyil.gov/sheriff_dept.htm,"The line item, under the control of the Sheriff, funds the operation of the County Sheriff's office outside of the Jail and all of its employees [deputies, investigators, telecommunicators, clerks, and all non-jail staff]. In addition to employee salaries, major expenses such as overtime and vehicle maintenance expenses are paid through this line. Beginning in Fiscal Year 2014, the costs of employee insurance, costs associated with the Jail, Jail Medical Expenses and Court Security General Fund salaries were seperated from the Sheriff's budget and made their own seperate budget.",Sheriff,28428,27070,32701,44139,34602,33000,27764,38682,34047,14824,10936,26800,47079,47456,45966,34529,38343,24912,35371,13468,19999,11280,12454,18878,20861,12270,15117,14536,16488,44943,15851,28428,27070,27672,44139,34602,30388,28738,38627,34047,14158,10936,26583,47079,47456,45966,34529,38343,24912,18823,13468,19999,11280,12454,18858,12270,12270,15117,14536,16488,11929,15851
General Fund,"The County's General Fund covers the main functions of County Government. Nearly every Elected Official or Department Heads' budget is included in this fund and nearly all major expenses, salaries and benefits are paid from it. A breakdown of the revenue for the General Fund can be found in the Fiscal Year Budget summary.",1,21,Sheriff,Sheriff,Leads,http://macoupincountyil.gov/sheriff_dept.htm,"The line item, under the control of the Sheriff, funds the operation of the County Sheriff's office outside of the Jail and all of its employees [deputies, investigators, telecommunicators, clerks, and all non-jail staff]. In addition to employee salaries, major expenses such as overtime and vehicle maintenance expenses are paid through this line. Beginning in Fiscal Year 2014, the costs of employee insurance, costs associated with the Jail, Jail Medical Expenses and Court Security General Fund salaries were seperated from the Sheriff's budget and made their own seperate budget.",Sheriff,0,0,0,0,0,0,0,0,0,0,0,0,5000,2145,0,2590,0,0,0,0,0,0,506,0,0,0,0,0,0,0,0,0,0,0,0,0,0,0,0,0,0,0,0,0,2145,0,2590,0,0,0,0,0,0,506,0,0,0,0,0,0,0,0
General Fund,"The County's General Fund covers the main functions of County Government. Nearly every Elected Official or Department Heads' budget is included in this fund and nearly all major expenses, salaries and benefits are paid from it. A breakdown of the revenue for the General Fund can be found in the Fiscal Year Budget summary.",1,21,Sheriff,Sheriff,Travel,http://macoupincountyil.gov/sheriff_dept.htm,"The line item, under the control of the Sheriff, funds the operation of the County Sheriff's office outside of the Jail and all of its employees [deputies, investigators, telecommunicators, clerks, and all non-jail staff]. In addition to employee salaries, major expenses such as overtime and vehicle maintenance expenses are paid through this line. Beginning in Fiscal Year 2014, the costs of employee insurance, costs associated with the Jail, Jail Medical Expenses and Court Security General Fund salaries were seperated from the Sheriff's budget and made their own seperate budget.",Sheriff,1660,2126,2322,3134,3000,4000,1383,2535,3000,3000,1532,1513,3000,3000,2682,2352,1998,3775,1505,414,5316,6081,3802,4683,3219,4136,3905,2560,1632,2491,3018,1660,2126,2322,3134,2038,2391,1383,2535,2596,1662,1533,1513,1738,2866,2432,2352,1998,3775,1505,414,5316,6081,3802,4683,4136,4136,3905,2560,1632,3019,3018
General Fund,"The County's General Fund covers the main functions of County Government. Nearly every Elected Official or Department Heads' budget is included in this fund and nearly all major expenses, salaries and benefits are paid from it. A breakdown of the revenue for the General Fund can be found in the Fiscal Year Budget summary.",1,21,Sheriff,Sheriff,Education & Training,http://macoupincountyil.gov/sheriff_dept.htm,"The line item, under the control of the Sheriff, funds the operation of the County Sheriff's office outside of the Jail and all of its employees [deputies, investigators, telecommunicators, clerks, and all non-jail staff]. In addition to employee salaries, major expenses such as overtime and vehicle maintenance expenses are paid through this line. Beginning in Fiscal Year 2014, the costs of employee insurance, costs associated with the Jail, Jail Medical Expenses and Court Security General Fund salaries were seperated from the Sheriff's budget and made their own seperate budget.",Sheriff,4005,4377,4094,2192,5889,8000,8185,3882,5833,6385,7802,8000,12272,9277,6500,7762,4167,7969,4697,9455,11338,6694,12519,5701,10170,7988,19031,23945,18185,18433,8765,4005,4377,4094,2192,5889,6907,8185,3882,5833,6385,7802,7885,12272,8977,5430,7762,4167,7969,4697,9455,11338,6694,12519,5701,7988,7988,19031,23945,18185,20479,8765
General Fund,"The County's General Fund covers the main functions of County Government. Nearly every Elected Official or Department Heads' budget is included in this fund and nearly all major expenses, salaries and benefits are paid from it. A breakdown of the revenue for the General Fund can be found in the Fiscal Year Budget summary.",1,21,Sheriff,Sheriff,Lodging & Meals Conveying Prisoners,http://macoupincountyil.gov/sheriff_dept.htm,"The line item, under the control of the Sheriff, funds the operation of the County Sheriff's office outside of the Jail and all of its employees [deputies, investigators, telecommunicators, clerks, and all non-jail staff]. In addition to employee salaries, major expenses such as overtime and vehicle maintenance expenses are paid through this line. Beginning in Fiscal Year 2014, the costs of employee insurance, costs associated with the Jail, Jail Medical Expenses and Court Security General Fund salaries were seperated from the Sheriff's budget and made their own seperate budget.",Sheriff,323,756,3111,2722,4000,4000,1036,5460,4000,4000,1587,2300,9206,2000,2000,3327,2999,203,93,0,0,50,81,0,0,0,0,0,0,0,0,323,670,3111,2722,2499,2633,2388,5460,1496,3151,1588,2216,9206,1438,1378,3327,2999,203,93,0,0,50,81,0,0,0,0,0,0,0,0
General Fund,"The County's General Fund covers the main functions of County Government. Nearly every Elected Official or Department Heads' budget is included in this fund and nearly all major expenses, salaries and benefits are paid from it. A breakdown of the revenue for the General Fund can be found in the Fiscal Year Budget summary.",1,21,Sheriff,Sheriff,Equipment Repair,http://macoupincountyil.gov/sheriff_dept.htm,"The line item, under the control of the Sheriff, funds the operation of the County Sheriff's office outside of the Jail and all of its employees [deputies, investigators, telecommunicators, clerks, and all non-jail staff]. In addition to employee salaries, major expenses such as overtime and vehicle maintenance expenses are paid through this line. Beginning in Fiscal Year 2014, the costs of employee insurance, costs associated with the Jail, Jail Medical Expenses and Court Security General Fund salaries were seperated from the Sheriff's budget and made their own seperate budget.",Sheriff,9855,3465,5406,8287,9290,10000,6865,10520,12135,10876,21691,44039,60000,50807,47437,27459,27427,24864,38232,26177,29223,35386,16205,14001,10843,9898,11821,16097,15806,20072,18420,9855,3465,5406,8287,9290,7606,6865,10520,12135,10876,21691,44039,43023,50058,45263,27459,27427,24864,38232,26177,29223,35386,15900,14001,9898,9898,11821,16097,15806,20072,18420
General Fund,"The County's General Fund covers the main functions of County Government. Nearly every Elected Official or Department Heads' budget is included in this fund and nearly all major expenses, salaries and benefits are paid from it. A breakdown of the revenue for the General Fund can be found in the Fiscal Year Budget summary.",1,21,Sheriff,Sheriff,Vehicle Expense,http://macoupincountyil.gov/sheriff_dept.htm,"The line item, under the control of the Sheriff, funds the operation of the County Sheriff's office outside of the Jail and all of its employees [deputies, investigators, telecommunicators, clerks, and all non-jail staff]. In addition to employee salaries, major expenses such as overtime and vehicle maintenance expenses are paid through this line. Beginning in Fiscal Year 2014, the costs of employee insurance, costs associated with the Jail, Jail Medical Expenses and Court Security General Fund salaries were seperated from the Sheriff's budget and made their own seperate budget.",Sheriff,61067,68796,69978,61034,72561,88500,92680,90366,96445,107654,145958,116237,126748,186975,86281,125792,111942,89433,154005,241287,212986,123588,143521,132592,152362,191073,129152,210434,179832,159366,226595,61067,68796,63140,61034,72561,86739,93194,90366,96445,107654,145958,115295,126748,187215,81538,125792,111942,89433,154005,171287,212986,123588,139796,132592,191073,154028,128019,210434,179832,175758,226595
General Fund,"The County's General Fund covers the main functions of County Government. Nearly every Elected Official or Department Heads' budget is included in this fund and nearly all major expenses, salaries and benefits are paid from it. A breakdown of the revenue for the General Fund can be found in the Fiscal Year Budget summary.",1,21,Sheriff,Sheriff,Insurance,http://macoupincountyil.gov/sheriff_dept.htm,"The line item, under the control of the Sheriff, funds the operation of the County Sheriff's office outside of the Jail and all of its employees [deputies, investigators, telecommunicators, clerks, and all non-jail staff]. In addition to employee salaries, major expenses such as overtime and vehicle maintenance expenses are paid through this line. Beginning in Fiscal Year 2014, the costs of employee insurance, costs associated with the Jail, Jail Medical Expenses and Court Security General Fund salaries were seperated from the Sheriff's budget and made their own seperate budget.",Sheriff,14111,14337,15091,18565,18000,20000,17952,25832,2680,4524,1030,100,2682,575,6910,1000,2965,0,0,0,2,627,270,1000,2,0,40,0,2,0,15,14111,14337,15091,18565,14905,17969,17952,25832,172,3520,1030,55,2682,575,6910,1000,2965,0,0,0,2,627,0,1000,0,0,40,0,2,0,15
General Fund,"The County's General Fund covers the main functions of County Government. Nearly every Elected Official or Department Heads' budget is included in this fund and nearly all major expenses, salaries and benefits are paid from it. A breakdown of the revenue for the General Fund can be found in the Fiscal Year Budget summary.",1,21,Sheriff,Sheriff,K-9,http://macoupincountyil.gov/sheriff_dept.htm,"The line item, under the control of the Sheriff, funds the operation of the County Sheriff's office outside of the Jail and all of its employees [deputies, investigators, telecommunicators, clerks, and all non-jail staff]. In addition to employee salaries, major expenses such as overtime and vehicle maintenance expenses are paid through this line. Beginning in Fiscal Year 2014, the costs of employee insurance, costs associated with the Jail, Jail Medical Expenses and Court Security General Fund salaries were seperated from the Sheriff's budget and made their own seperate budget.",Sheriff,0,0,0,0,0,0,0,0,0,0,1268,1200,878,1697,1003,706,925,0,0,0,0,20,555,501,671,1011,512,410,348,113,625,0,0,0,0,0,0,0,0,0,0,1268,1164,828,1697,849,706,925,0,0,0,0,20,555,501,1011,1011,512,410,348,618,625
General Fund,"The County's General Fund covers the main functions of County Government. Nearly every Elected Official or Department Heads' budget is included in this fund and nearly all major expenses, salaries and benefits are paid from it. A breakdown of the revenue for the General Fund can be found in the Fiscal Year Budget summary.",1,21,Sheriff,Sheriff,Telephone,http://macoupincountyil.gov/sheriff_dept.htm,"The line item, under the control of the Sheriff, funds the operation of the County Sheriff's office outside of the Jail and all of its employees [deputies, investigators, telecommunicators, clerks, and all non-jail staff]. In addition to employee salaries, major expenses such as overtime and vehicle maintenance expenses are paid through this line. Beginning in Fiscal Year 2014, the costs of employee insurance, costs associated with the Jail, Jail Medical Expenses and Court Security General Fund salaries were seperated from the Sheriff's budget and made their own seperate budget.",Sheriff,0,0,0,0,0,0,0,0,0,27439,30000,28167,35000,26484,26421,25645,26979,15489,26327,31660,29086,20967,9801,4990,4164,3786,3713,3005,2845,4106,2871,0,0,0,0,0,0,0,0,0,27439,27247,28167,29606,26484,26215,25645,26979,15489,26327,31660,29086,20967,9801,4990,3786,3786,3713,3005,2845,4106,2871
General Fund,"The County's General Fund covers the main functions of County Government. Nearly every Elected Official or Department Heads' budget is included in this fund and nearly all major expenses, salaries and benefits are paid from it. A breakdown of the revenue for the General Fund can be found in the Fiscal Year Budget summary.",1,21,Sheriff,Sheriff,Miscellaneous,http://macoupincountyil.gov/sheriff_dept.htm,"The line item, under the control of the Sheriff, funds the operation of the County Sheriff's office outside of the Jail and all of its employees [deputies, investigators, telecommunicators, clerks, and all non-jail staff]. In addition to employee salaries, major expenses such as overtime and vehicle maintenance expenses are paid through this line. Beginning in Fiscal Year 2014, the costs of employee insurance, costs associated with the Jail, Jail Medical Expenses and Court Security General Fund salaries were seperated from the Sheriff's budget and made their own seperate budget.",Sheriff,741,705,728,607,41500,175,487,457,1446,26055,10229,2144,2193,1500,1336,0,580,0,518,60,122,0,1375,421,127,341,7542,1567,152,116,296,741,705,728,607,41162,0,487,457,1446,26055,10229,2144,1804,0,1318,0,578,0,518,0,122,0,701,421,341,341,7542,1567,152,116,296
General Fund,"The County's General Fund covers the main functions of County Government. Nearly every Elected Official or Department Heads' budget is included in this fund and nearly all major expenses, salaries and benefits are paid from it. A breakdown of the revenue for the General Fund can be found in the Fiscal Year Budget summary.",1,21,Sheriff,Sheriff,Equipment,http://macoupincountyil.gov/sheriff_dept.htm,"The line item, under the control of the Sheriff, funds the operation of the County Sheriff's office outside of the Jail and all of its employees [deputies, investigators, telecommunicators, clerks, and all non-jail staff]. In addition to employee salaries, major expenses such as overtime and vehicle maintenance expenses are paid through this line. Beginning in Fiscal Year 2014, the costs of employee insurance, costs associated with the Jail, Jail Medical Expenses and Court Security General Fund salaries were seperated from the Sheriff's budget and made their own seperate budget.",Sheriff,49952,75512,68677,111241,109759,121240,123547,120137,116430,36005,58177,149936,186034,134866,69868,16544,39905,9137,6421,60164,16602,14231,9185,3898,14967,14074,4291,1827,5375,440,3171,49952,75512,68677,111241,109543,121240,123547,120137,111080,36005,58177,149936,186034,152690,69868,16544,39905,9137,6421,60164,16602,14231,9053,3898,14074,51059,4291,1827,5375,440,3171
General Fund,"The County's General Fund covers the main functions of County Government. Nearly every Elected Official or Department Heads' budget is included in this fund and nearly all major expenses, salaries and benefits are paid from it. A breakdown of the revenue for the General Fund can be found in the Fiscal Year Budget summary.",1,21,Sheriff,Sheriff,Employee Uniforms,http://macoupincountyil.gov/sheriff_dept.htm,"The line item, under the control of the Sheriff, funds the operation of the County Sheriff's office outside of the Jail and all of its employees [deputies, investigators, telecommunicators, clerks, and all non-jail staff]. In addition to employee salaries, major expenses such as overtime and vehicle maintenance expenses are paid through this line. Beginning in Fiscal Year 2014, the costs of employee insurance, costs associated with the Jail, Jail Medical Expenses and Court Security General Fund salaries were seperated from the Sheriff's budget and made their own seperate budget.",Sheriff,19584,18100,18518,21236,21276,23303,22628,23070,22000,22000,23010,25000,25000,18091,18553,17381,18854,14606,17937,28598,19969,16002,18198,17845,20037,18910,16702,21235,20021,31529,36638,19584,17436,18518,21236,21276,23303,22628,23070,21653,21817,22459,24614,21662,18091,18553,17381,18854,14606,17937,28598,19969,16002,18111,17845,18910,18910,16702,21235,20021,35241,36638
General Fund,"The County's General Fund covers the main functions of County Government. Nearly every Elected Official or Department Heads' budget is included in this fund and nearly all major expenses, salaries and benefits are paid from it. A breakdown of the revenue for the General Fund can be found in the Fiscal Year Budget summary.",1,21,Sheriff,Sheriff,Investigation Division Supplies,http://macoupincountyil.gov/sheriff_dept.htm,"The line item, under the control of the Sheriff, funds the operation of the County Sheriff's office outside of the Jail and all of its employees [deputies, investigators, telecommunicators, clerks, and all non-jail staff]. In addition to employee salaries, major expenses such as overtime and vehicle maintenance expenses are paid through this line. Beginning in Fiscal Year 2014, the costs of employee insurance, costs associated with the Jail, Jail Medical Expenses and Court Security General Fund salaries were seperated from the Sheriff's budget and made their own seperate budget.",Sheriff,1520,2276,2844,2566,3000,5160,2859,4408,5000,5000,1985,1070,3000,3000,2000,1592,391,386,415,116,275,489,1025,1556,460,112,73,95,321,0,0,1520,2276,2844,2566,2909,5160,2859,4408,4395,3319,1985,1070,1724,1367,1731,1592,391,386,415,116,275,489,1025,1556,112,112,73,95,321,0,0
General Fund,"The County's General Fund covers the main functions of County Government. Nearly every Elected Official or Department Heads' budget is included in this fund and nearly all major expenses, salaries and benefits are paid from it. A breakdown of the revenue for the General Fund can be found in the Fiscal Year Budget summary.",1,21,Sheriff,Sheriff,Investigation Division Equipment,http://macoupincountyil.gov/sheriff_dept.htm,"The line item, under the control of the Sheriff, funds the operation of the County Sheriff's office outside of the Jail and all of its employees [deputies, investigators, telecommunicators, clerks, and all non-jail staff]. In addition to employee salaries, major expenses such as overtime and vehicle maintenance expenses are paid through this line. Beginning in Fiscal Year 2014, the costs of employee insurance, costs associated with the Jail, Jail Medical Expenses and Court Security General Fund salaries were seperated from the Sheriff's budget and made their own seperate budget.",Sheriff,2949,2342,3336,3062,4567,6654,7172,6992,6175,5000,6502,1600,3000,7007,2000,2263,1130,1183,926,406,826,2786,927,518,243,407,227,75,220,0,0,2949,2342,3336,3062,4567,6654,7172,6992,6174,2057,6502,1552,627,7007,1912,2263,1130,1183,926,406,826,2786,439,518,407,407,227,75,220,0,0
General Fund,"The County's General Fund covers the main functions of County Government. Nearly every Elected Official or Department Heads' budget is included in this fund and nearly all major expenses, salaries and benefits are paid from it. A breakdown of the revenue for the General Fund can be found in the Fiscal Year Budget summary.",1,21,Sheriff,Sheriff,Deputy Equipment,http://macoupincountyil.gov/sheriff_dept.htm,"The line item, under the control of the Sheriff, funds the operation of the County Sheriff's office outside of the Jail and all of its employees [deputies, investigators, telecommunicators, clerks, and all non-jail staff]. In addition to employee salaries, major expenses such as overtime and vehicle maintenance expenses are paid through this line. Beginning in Fiscal Year 2014, the costs of employee insurance, costs associated with the Jail, Jail Medical Expenses and Court Security General Fund salaries were seperated from the Sheriff's budget and made their own seperate budget.",Sheriff,11756,2812,1580,4152,7000,9700,6293,30180,19000,18371,7627,11850,10000,26143,6158,3707,6064,4690,5467,5123,16096,8327,5840,11768,3777,2324,3518,6474,11707,10143,9230,11756,2812,1579,4152,5584,9540,6293,30180,16344,8891,7575,11850,6299,26143,6158,3705,6064,4690,5467,5123,16096,8327,5833,11768,2324,2324,3518,6474,11707,18899,9230
General Fund,"The County's General Fund covers the main functions of County Government. Nearly every Elected Official or Department Heads' budget is included in this fund and nearly all major expenses, salaries and benefits are paid from it. A breakdown of the revenue for the General Fund can be found in the Fiscal Year Budget summary.",1,21,Sheriff,Sheriff,Grant Expense,http://macoupincountyil.gov/sheriff_dept.htm,"The line item, under the control of the Sheriff, funds the operation of the County Sheriff's office outside of the Jail and all of its employees [deputies, investigators, telecommunicators, clerks, and all non-jail staff]. In addition to employee salaries, major expenses such as overtime and vehicle maintenance expenses are paid through this line. Beginning in Fiscal Year 2014, the costs of employee insurance, costs associated with the Jail, Jail Medical Expenses and Court Security General Fund salaries were seperated from the Sheriff's budget and made their own seperate budget.",Sheriff,0,0,0,0,0,0,0,0,0,0,18744,0,0,0,0,0,0,0,0,0,0,0,0,0,0,0,0,0,0,0,0,0,0,0,0,0,0,0,0,0,0,18744,0,0,0,0,0,0,0,0,0,0,0,0,0,0,0,0,0,0,0,0
General Fund,"The County's General Fund covers the main functions of County Government. Nearly every Elected Official or Department Heads' budget is included in this fund and nearly all major expenses, salaries and benefits are paid from it. A breakdown of the revenue for the General Fund can be found in the Fiscal Year Budget summary.",1,21,Sheriff,Sheriff,Employee Uniforms & Equipment Damage,http://macoupincountyil.gov/sheriff_dept.htm,"The line item, under the control of the Sheriff, funds the operation of the County Sheriff's office outside of the Jail and all of its employees [deputies, investigators, telecommunicators, clerks, and all non-jail staff]. In addition to employee salaries, major expenses such as overtime and vehicle maintenance expenses are paid through this line. Beginning in Fiscal Year 2014, the costs of employee insurance, costs associated with the Jail, Jail Medical Expenses and Court Security General Fund salaries were seperated from the Sheriff's budget and made their own seperate budget.",Sheriff,619,225,116,173,675,1000,113,438,785,500,275,0,0,0,0,0,0,0,0,0,170,0,0,0,0,0,0,0,0,0,0,619,225,116,173,0,0,113,438,746,0,48,0,0,0,0,0,0,0,0,0,170,0,0,0,0,0,0,0,0,0,0
General Fund,"The County's General Fund covers the main functions of County Government. Nearly every Elected Official or Department Heads' budget is included in this fund and nearly all major expenses, salaries and benefits are paid from it. A breakdown of the revenue for the General Fund can be found in the Fiscal Year Budget summary.",1,21,Sheriff,Sheriff,Radio Purchase & Maintenance Agreement,http://macoupincountyil.gov/sheriff_dept.htm,"The line item, under the control of the Sheriff, funds the operation of the County Sheriff's office outside of the Jail and all of its employees [deputies, investigators, telecommunicators, clerks, and all non-jail staff]. In addition to employee salaries, major expenses such as overtime and vehicle maintenance expenses are paid through this line. Beginning in Fiscal Year 2014, the costs of employee insurance, costs associated with the Jail, Jail Medical Expenses and Court Security General Fund salaries were seperated from the Sheriff's budget and made their own seperate budget.",Sheriff,6738,20123,19689,25372,23000,16345,9852,8275,11000,10036,18477,24208,42927,28718,18939,24055,9280,2572,13270,8674,0,1320,553,0,0,0,0,0,22385,52125,114339,6738,20123,19689,25372,19303,16345,9852,8275,10512,6150,18478,24208,42927,28718,18939,24055,9280,2572,13270,8192,0,1320,553,0,0,0,0,0,29985,42525,114062
General Fund,"The County's General Fund covers the main functions of County Government. Nearly every Elected Official or Department Heads' budget is included in this fund and nearly all major expenses, salaries and benefits are paid from it. A breakdown of the revenue for the General Fund can be found in the Fiscal Year Budget summary.",1,21,Sheriff,Sheriff,Retro-Accrued Time,http://macoupincountyil.gov/sheriff_dept.htm,"The line item, under the control of the Sheriff, funds the operation of the County Sheriff's office outside of the Jail and all of its employees [deputies, investigators, telecommunicators, clerks, and all non-jail staff]. In addition to employee salaries, major expenses such as overtime and vehicle maintenance expenses are paid through this line. Beginning in Fiscal Year 2014, the costs of employee insurance, costs associated with the Jail, Jail Medical Expenses and Court Security General Fund salaries were seperated from the Sheriff's budget and made their own seperate budget.",Sheriff,0,0,0,0,101179,0,0,0,0,0,0,0,0,0,0,0,0,0,0,0,0,0,0,0,0,0,0,0,0,0,0,0,0,0,0,62361,2195,0,0,0,0,0,0,0,0,0,0,0,0,0,0,0,0,0,0,0,0,0,0,0,0,0
General Fund,"The County's General Fund covers the main functions of County Government. Nearly every Elected Official or Department Heads' budget is included in this fund and nearly all major expenses, salaries and benefits are paid from it. A breakdown of the revenue for the General Fund can be found in the Fiscal Year Budget summary.",1,21,Sheriff,Sheriff,Food,http://macoupincountyil.gov/sheriff_dept.htm,"The line item, under the control of the Sheriff, funds the operation of the County Sheriff's office outside of the Jail and all of its employees [deputies, investigators, telecommunicators, clerks, and all non-jail staff]. In addition to employee salaries, major expenses such as overtime and vehicle maintenance expenses are paid through this line. Beginning in Fiscal Year 2014, the costs of employee insurance, costs associated with the Jail, Jail Medical Expenses and Court Security General Fund salaries were seperated from the Sheriff's budget and made their own seperate budget.",Sheriff,0,0,0,0,0,0,0,0,0,0,0,67192,73300,72148,46390,38536,50648,41588,58371,0,22954,45,1561,4222,1732,1537,953,2542,1619,0,1245,0,0,0,0,0,0,0,0,0,0,0,67167,71776,71071,45522,38536,50648,41588,58371,0,22954,45,1561,4222,1537,1537,953,2542,1619,1208,1245
General Fund,"The County's General Fund covers the main functions of County Government. Nearly every Elected Official or Department Heads' budget is included in this fund and nearly all major expenses, salaries and benefits are paid from it. A breakdown of the revenue for the General Fund can be found in the Fiscal Year Budget summary.",1,21,Sheriff,Sheriff,Utilities,http://macoupincountyil.gov/sheriff_dept.htm,"The line item, under the control of the Sheriff, funds the operation of the County Sheriff's office outside of the Jail and all of its employees [deputies, investigators, telecommunicators, clerks, and all non-jail staff]. In addition to employee salaries, major expenses such as overtime and vehicle maintenance expenses are paid through this line. Beginning in Fiscal Year 2014, the costs of employee insurance, costs associated with the Jail, Jail Medical Expenses and Court Security General Fund salaries were seperated from the Sheriff's budget and made their own seperate budget.",Sheriff,0,0,0,0,0,0,0,0,0,0,0,78640,96698,95975,85813,80068,80299,46775,76029,282,4431,423,0,2,3648,0,0,0,81,255,345,0,0,0,0,0,0,0,0,0,0,0,78640,96698,95975,85813,80068,80299,46775,76029,282,4431,423,0,2,0,0,0,0,81,255,345
General Fund,"The County's General Fund covers the main functions of County Government. Nearly every Elected Official or Department Heads' budget is included in this fund and nearly all major expenses, salaries and benefits are paid from it. A breakdown of the revenue for the General Fund can be found in the Fiscal Year Budget summary.",1,21,Sheriff,Sheriff,Housing Inmates in Other Counties,http://macoupincountyil.gov/sheriff_dept.htm,"The line item, under the control of the Sheriff, funds the operation of the County Sheriff's office outside of the Jail and all of its employees [deputies, investigators, telecommunicators, clerks, and all non-jail staff]. In addition to employee salaries, major expenses such as overtime and vehicle maintenance expenses are paid through this line. Beginning in Fiscal Year 2014, the costs of employee insurance, costs associated with the Jail, Jail Medical Expenses and Court Security General Fund salaries were seperated from the Sheriff's budget and made their own seperate budget.",Sheriff,0,0,0,0,0,0,0,0,0,0,0,82620,22695,33085,15135,22100,26975,42500,56250,0,0,0,125,0,0,0,0,0,0,0,0,0,0,0,0,0,0,0,0,0,0,0,82620,22695,32715,15100,22100,26975,42500,56250,0,0,0,125,0,0,0,0,0,0,0,0
General Fund,"The County's General Fund covers the main functions of County Government. Nearly every Elected Official or Department Heads' budget is included in this fund and nearly all major expenses, salaries and benefits are paid from it. A breakdown of the revenue for the General Fund can be found in the Fiscal Year Budget summary.",1,21,Sheriff,Sheriff,Medical Expenses of Inmates,http://macoupincountyil.gov/sheriff_dept.htm,"The line item, under the control of the Sheriff, funds the operation of the County Sheriff's office outside of the Jail and all of its employees [deputies, investigators, telecommunicators, clerks, and all non-jail staff]. In addition to employee salaries, major expenses such as overtime and vehicle maintenance expenses are paid through this line. Beginning in Fiscal Year 2014, the costs of employee insurance, costs associated with the Jail, Jail Medical Expenses and Court Security General Fund salaries were seperated from the Sheriff's budget and made their own seperate budget.",Sheriff,0,0,0,0,0,0,0,0,0,0,0,92793,76838,90440,53950,55112,72672,58231,75568,0,0,0,0,0,0,0,0,0,0,0,0,0,0,0,0,0,0,0,0,0,0,0,92793,76542,88773,53950,55112,72672,58231,75568,0,0,0,0,0,0,0,0,0,0,0,0
General Fund,"The County's General Fund covers the main functions of County Government. Nearly every Elected Official or Department Heads' budget is included in this fund and nearly all major expenses, salaries and benefits are paid from it. A breakdown of the revenue for the General Fund can be found in the Fiscal Year Budget summary.",1,21,Sheriff,Sheriff,Lease Agreements,http://macoupincountyil.gov/sheriff_dept.htm,"The line item, under the control of the Sheriff, funds the operation of the County Sheriff's office outside of the Jail and all of its employees [deputies, investigators, telecommunicators, clerks, and all non-jail staff]. In addition to employee salaries, major expenses such as overtime and vehicle maintenance expenses are paid through this line. Beginning in Fiscal Year 2014, the costs of employee insurance, costs associated with the Jail, Jail Medical Expenses and Court Security General Fund salaries were seperated from the Sheriff's budget and made their own seperate budget.",Sheriff,0,0,0,0,0,0,0,0,0,0,0,0,0,0,0,0,0,0,0,0,0,0,7844,12215,21208,31219,17460,15517,1100,15498,45938,0,0,0,0,0,0,0,0,0,0,0,0,0,0,0,0,0,0,0,0,0,0,7844,12215,31219,31219,17460,15517,1100,15499,45938
General Fund,"The County's General Fund covers the main functions of County Government. Nearly every Elected Official or Department Heads' budget is included in this fund and nearly all major expenses, salaries and benefits are paid from it. A breakdown of the revenue for the General Fund can be found in the Fiscal Year Budget summary.",1,21,Sheriff,Sheriff,Office Machine Rent,http://macoupincountyil.gov/sheriff_dept.htm,"The line item, under the control of the Sheriff, funds the operation of the County Sheriff's office outside of the Jail and all of its employees [deputies, investigators, telecommunicators, clerks, and all non-jail staff]. In addition to employee salaries, major expenses such as overtime and vehicle maintenance expenses are paid through this line. Beginning in Fiscal Year 2014, the costs of employee insurance, costs associated with the Jail, Jail Medical Expenses and Court Security General Fund salaries were seperated from the Sheriff's budget and made their own seperate budget.",Sheriff,0,0,0,0,0,0,0,0,0,0,0,0,0,0,0,0,0,0,0,0,0,0,4146,0,0,0,0,0,0,0,0,0,0,0,0,0,0,0,0,0,0,0,0,0,0,0,0,0,0,0,0,0,0,4146,0,0,0,0,0,0,0,0
General Fund,"The County's General Fund covers the main functions of County Government. Nearly every Elected Official or Department Heads' budget is included in this fund and nearly all major expenses, salaries and benefits are paid from it. A breakdown of the revenue for the General Fund can be found in the Fiscal Year Budget summary.",1,22,Civil Defense - ESDA,Civil Defense - ESDA,Salaries & Benefits,http://macoupincountyil.gov/ema.htm,The line item funds the operation of the county Emergency Management office.,ESDA Adminstrator,40137,41712,32580,35686,36913,48401,37893,39914,41163,42471,41162,45569,45513,47333,48280,40550,48012,49418,50475,49070,47443,48000,49451,50060,52701,51888,50000,50000,50000,50000,50000,40137,41712,32580,35643,35021,48401,37869,39914,41163,42471,41162,44382,45513,47333,48280,40530,48012,49418,50475,45621,46479,47409,48357,49324,51888,51888,50000,50000,50000,50000,50000
General Fund,"The County's General Fund covers the main functions of County Government. Nearly every Elected Official or Department Heads' budget is included in this fund and nearly all major expenses, salaries and benefits are paid from it. A breakdown of the revenue for the General Fund can be found in the Fiscal Year Budget summary.",1,22,Civil Defense - ESDA,Civil Defense - ESDA,Office Supplies,http://macoupincountyil.gov/ema.htm,The line item funds the operation of the county Emergency Management office.,ESDA Adminstrator,135,224,400,2411,300,114,787,16772,106,673,0,504,893,0,11,400,0,0,0,450,114,100,139,78,50,0,0,904,904,876,704,135,224,392,2411,222,114,620,16669,106,673,0,504,869,0,0,383,0,0,0,175,114,0,105,51,0,0,1575,624,196,843,235
General Fund,"The County's General Fund covers the main functions of County Government. Nearly every Elected Official or Department Heads' budget is included in this fund and nearly all major expenses, salaries and benefits are paid from it. A breakdown of the revenue for the General Fund can be found in the Fiscal Year Budget summary.",1,22,Civil Defense - ESDA,Civil Defense - ESDA,Postage,http://macoupincountyil.gov/ema.htm,The line item funds the operation of the county Emergency Management office.,ESDA Adminstrator,296,300,137,745,359,427,484,133,0,36,49,37,150,92,0,500,0,0,0,50,0,50,45,45,25,0,0,0,0,0,0,296,250,137,745,359,427,484,133,0,36,49,0,0,92,0,100,0,0,0,0,0,0,0,0,0,0,0,0,0,0,0
General Fund,"The County's General Fund covers the main functions of County Government. Nearly every Elected Official or Department Heads' budget is included in this fund and nearly all major expenses, salaries and benefits are paid from it. A breakdown of the revenue for the General Fund can be found in the Fiscal Year Budget summary.",1,22,Civil Defense - ESDA,Civil Defense - ESDA,"Mileage, Dues, & Conventions",http://macoupincountyil.gov/ema.htm,The line item funds the operation of the county Emergency Management office.,ESDA Adminstrator,0,0,0,0,0,0,0,0,0,0,0,0,0,0,130,1000,25,0,0,150,0,0,0,0,0,0,0,0,0,0,0,0,0,0,0,0,0,0,0,0,0,0,0,0,0,130,65,0,0,0,125,0,0,0,0,0,0,0,0,0,0,0
General Fund,"The County's General Fund covers the main functions of County Government. Nearly every Elected Official or Department Heads' budget is included in this fund and nearly all major expenses, salaries and benefits are paid from it. A breakdown of the revenue for the General Fund can be found in the Fiscal Year Budget summary.",1,22,Civil Defense - ESDA,Civil Defense - ESDA,Travel,http://macoupincountyil.gov/ema.htm,The line item funds the operation of the county Emergency Management office.,ESDA Adminstrator,0,950,1400,1801,627,335,489,505,195,205,45,290,400,0,0,0,0,0,0,0,1458,611,50,185,85,50,0,100,100,128,300,0,858,1400,1647,627,335,489,505,195,205,45,290,300,0,0,0,0,0,0,0,1458,175,50,50,60,50,100,75,0,75,75
General Fund,"The County's General Fund covers the main functions of County Government. Nearly every Elected Official or Department Heads' budget is included in this fund and nearly all major expenses, salaries and benefits are paid from it. A breakdown of the revenue for the General Fund can be found in the Fiscal Year Budget summary.",1,22,Civil Defense - ESDA,Civil Defense - ESDA,Telephone,http://macoupincountyil.gov/ema.htm,The line item funds the operation of the county Emergency Management office.,ESDA Adminstrator,2097,2059,2185,2772,1528,3284,3522,3124,2584,2123,2735,2240,2000,428,631,1400,690,1082,1084,1250,1741,1500,1166,1177,1200,1156,0,1200,1200,1200,1200,2097,2059,2123,2772,1336,3284,3104,3124,2584,2123,2736,2240,897,418,631,1395,688,1082,1085,1202,1741,1228,1166,1177,1156,1156,1200,1200,1200,1200,1200
General Fund,"The County's General Fund covers the main functions of County Government. Nearly every Elected Official or Department Heads' budget is included in this fund and nearly all major expenses, salaries and benefits are paid from it. A breakdown of the revenue for the General Fund can be found in the Fiscal Year Budget summary.",1,22,Civil Defense - ESDA,Civil Defense - ESDA,Vehicle Expense,http://macoupincountyil.gov/ema.htm,The line item funds the operation of the county Emergency Management office.,ESDA Adminstrator,2415,1910,2212,2553,3010,26528,2723,2849,1417,2508,1981,2560,5794,5067,1818,3477,3177,3930,3971,6225,3189,3689,3825,4407,4690,4383,0,4500,4500,4500,4000,2389,1891,2178,2319,2014,26224,1494,2849,1417,2475,1968,2560,5780,5067,16795,2494,2753,3930,3971,6222,2367,3689,3825,4407,4383,4383,2002,3154,3690,3206,2014
General Fund,"The County's General Fund covers the main functions of County Government. Nearly every Elected Official or Department Heads' budget is included in this fund and nearly all major expenses, salaries and benefits are paid from it. A breakdown of the revenue for the General Fund can be found in the Fiscal Year Budget summary.",1,22,Civil Defense - ESDA,Civil Defense - ESDA,Education/Training,http://macoupincountyil.gov/ema.htm,The line item funds the operation of the county Emergency Management office.,ESDA Adminstrator,0,2735,0,300,300,0,0,0,110,225,110,100,500,0,0,0,0,0,0,0,0,50,0,0,0,0,0,0,0,0,0,0,2367,0,0,0,0,110,0,110,225,110,0,0,0,0,0,0,0,0,0,0,0,0,0,0,0,0,0,0,0,0
General Fund,"The County's General Fund covers the main functions of County Government. Nearly every Elected Official or Department Heads' budget is included in this fund and nearly all major expenses, salaries and benefits are paid from it. A breakdown of the revenue for the General Fund can be found in the Fiscal Year Budget summary.",1,22,Civil Defense - ESDA,Civil Defense - ESDA,Capital Outlay,http://macoupincountyil.gov/ema.htm,The line item funds the operation of the county Emergency Management office.,ESDA Adminstrator,0,0,0,0,0,50000,200,0,0,2000,72090,0,0,0,0,0,0,0,0,0,0,0,0,0,0,0,0,1500,1500,0,1500,0,0,0,0,0,7273,43177,0,0,1305,72091,0,0,0,0,0,0,0,0,0,0,0,0,0,0,0,0,0,0,0,0
General Fund,"The County's General Fund covers the main functions of County Government. Nearly every Elected Official or Department Heads' budget is included in this fund and nearly all major expenses, salaries and benefits are paid from it. A breakdown of the revenue for the General Fund can be found in the Fiscal Year Budget summary.",1,22,Civil Defense - ESDA,Civil Defense - ESDA,Office Rent,http://macoupincountyil.gov/ema.htm,The line item funds the operation of the county Emergency Management office.,ESDA Adminstrator,2460,2625,2700,2675,3395,2965,3000,3900,4566,3959,3575,3900,0,0,0,0,0,0,0,0,0,0,0,0,0,0,0,0,0,0,0,2460,2625,2700,2545,3395,2965,3000,3900,4566,3959,3575,3250,0,0,0,0,0,0,0,0,0,0,0,0,0,0,0,0,0,0,0
General Fund,"The County's General Fund covers the main functions of County Government. Nearly every Elected Official or Department Heads' budget is included in this fund and nearly all major expenses, salaries and benefits are paid from it. A breakdown of the revenue for the General Fund can be found in the Fiscal Year Budget summary.",1,22,Civil Defense - ESDA,Civil Defense - ESDA,Machine Rent,http://macoupincountyil.gov/ema.htm,The line item funds the operation of the county Emergency Management office.,ESDA Adminstrator,649,750,750,825,883,146,0,0,0,0,0,0,0,0,0,0,0,0,0,0,0,0,0,0,1199,0,0,0,0,0,0,649,682,750,825,883,146,1550,0,0,0,0,0,0,0,0,0,0,0,0,0,0,0,0,0,0,0,0,0,0,0,0
General Fund,"The County's General Fund covers the main functions of County Government. Nearly every Elected Official or Department Heads' budget is included in this fund and nearly all major expenses, salaries and benefits are paid from it. A breakdown of the revenue for the General Fund can be found in the Fiscal Year Budget summary.",1,22,Civil Defense - ESDA,Civil Defense - ESDA,Mileage of Assistant,http://macoupincountyil.gov/ema.htm,The line item funds the operation of the county Emergency Management office.,ESDA Adminstrator,0,0,0,0,3400,0,0,0,0,0,0,0,0,0,0,0,0,0,0,0,0,0,0,0,0,0,0,0,0,0,0,0,0,0,0,718,0,0,0,0,0,0,0,0,0,0,0,0,0,0,0,0,0,0,0,0,0,0,0,0,0,0
General Fund,"The County's General Fund covers the main functions of County Government. Nearly every Elected Official or Department Heads' budget is included in this fund and nearly all major expenses, salaries and benefits are paid from it. A breakdown of the revenue for the General Fund can be found in the Fiscal Year Budget summary.",1,22,Civil Defense - ESDA,Civil Defense - ESDA,Equipment Repair & Maintenance,http://macoupincountyil.gov/ema.htm,The line item funds the operation of the county Emergency Management office.,ESDA Adminstrator,0,0,0,0,0,0,0,0,0,0,0,0,0,0,0,1000,555,0,0,0,33055,0,0,48,50,0,0,0,0,1500,500,0,0,0,0,0,0,0,0,0,0,0,0,0,0,0,966,387,0,0,0,33055,0,0,48,0,0,0,0,0,103,176
General Fund,"The County's General Fund covers the main functions of County Government. Nearly every Elected Official or Department Heads' budget is included in this fund and nearly all major expenses, salaries and benefits are paid from it. A breakdown of the revenue for the General Fund can be found in the Fiscal Year Budget summary.",1,23,Animal Control,Animal Control,Salaries & Benefits,http://macoupincountyil.gov/animal.htm,"The line item exists as a reserve for the Animal Control office, should special funds not be sufficient to cover expenses.",Animal Control Adminstrator,38654,40503,42732,43945,47765,54178,59855,55531,59550,44375,31878,27927,29000,28420,25010,15000,15000,15000,5000,5000,5000,5000,5000,5000,5000,4937,942,5000,5000,0,0,36535,38097,40664,41756,44257,47670,52614,55125,57922,44355,29404,19770,28826,28087,25010,14954,14998,289,0,0,0,0,1233,0,4937,0,942,4734,0,0,0
General Fund,"The County's General Fund covers the main functions of County Government. Nearly every Elected Official or Department Heads' budget is included in this fund and nearly all major expenses, salaries and benefits are paid from it. A breakdown of the revenue for the General Fund can be found in the Fiscal Year Budget summary.",1,23,Animal Control,Animal Control,Equipment,http://macoupincountyil.gov/animal.htm,"The line item exists as a reserve for the Animal Control office, should special funds not be sufficient to cover expenses.",Animal Control Adminstrator,0,10000,10000,10000,10000,17000,20000,20000,0,0,0,0,0,0,0,0,0,0,0,0,0,0,0,0,0,0,0,0,0,0,0,0,0,12500,7963,2531,5492,250,18561,0,0,0,0,0,0,0,0,0,0,0,0,0,0,0,0,0,0,0,0,0,0,0
General Fund,"The County's General Fund covers the main functions of County Government. Nearly every Elected Official or Department Heads' budget is included in this fund and nearly all major expenses, salaries and benefits are paid from it. A breakdown of the revenue for the General Fund can be found in the Fiscal Year Budget summary.",1,23,Animal Control,Animal Control,Miscellaneous,http://macoupincountyil.gov/animal.htm,"The line item exists as a reserve for the Animal Control office, should special funds not be sufficient to cover expenses.",Animal Control Adminstrator,0,0,0,0,0,0,0,4324,0,0,121,6073,0,0,0,0,0,0,0,0,0,0,0,0,0,0,0,0,0,5000,5000,0,0,0,0,0,0,0,2735,0,0,122,6073,0,0,0,0,0,0,0,0,0,0,0,0,0,0,0,0,0,5000,4967
General Fund,"The County's General Fund covers the main functions of County Government. Nearly every Elected Official or Department Heads' budget is included in this fund and nearly all major expenses, salaries and benefits are paid from it. A breakdown of the revenue for the General Fund can be found in the Fiscal Year Budget summary.",1,24,DUI Task Force Grant,DUI Task Force Grant,Salaries & Benefits,,These expenses helped cover a one-time grant regardin the DUI task force.,Sheriff,0,0,0,0,0,0,0,0,0,0,0,0,0,0,0,0,0,0,0,0,0,0,0,0,0,0,0,0,0,0,0,0,0,2772,0,0,0,0,0,0,0,0,0,0,0,0,0,0,0,0,0,0,0,0,0,0,0,0,0,0,0,0
General Fund,"The County's General Fund covers the main functions of County Government. Nearly every Elected Official or Department Heads' budget is included in this fund and nearly all major expenses, salaries and benefits are paid from it. A breakdown of the revenue for the General Fund can be found in the Fiscal Year Budget summary.",1,24,DUI Task Force Grant,DUI Task Force Grant,Miscellaneous,,These expenses helped cover a one-time grant regardin the DUI task force.,Sheriff,0,0,0,0,0,0,0,0,0,0,0,0,0,0,0,0,0,0,0,0,0,0,0,0,0,0,0,0,0,0,0,0,0,0,0,0,0,0,0,0,0,0,0,0,0,0,0,0,0,0,0,0,0,0,0,0,0,0,0,0,0,0
General Fund,"The County's General Fund covers the main functions of County Government. Nearly every Elected Official or Department Heads' budget is included in this fund and nearly all major expenses, salaries and benefits are paid from it. A breakdown of the revenue for the General Fund can be found in the Fiscal Year Budget summary.",1,25,Merit Commission,Merit Commission,Miscellaneous,,"The Sheriff's Department created a merit commission in 1997 whose expenses where paid from this line item. In 1999, the Commission was dissolved.",Sheriff,0,0,0,0,0,0,0,0,0,0,0,0,0,0,0,0,0,0,0,0,0,0,0,0,0,0,0,0,0,0,0,0,0,1375,0,0,0,0,0,0,0,0,0,0,0,0,0,0,0,0,0,0,0,0,0,0,0,0,0,0,0,0
General Fund,"The County's General Fund covers the main functions of County Government. Nearly every Elected Official or Department Heads' budget is included in this fund and nearly all major expenses, salaries and benefits are paid from it. A breakdown of the revenue for the General Fund can be found in the Fiscal Year Budget summary.",1,25,Merit Commission,Merit Commission,Salaries and Benefits,,"The Sheriff's Department created a merit commission in 1997 whose expenses where paid from this line item. In 1999, the Commission was dissolved.",Sheriff,0,0,0,0,0,0,0,0,0,0,0,0,0,0,0,0,0,0,0,0,0,0,0,0,0,0,0,0,0,0,0,0,0,0,0,0,0,0,0,0,0,0,0,0,0,0,0,0,0,0,0,0,0,0,0,0,0,0,0,0,0,0
General Fund,"The County's General Fund covers the main functions of County Government. Nearly every Elected Official or Department Heads' budget is included in this fund and nearly all major expenses, salaries and benefits are paid from it. A breakdown of the revenue for the General Fund can be found in the Fiscal Year Budget summary.",1,26,Jail,Jail,Salaries and Benefits,http://macoupincountyil.gov/sheriff_jail_faq.htm,"The line item, under the control of the Sheriff, funds the operation of the County Jail and all of its employees [salaries of correctional officers and cooks]. Major expenses such as inmate food, utilities, and housing inmates from other counties are paid through this line. The Jail Budget had been combined with the Sheriff's budget got a period of time, but beginning in Fiscal Year 2014, it is it's own seperate budget again.",Sheriff,0,0,0,0,0,0,0,0,0,0,0,0,0,0,0,0,0,0,0,620214,605031,677480,637021,653317,716474,748791,797502,792204,763578,865511,897165,0,0,0,0,0,0,0,0,0,0,0,0,0,0,0,0,0,0,0,620214,605031,677480,637021,653317,748791,748791,797502,792204,763578,852745,894144
General Fund,"The County's General Fund covers the main functions of County Government. Nearly every Elected Official or Department Heads' budget is included in this fund and nearly all major expenses, salaries and benefits are paid from it. A breakdown of the revenue for the General Fund can be found in the Fiscal Year Budget summary.",1,26,Jail,Jail,Leads,http://macoupincountyil.gov/sheriff_jail_faq.htm,"The line item, under the control of the Sheriff, funds the operation of the County Jail and all of its employees [salaries of correctional officers and cooks]. Major expenses such as inmate food, utilities, and housing inmates from other counties are paid through this line. The Jail Budget had been combined with the Sheriff's budget got a period of time, but beginning in Fiscal Year 2014, it is it's own seperate budget again.",Sheriff,824,3000,1193,3000,0,0,0,6000,0,0,0,0,0,0,0,0,0,0,0,0,0,0,0,0,0,0,0,0,0,0,0,824,0,0,184,0,0,0,0,0,0,0,0,0,0,0,0,0,0,0,0,0,0,0,0,0,0,0,0,0,0,0
General Fund,"The County's General Fund covers the main functions of County Government. Nearly every Elected Official or Department Heads' budget is included in this fund and nearly all major expenses, salaries and benefits are paid from it. A breakdown of the revenue for the General Fund can be found in the Fiscal Year Budget summary.",1,26,Jail,Jail,Food,http://macoupincountyil.gov/sheriff_jail_faq.htm,"The line item, under the control of the Sheriff, funds the operation of the County Jail and all of its employees [salaries of correctional officers and cooks]. Major expenses such as inmate food, utilities, and housing inmates from other counties are paid through this line. The Jail Budget had been combined with the Sheriff's budget got a period of time, but beginning in Fiscal Year 2014, it is it's own seperate budget again.",Sheriff,37847,45803,53407,49081,57012,60066,61607,64857,73592,75492,65500,0,0,0,0,0,0,0,0,58723,48729,59115,63480,63216,102121,120047,123943,159278,184402,164000,175450,37847,45803,53408,46534,57234,60066,61607,70688,73592,75492,65501,0,0,0,0,0,0,0,0,58723,48729,59115,63480,63216,120047,120047,123943,159278,184402,168977,175450
General Fund,"The County's General Fund covers the main functions of County Government. Nearly every Elected Official or Department Heads' budget is included in this fund and nearly all major expenses, salaries and benefits are paid from it. A breakdown of the revenue for the General Fund can be found in the Fiscal Year Budget summary.",1,26,Jail,Jail,Supplies,http://macoupincountyil.gov/sheriff_jail_faq.htm,"The line item, under the control of the Sheriff, funds the operation of the County Jail and all of its employees [salaries of correctional officers and cooks]. Major expenses such as inmate food, utilities, and housing inmates from other counties are paid through this line. The Jail Budget had been combined with the Sheriff's budget got a period of time, but beginning in Fiscal Year 2014, it is it's own seperate budget again.",Sheriff,18819,25635,20000,20000,21881,26469,16952,28619,24462,19161,20920,0,0,0,0,0,0,0,0,10795,13451,10622,9955,9680,9299,11051,20820,26005,10859,10005,0,18854,25635,19385,18686,21881,25601,16952,28619,24462,19161,20921,0,0,0,0,0,0,0,0,10295,13451,10622,9278,8973,11051,11051,20820,26005,10791,8337,0
General Fund,"The County's General Fund covers the main functions of County Government. Nearly every Elected Official or Department Heads' budget is included in this fund and nearly all major expenses, salaries and benefits are paid from it. A breakdown of the revenue for the General Fund can be found in the Fiscal Year Budget summary.",1,26,Jail,Jail,Utilities,http://macoupincountyil.gov/sheriff_jail_faq.htm,"The line item, under the control of the Sheriff, funds the operation of the County Jail and all of its employees [salaries of correctional officers and cooks]. Major expenses such as inmate food, utilities, and housing inmates from other counties are paid through this line. The Jail Budget had been combined with the Sheriff's budget got a period of time, but beginning in Fiscal Year 2014, it is it's own seperate budget again.",Sheriff,48585,54628,61727,64919,51338,61883,67609,64850,62198,64281,62151,0,0,0,0,0,0,0,0,72811,70564,70863,337,0,0,0,0,0,0,0,6834,48585,54628,61727,64919,51338,61883,67609,64850,60745,64281,62105,0,0,0,0,0,0,0,0,72811,70564,70863,100,0,0,0,0,0,0,0,6834
General Fund,"The County's General Fund covers the main functions of County Government. Nearly every Elected Official or Department Heads' budget is included in this fund and nearly all major expenses, salaries and benefits are paid from it. A breakdown of the revenue for the General Fund can be found in the Fiscal Year Budget summary.",1,26,Jail,Jail,Equipment Repair,http://macoupincountyil.gov/sheriff_jail_faq.htm,"The line item, under the control of the Sheriff, funds the operation of the County Jail and all of its employees [salaries of correctional officers and cooks]. Major expenses such as inmate food, utilities, and housing inmates from other counties are paid through this line. The Jail Budget had been combined with the Sheriff's budget got a period of time, but beginning in Fiscal Year 2014, it is it's own seperate budget again.",Sheriff,40606,21166,19593,28000,31185,55185,36328,54827,57515,38621,54225,0,0,0,0,0,0,0,0,9817,8345,12656,1071,0,0,0,0,0,0,0,0,40606,20575,19058,18642,31185,45185,36328,54827,57515,38621,54226,0,0,0,0,0,0,0,0,9817,8345,12656,1071,0,0,0,0,0,0,0,0
General Fund,"The County's General Fund covers the main functions of County Government. Nearly every Elected Official or Department Heads' budget is included in this fund and nearly all major expenses, salaries and benefits are paid from it. A breakdown of the revenue for the General Fund can be found in the Fiscal Year Budget summary.",1,26,Jail,Jail,Housing Inmates in Other Counties,http://macoupincountyil.gov/sheriff_jail_faq.htm,"The line item, under the control of the Sheriff, funds the operation of the County Jail and all of its employees [salaries of correctional officers and cooks]. Major expenses such as inmate food, utilities, and housing inmates from other counties are paid through this line. The Jail Budget had been combined with the Sheriff's budget got a period of time, but beginning in Fiscal Year 2014, it is it's own seperate budget again.",Sheriff,23900,13917,36399,41000,30640,31240,28694,10810,42000,40375,93390,0,0,0,0,0,0,0,0,39930,28881,20264,20093,46425,13996,28925,7020,14409,36871,48150,45071,23900,13917,36399,34515,30640,31240,51644,10810,36805,40375,93390,0,0,0,0,0,0,0,0,39930,28881,20264,19849,46425,28925,28925,7020,14409,36871,36735,45071
General Fund,"The County's General Fund covers the main functions of County Government. Nearly every Elected Official or Department Heads' budget is included in this fund and nearly all major expenses, salaries and benefits are paid from it. A breakdown of the revenue for the General Fund can be found in the Fiscal Year Budget summary.",1,26,Jail,Jail,Medical Expenses of Inmates,http://macoupincountyil.gov/sheriff_jail_faq.htm,"The line item, under the control of the Sheriff, funds the operation of the County Jail and all of its employees [salaries of correctional officers and cooks]. Major expenses such as inmate food, utilities, and housing inmates from other counties are paid through this line. The Jail Budget had been combined with the Sheriff's budget got a period of time, but beginning in Fiscal Year 2014, it is it's own seperate budget again.",Sheriff,34419,34000,59147,50000,83944,56157,107402,107698,113023,94860,89810,0,0,0,0,0,0,0,0,8250,0,0,0,0,0,101,0,0,0,0,200500,34419,30209,59147,36491,83944,56157,107681,107698,108170,94856,89810,0,0,0,0,0,0,0,0,8250,0,0,0,0,101,101,0,0,0,0,200322
General Fund,"The County's General Fund covers the main functions of County Government. Nearly every Elected Official or Department Heads' budget is included in this fund and nearly all major expenses, salaries and benefits are paid from it. A breakdown of the revenue for the General Fund can be found in the Fiscal Year Budget summary.",1,27,Probation,Probation,Salaries & Benefits,http://macoupincountyil.gov/probation.htm,"The line item funds the operation of the Probation office. Through the Illinois Administrative Office of the Courts, a portion of Probation Officer Salaries are reimbursed back to the General Fund each year. Further, a transfer of funds from the Probation Fee Fund is allowable to cover a shortfall in employee salaries at the end of the fiscal year.",Chief Probation and Court Services Officer,190928,198203,213903,228670,290667,274126,300226,300226,299436,314750,309554,318800,321144,337020,326357,348359,412764,389200,403669,359358,365432,376000,379000,394474,401323,404824,379045,425712,527114,461822,451380,190928,198203,213903,225267,250371,259076,265755,283119,295784,309915,309554,315391,317608,330669,326220,346922,414045,379454,398997,358858,362508,368381,379000,394050,404824,394481,379045,424618,462266,449630,437644
General Fund,"The County's General Fund covers the main functions of County Government. Nearly every Elected Official or Department Heads' budget is included in this fund and nearly all major expenses, salaries and benefits are paid from it. A breakdown of the revenue for the General Fund can be found in the Fiscal Year Budget summary.",1,27,Probation,Probation,Detention Grant,http://macoupincountyil.gov/probation.htm,"The line item funds the operation of the Probation office. Through the Illinois Administrative Office of the Courts, a portion of Probation Officer Salaries are reimbursed back to the General Fund each year. Further, a transfer of funds from the Probation Fee Fund is allowable to cover a shortfall in employee salaries at the end of the fiscal year.",Chief Probation and Court Services Officer,0,0,0,0,0,6350,2100,6539,6426,0,0,0,0,0,0,0,0,0,0,0,0,0,0,0,0,0,0,0,0,0,0,0,0,0,0,0,4250,2100,6539,6426,0,0,0,0,0,0,0,0,0,0,0,0,0,0,0,0,0,0,0,0,0,0
General Fund,"The County's General Fund covers the main functions of County Government. Nearly every Elected Official or Department Heads' budget is included in this fund and nearly all major expenses, salaries and benefits are paid from it. A breakdown of the revenue for the General Fund can be found in the Fiscal Year Budget summary.",1,27,Probation,Probation,Travel,http://macoupincountyil.gov/probation.htm,"The line item funds the operation of the Probation office. Through the Illinois Administrative Office of the Courts, a portion of Probation Officer Salaries are reimbursed back to the General Fund each year. Further, a transfer of funds from the Probation Fee Fund is allowable to cover a shortfall in employee salaries at the end of the fiscal year.",Chief Probation and Court Services Officer,1086,2532,4000,4000,4000,4000,4000,4000,-25,161,0,0,0,0,0,0,0,0,0,0,0,0,0,0,0,0,0,4485,5709,624,440,1477,2443,2617,2019,1393,1334,1980,2346,-25,161,0,0,0,0,0,0,0,0,0,0,0,0,0,0,0,0,0,4477,5122,98,329
General Fund,"The County's General Fund covers the main functions of County Government. Nearly every Elected Official or Department Heads' budget is included in this fund and nearly all major expenses, salaries and benefits are paid from it. A breakdown of the revenue for the General Fund can be found in the Fiscal Year Budget summary.",1,27,Probation,Probation,Domestic Violence/Sex Offender,http://macoupincountyil.gov/probation.htm,"The line item funds the operation of the Probation office. Through the Illinois Administrative Office of the Courts, a portion of Probation Officer Salaries are reimbursed back to the General Fund each year. Further, a transfer of funds from the Probation Fee Fund is allowable to cover a shortfall in employee salaries at the end of the fiscal year.",Chief Probation and Court Services Officer,0,0,0,0,0,15367,27273,68420,62422,16600,0,0,0,0,0,0,0,0,0,0,0,0,0,0,0,0,0,0,0,3376,0,0,0,0,0,0,13131,37743,64830,52857,10527,0,0,0,0,0,0,0,0,0,0,0,0,0,0,0,0,0,0,0,3376,0
General Fund,"The County's General Fund covers the main functions of County Government. Nearly every Elected Official or Department Heads' budget is included in this fund and nearly all major expenses, salaries and benefits are paid from it. A breakdown of the revenue for the General Fund can be found in the Fiscal Year Budget summary.",1,27,Probation,Probation,Purchase of Equipment,http://macoupincountyil.gov/probation.htm,"The line item funds the operation of the Probation office. Through the Illinois Administrative Office of the Courts, a portion of Probation Officer Salaries are reimbursed back to the General Fund each year. Further, a transfer of funds from the Probation Fee Fund is allowable to cover a shortfall in employee salaries at the end of the fiscal year.",Chief Probation and Court Services Officer,0,27744,3000,4000,4000,4000,4000,19428,0,6129,4150,0,0,0,0,0,0,0,0,0,0,0,0,0,0,0,0,2500,2500,3509,7356,0,5511,2222,338,0,214,806,15428,278,1701,4150,0,0,0,0,0,0,0,0,0,0,0,0,0,0,0,0,2152,2375,3509,7304
General Fund,"The County's General Fund covers the main functions of County Government. Nearly every Elected Official or Department Heads' budget is included in this fund and nearly all major expenses, salaries and benefits are paid from it. A breakdown of the revenue for the General Fund can be found in the Fiscal Year Budget summary.",1,27,Probation,Probation,Office Supplies,http://macoupincountyil.gov/probation.htm,"The line item funds the operation of the Probation office. Through the Illinois Administrative Office of the Courts, a portion of Probation Officer Salaries are reimbursed back to the General Fund each year. Further, a transfer of funds from the Probation Fee Fund is allowable to cover a shortfall in employee salaries at the end of the fiscal year.",Chief Probation and Court Services Officer,0,8465,10000,9000,9000,9000,9000,9000,2750,7360,0,0,2856,500,863,500,487,486,517,500,500,0,0,0,0,0,0,3016,2900,3000,4086,0,8465,6687,7907,7227,8575,8972,8818,2750,6709,0,0,499,462,863,474,487,486,517,0,0,0,0,0,0,0,0,3011,2892,2503,4082
General Fund,"The County's General Fund covers the main functions of County Government. Nearly every Elected Official or Department Heads' budget is included in this fund and nearly all major expenses, salaries and benefits are paid from it. A breakdown of the revenue for the General Fund can be found in the Fiscal Year Budget summary.",1,28,Appellate Assistant Service,Appellate Assistant Service,Payment for Services,,"The Appellate Prosecutor's Service out of the State Attorney General's office is a service utilited by the County to provide civil attorneys for the County to use in union negotiation and when the State's Attorney's Office may have a conflict, among other uses. The yearly expense was paid from this line item until 2009 when it was budgeted in the County Adminstration line item.",State's Attorney,11800,12000,12000,15000,15000,15000,15000,15000,15000,15000,15000,17000,19000,15000,0,0,0,0,0,0,0,0,0,0,0,0,0,0,0,0,0,11741,10950,12530,10980,13657,11309,13086,13000,13000,13000,15000,16954,18730,14050,0,0,0,0,0,0,0,0,0,0,0,0,0,0,0,0,0
General Fund,"The County's General Fund covers the main functions of County Government. Nearly every Elected Official or Department Heads' budget is included in this fund and nearly all major expenses, salaries and benefits are paid from it. A breakdown of the revenue for the General Fund can be found in the Fiscal Year Budget summary.",1,29,Circuit Court,Circuit Court,Salaries & Benefits,http://macoupincountyil.gov/judiciary.htm,"The line item, controlled by the Chief Judge, funds the operation of the Circuit Court and all related costs.",Presiding Circuit Judge,20220,21120,22320,23684,25484,53968,56368,58288,60448,62848,62847,66644,73343,2918,0,0,0,0,0,0,9474,0,2878,5509,1450,0,0,0,0,0,0,20220,21120,22320,23684,25484,52844,56368,58288,60448,62848,62848,66644,71543,2918,0,0,0,0,0,0,9474,0,2876,5509,0,0,0,0,0,0,0
General Fund,"The County's General Fund covers the main functions of County Government. Nearly every Elected Official or Department Heads' budget is included in this fund and nearly all major expenses, salaries and benefits are paid from it. A breakdown of the revenue for the General Fund can be found in the Fiscal Year Budget summary.",1,29,Circuit Court,Circuit Court,Office Supplies,http://macoupincountyil.gov/judiciary.htm,"The line item, controlled by the Chief Judge, funds the operation of the Circuit Court and all related costs.",Presiding Circuit Judge,2427,2463,2188,4048,4504,4276,4000,6000,3800,4232,4492,4000,4000,504,2703,2849,2000,2000,2152,495,2116,1491,1997,4559,3000,6339,6977,18533,9000,5000,1763,2194,1876,2188,2395,2251,3721,3955,3755,3269,4232,4493,3998,3820,504,2703,2848,1040,1578,2152,495,2116,1491,1997,4559,6339,6339,6977,18533,3769,4880,1763
General Fund,"The County's General Fund covers the main functions of County Government. Nearly every Elected Official or Department Heads' budget is included in this fund and nearly all major expenses, salaries and benefits are paid from it. A breakdown of the revenue for the General Fund can be found in the Fiscal Year Budget summary.",1,29,Circuit Court,Circuit Court,Postage,http://macoupincountyil.gov/judiciary.htm,"The line item, controlled by the Chief Judge, funds the operation of the Circuit Court and all related costs.",Presiding Circuit Judge,0,0,116,0,0,0,500,500,400,547,450,450,505,691,491,500,500,672,1000,110,667,129,229,396,400,200,383,1000,500,300,81,0,0,116,0,0,0,110,110,204,547,384,109,505,521,491,305,337,672,298,110,667,129,229,396,200,88,383,188,167,144,81
General Fund,"The County's General Fund covers the main functions of County Government. Nearly every Elected Official or Department Heads' budget is included in this fund and nearly all major expenses, salaries and benefits are paid from it. A breakdown of the revenue for the General Fund can be found in the Fiscal Year Budget summary.",1,29,Circuit Court,Circuit Court,Court Appointed Attorneys,http://macoupincountyil.gov/judiciary.htm,"The line item, controlled by the Chief Judge, funds the operation of the Circuit Court and all related costs.",Presiding Circuit Judge,53239,42000,40000,50000,53017,55000,55000,55000,52169,53422,49713,60939,82862,13817,44117,24151,26833,47861,84367,83494,102372,57417,60915,59061,174788,137819,150729,143078,153208,172536,166812,51373,37708,34378,46833,35630,38019,54279,44272,52077,53422,48555,60190,82771,13817,34389,17737,26833,47861,84367,83494,102372,57401,60915,59061,137819,124624,150729,143078,148200,165575,165119
General Fund,"The County's General Fund covers the main functions of County Government. Nearly every Elected Official or Department Heads' budget is included in this fund and nearly all major expenses, salaries and benefits are paid from it. A breakdown of the revenue for the General Fund can be found in the Fiscal Year Budget summary.",1,29,Circuit Court,Circuit Court,Psychological Evaluations & Testing,http://macoupincountyil.gov/judiciary.htm,"The line item, controlled by the Chief Judge, funds the operation of the Circuit Court and all related costs.",Presiding Circuit Judge,0,1500,3847,2000,3983,4000,2850,4000,1310,0,5142,700,750,0,1300,6100,8000,3500,5000,12565,4680,7100,3750,2000,6000,5000,5000,0,7000,45,810,0,350,2148,1185,3983,1358,615,1445,1310,0,5142,700,750,0,750,1811,3999,1175,3333,12565,4680,7100,3750,2000,5000,3800,2485,0,2000,45,810
General Fund,"The County's General Fund covers the main functions of County Government. Nearly every Elected Official or Department Heads' budget is included in this fund and nearly all major expenses, salaries and benefits are paid from it. A breakdown of the revenue for the General Fund can be found in the Fiscal Year Budget summary.",1,29,Circuit Court,Circuit Court,Court Reporter Services,http://macoupincountyil.gov/judiciary.htm,"The line item, controlled by the Chief Judge, funds the operation of the Circuit Court and all related costs.",Presiding Circuit Judge,5799,8000,11294,15000,15000,15000,15000,17500,10340,10236,8065,9504,8700,3909,3500,8900,8000,3000,3354,2234,1442,3694,7209,6489,5213,8000,7035,6623,11000,10000,7187,5774,7065,10506,6592,5883,6090,11833,11239,9948,8880,6564,5968,7381,3909,3454,8808,7165,1261,1170,2234,1442,3694,7209,6489,8000,5127,7035,4226,9994,8804,7165
General Fund,"The County's General Fund covers the main functions of County Government. Nearly every Elected Official or Department Heads' budget is included in this fund and nearly all major expenses, salaries and benefits are paid from it. A breakdown of the revenue for the General Fund can be found in the Fiscal Year Budget summary.",1,29,Circuit Court,Circuit Court,Telephone,http://macoupincountyil.gov/judiciary.htm,"The line item, controlled by the Chief Judge, funds the operation of the Circuit Court and all related costs.",Presiding Circuit Judge,2711,2500,2139,2200,2200,2200,2200,2200,2000,2074,2500,2500,2500,498,2600,2000,2000,1783,2000,1376,2373,1474,1307,1394,0,0,0,0,0,0,0,2711,1989,2096,2008,1485,2143,1726,1915,1775,2056,1851,1914,1972,498,1737,1900,1729,1630,1239,1364,2373,1474,1307,1394,0,0,0,0,0,0,0
General Fund,"The County's General Fund covers the main functions of County Government. Nearly every Elected Official or Department Heads' budget is included in this fund and nearly all major expenses, salaries and benefits are paid from it. A breakdown of the revenue for the General Fund can be found in the Fiscal Year Budget summary.",1,29,Circuit Court,Circuit Court,"Books, Transcripts, & Periodicals",http://macoupincountyil.gov/judiciary.htm,"The line item, controlled by the Chief Judge, funds the operation of the Circuit Court and all related costs.",Presiding Circuit Judge,0,0,0,0,0,0,0,0,0,0,0,0,0,0,5604,8422,6500,3230,319,0,72,0,0,0,0,0,0,0,0,0,0,0,0,0,0,0,0,0,0,0,0,0,0,0,0,5415,8421,1665,1802,319,0,72,0,0,0,3000,0,0,0,0,0,0
General Fund,"The County's General Fund covers the main functions of County Government. Nearly every Elected Official or Department Heads' budget is included in this fund and nearly all major expenses, salaries and benefits are paid from it. A breakdown of the revenue for the General Fund can be found in the Fiscal Year Budget summary.",1,29,Circuit Court,Circuit Court,Witness & Investigations,http://macoupincountyil.gov/judiciary.htm,"The line item, controlled by the Chief Judge, funds the operation of the Circuit Court and all related costs.",Presiding Circuit Judge,0,500,500,500,500,500,1308,1000,433,866,979,1000,1000,0,0,0,0,0,0,0,2500,0,0,0,0,0,0,0,0,0,0,0,0,0,135,38,210,1308,665,433,866,980,910,280,0,0,0,0,0,0,0,2500,0,0,0,0,0,0,0,0,0,0
General Fund,"The County's General Fund covers the main functions of County Government. Nearly every Elected Official or Department Heads' budget is included in this fund and nearly all major expenses, salaries and benefits are paid from it. A breakdown of the revenue for the General Fund can be found in the Fiscal Year Budget summary.",1,29,Circuit Court,Circuit Court,Equipment Repairs,http://macoupincountyil.gov/judiciary.htm,"The line item, controlled by the Chief Judge, funds the operation of the Circuit Court and all related costs.",Presiding Circuit Judge,2000,2000,2189,2500,2500,2500,2825,3500,2000,1272,1959,2000,2000,104,500,10600,1500,1045,0,98,1007,2805,8064,2363,800,1419,2300,0,500,1280,8583,1117,1600,2189,2107,1973,2096,2825,2170,1807,1272,1959,1427,1125,104,348,10560,345,293,0,98,1007,2805,8064,2363,1419,1155,500,0,0,1164,8583
General Fund,"The County's General Fund covers the main functions of County Government. Nearly every Elected Official or Department Heads' budget is included in this fund and nearly all major expenses, salaries and benefits are paid from it. A breakdown of the revenue for the General Fund can be found in the Fiscal Year Budget summary.",1,29,Circuit Court,Circuit Court,Reimbursement to State,http://macoupincountyil.gov/judiciary.htm,"The line item, controlled by the Chief Judge, funds the operation of the Circuit Court and all related costs.",Presiding Circuit Judge,1611,1688,1653,2000,2000,2000,2000,2000,1742,1781,1742,1703,1685,0,0,0,0,0,0,0,1548,0,0,0,0,0,0,0,0,0,0,1611,1688,1653,1863,1713,1639,1725,1703,1742,1781,1743,1703,1685,0,0,0,0,0,1558,0,1548,0,0,0,0,0,0,0,0,0,0
General Fund,"The County's General Fund covers the main functions of County Government. Nearly every Elected Official or Department Heads' budget is included in this fund and nearly all major expenses, salaries and benefits are paid from it. A breakdown of the revenue for the General Fund can be found in the Fiscal Year Budget summary.",1,29,Circuit Court,Circuit Court,Blood Tests,http://macoupincountyil.gov/judiciary.htm,"The line item, controlled by the Chief Judge, funds the operation of the Circuit Court and all related costs.",Presiding Circuit Judge,418,500,500,1000,500,500,500,500,0,0,0,0,0,0,0,0,0,0,0,0,0,0,0,0,0,0,0,0,0,0,0,0,0,0,75,0,0,0,0,0,0,0,0,0,0,0,0,0,0,0,0,0,0,0,0,0,0,0,0,0,0,0
General Fund,"The County's General Fund covers the main functions of County Government. Nearly every Elected Official or Department Heads' budget is included in this fund and nearly all major expenses, salaries and benefits are paid from it. A breakdown of the revenue for the General Fund can be found in the Fiscal Year Budget summary.",1,29,Circuit Court,Circuit Court,Miscellaneous,http://macoupincountyil.gov/judiciary.htm,"The line item, controlled by the Chief Judge, funds the operation of the Circuit Court and all related costs.",Presiding Circuit Judge,0,0,0,0,0,0,0,0,0,0,0,0,0,0,1698,1750,5690,5186,6992,8092,16443,6215,1962,5132,6850,8727,6357,3039,11592,5979,2077,0,0,0,0,0,0,0,0,0,0,0,0,0,0,1698,1703,2159,5186,4992,8092,16443,6215,1962,5128,8727,4344,4442,2244,10143,5839,2077
General Fund,"The County's General Fund covers the main functions of County Government. Nearly every Elected Official or Department Heads' budget is included in this fund and nearly all major expenses, salaries and benefits are paid from it. A breakdown of the revenue for the General Fund can be found in the Fiscal Year Budget summary.",1,29,Circuit Court,Circuit Court,Petit Jurors Expense,http://macoupincountyil.gov/judiciary.htm,"The line item, controlled by the Chief Judge, funds the operation of the Circuit Court and all related costs.",Presiding Circuit Judge,27499,26500,23873,25000,25000,18000,23000,23000,7866,13785,14481,10060,25544,19676,9487,2900,15000,10247,6816,6505,15435,14175,8689,9856,10000,6211,1220,12000,2000,160,9488,23132,17130,20528,21407,20102,15423,14123,17453,7604,13785,14481,10060,25544,19676,3325,2611,13591,10247,4382,6505,15435,14175,8689,9856,6211,975,0,9234,0,160,9488
General Fund,"The County's General Fund covers the main functions of County Government. Nearly every Elected Official or Department Heads' budget is included in this fund and nearly all major expenses, salaries and benefits are paid from it. A breakdown of the revenue for the General Fund can be found in the Fiscal Year Budget summary.",1,29,Circuit Court,Circuit Court,Grand Jurors Expense,http://macoupincountyil.gov/judiciary.htm,"The line item, controlled by the Chief Judge, funds the operation of the Circuit Court and all related costs.",Presiding Circuit Judge,2000,2000,2000,2000,2000,2000,2517,3000,-45,26,2302,2500,1438,883,3000,3078,4000,1477,3000,31,0,0,0,0,2000,10,0,0,2000,0,0,745,1016,1921,658,1222,1969,2517,2634,-45,26,2248,1843,1438,883,1784,758,706,1118,1521,31,0,0,0,0,10,0,0,0,0,0,0
General Fund,"The County's General Fund covers the main functions of County Government. Nearly every Elected Official or Department Heads' budget is included in this fund and nearly all major expenses, salaries and benefits are paid from it. A breakdown of the revenue for the General Fund can be found in the Fiscal Year Budget summary.",1,29,Circuit Court,Circuit Court,Equipment,http://macoupincountyil.gov/judiciary.htm,"The line item, controlled by the Chief Judge, funds the operation of the Circuit Court and all related costs.",Presiding Circuit Judge,2400,2400,1797,2000,2000,7000,2000,3500,787,1731,3620,0,0,0,0,0,0,0,0,0,0,0,0,0,0,3595,0,0,0,500,0,1911,1512,1581,713,1201,5193,1174,1397,787,1731,3621,0,0,0,0,0,0,0,0,0,0,0,0,0,3595,3595,0,0,0,461,0
General Fund,"The County's General Fund covers the main functions of County Government. Nearly every Elected Official or Department Heads' budget is included in this fund and nearly all major expenses, salaries and benefits are paid from it. A breakdown of the revenue for the General Fund can be found in the Fiscal Year Budget summary.",1,29,Circuit Court,Circuit Court,Education & Training,http://macoupincountyil.gov/judiciary.htm,"The line item, controlled by the Chief Judge, funds the operation of the Circuit Court and all related costs.",Presiding Circuit Judge,0,0,0,0,0,0,0,0,0,0,0,0,0,0,0,0,0,0,0,0,0,0,0,241,0,3000,0,727,5000,1000,0,0,0,0,0,0,0,0,0,0,0,0,0,0,0,0,0,0,0,0,0,0,0,0,241,0,0,0,727,2915,907,0
General Fund,"The County's General Fund covers the main functions of County Government. Nearly every Elected Official or Department Heads' budget is included in this fund and nearly all major expenses, salaries and benefits are paid from it. A breakdown of the revenue for the General Fund can be found in the Fiscal Year Budget summary.",1,30,Public Defender,Public Defender,Salaries & Benefits,,"The Public Defender is appointed by the judge when an individual is not able to afford an attorney. The Public Defender provides legal representation in the areas of criminal, misdemeanor, juvenile justice, child protection, paternity, appeals, post-conviction and traffic cases.",Public Defender,74635,77335,85020,85945,88508,91100,93819,94120,97583,100668,101534,107168,108945,113303,176612,149876,156549,183539,185532,174244,173267,174176,174176,174534,224226,231347,227999,246443,289290,329017,330152,73363,76836,84520,85213,88289,90600,93344,93613,97083,100668,101035,107168,108945,113303,169259,131860,156549,183539,184696,174244,172228,174176,174176,174473,231347,231347,224458,246443,288623,329017,322481
General Fund,"The County's General Fund covers the main functions of County Government. Nearly every Elected Official or Department Heads' budget is included in this fund and nearly all major expenses, salaries and benefits are paid from it. A breakdown of the revenue for the General Fund can be found in the Fiscal Year Budget summary.",1,30,Public Defender,Public Defender,Telephone,,"The Public Defender is appointed by the judge when an individual is not able to afford an attorney. The Public Defender provides legal representation in the areas of criminal, misdemeanor, juvenile justice, child protection, paternity, appeals, post-conviction and traffic cases.",Public Defender,0,0,0,0,0,0,0,0,0,0,0,0,0,0,661,628,625,1418,592,715,1000,931,932,706,0,0,57,0,1565,662,300,0,0,0,0,0,0,0,0,0,0,0,0,0,0,558,338,504,1385,475,715,1000,741,856,706,0,0,57,0,1565,662,213
General Fund,"The County's General Fund covers the main functions of County Government. Nearly every Elected Official or Department Heads' budget is included in this fund and nearly all major expenses, salaries and benefits are paid from it. A breakdown of the revenue for the General Fund can be found in the Fiscal Year Budget summary.",1,30,Public Defender,Public Defender,Travel,,"The Public Defender is appointed by the judge when an individual is not able to afford an attorney. The Public Defender provides legal representation in the areas of criminal, misdemeanor, juvenile justice, child protection, paternity, appeals, post-conviction and traffic cases.",Public Defender,1600,1600,1600,1600,1600,1600,1600,1600,939,0,0,0,187,175,0,0,0,0,0,454,489,382,385,0,0,0,0,0,0,0,0,65,0,0,0,0,0,0,0,0,0,0,0,150,175,0,0,0,0,0,454,382,382,385,0,0,0,0,0,0,0,0
General Fund,"The County's General Fund covers the main functions of County Government. Nearly every Elected Official or Department Heads' budget is included in this fund and nearly all major expenses, salaries and benefits are paid from it. A breakdown of the revenue for the General Fund can be found in the Fiscal Year Budget summary.",1,30,Public Defender,Public Defender,Miscellaneous,,"The Public Defender is appointed by the judge when an individual is not able to afford an attorney. The Public Defender provides legal representation in the areas of criminal, misdemeanor, juvenile justice, child protection, paternity, appeals, post-conviction and traffic cases.",Public Defender,0,0,0,0,0,0,0,0,0,0,0,0,0,0,839,1057,3574,0,1019,3895,1128,0,64,85,0,240,298,0,0,6300,0,0,0,0,0,0,0,0,0,0,0,0,0,0,0,839,1055,3574,0,1019,3895,1128,0,64,85,240,240,298,0,0,6300,0
General Fund,"The County's General Fund covers the main functions of County Government. Nearly every Elected Official or Department Heads' budget is included in this fund and nearly all major expenses, salaries and benefits are paid from it. A breakdown of the revenue for the General Fund can be found in the Fiscal Year Budget summary.",1,30,Public Defender,Public Defender,Office Expense,,"The Public Defender is appointed by the judge when an individual is not able to afford an attorney. The Public Defender provides legal representation in the areas of criminal, misdemeanor, juvenile justice, child protection, paternity, appeals, post-conviction and traffic cases.",Public Defender,13200,13200,13200,13200,26400,26400,26400,26400,26400,26400,26400,25632,27368,21722,1140,1083,4950,383,0,313,0,513,1187,619,861,536,1097,1556,5368,4773,3823,13200,13200,13200,13200,26400,26400,26400,26400,26400,26400,26400,25632,27368,21722,879,511,4800,383,0,0,0,513,1187,619,536,536,1097,1556,4686,4773,1805
General Fund,"The County's General Fund covers the main functions of County Government. Nearly every Elected Official or Department Heads' budget is included in this fund and nearly all major expenses, salaries and benefits are paid from it. A breakdown of the revenue for the General Fund can be found in the Fiscal Year Budget summary.",1,30,Public Defender,Public Defender,Office Supplies,,"The Public Defender is appointed by the judge when an individual is not able to afford an attorney. The Public Defender provides legal representation in the areas of criminal, misdemeanor, juvenile justice, child protection, paternity, appeals, post-conviction and traffic cases.",Public Defender,1500,1500,1500,1500,1500,1500,1500,1500,702,0,0,0,0,0,0,0,0,0,758,0,500,0,0,0,0,0,0,0,0,0,0,0,0,0,195,64,0,0,0,0,0,0,0,0,0,0,0,0,0,758,313,313,0,0,0,0,0,0,0,0,0,0
General Fund,"The County's General Fund covers the main functions of County Government. Nearly every Elected Official or Department Heads' budget is included in this fund and nearly all major expenses, salaries and benefits are paid from it. A breakdown of the revenue for the General Fund can be found in the Fiscal Year Budget summary.",1,30,Public Defender,Public Defender,Publishing,,"The Public Defender is appointed by the judge when an individual is not able to afford an attorney. The Public Defender provides legal representation in the areas of criminal, misdemeanor, juvenile justice, child protection, paternity, appeals, post-conviction and traffic cases.",Public Defender,100,100,100,100,100,100,100,100,100,0,0,0,0,0,0,0,0,0,0,0,90,0,0,0,0,0,0,0,0,0,0,0,0,0,0,0,0,0,0,0,0,0,0,0,0,0,0,0,0,0,0,0,0,0,0,0,0,0,0,0,0,0
General Fund,"The County's General Fund covers the main functions of County Government. Nearly every Elected Official or Department Heads' budget is included in this fund and nearly all major expenses, salaries and benefits are paid from it. A breakdown of the revenue for the General Fund can be found in the Fiscal Year Budget summary.",1,30,Public Defender,Public Defender,Psychological Evaluations,,"The Public Defender is appointed by the judge when an individual is not able to afford an attorney. The Public Defender provides legal representation in the areas of criminal, misdemeanor, juvenile justice, child protection, paternity, appeals, post-conviction and traffic cases.",Public Defender,3000,3000,4400,4400,4400,4400,4400,4400,2400,3872,7000,0,0,0,0,0,0,0,0,430,2040,0,3600,1250,0,0,5350,6250,8930,0,3500,1925,1950,3665,2550,875,1525,830,3295,2250,3650,0,0,0,0,0,0,0,0,0,1950,2040,0,3600,1250,0,0,5350,6250,4567,0,3500
General Fund,"The County's General Fund covers the main functions of County Government. Nearly every Elected Official or Department Heads' budget is included in this fund and nearly all major expenses, salaries and benefits are paid from it. A breakdown of the revenue for the General Fund can be found in the Fiscal Year Budget summary.",1,30,Public Defender,Public Defender,Equipment,,"The Public Defender is appointed by the judge when an individual is not able to afford an attorney. The Public Defender provides legal representation in the areas of criminal, misdemeanor, juvenile justice, child protection, paternity, appeals, post-conviction and traffic cases.",Public Defender,0,0,500,500,500,500,476,500,500,0,0,0,0,0,0,0,0,0,0,0,1410,0,0,0,0,0,0,0,0,0,7030,0,0,0,0,0,0,0,0,0,0,0,0,0,0,0,0,0,0,0,0,1410,0,0,0,0,0,0,0,0,0,4623
General Fund,"The County's General Fund covers the main functions of County Government. Nearly every Elected Official or Department Heads' budget is included in this fund and nearly all major expenses, salaries and benefits are paid from it. A breakdown of the revenue for the General Fund can be found in the Fiscal Year Budget summary.",1,30,Public Defender,Public Defender,Witness & Investigations,,"The Public Defender is appointed by the judge when an individual is not able to afford an attorney. The Public Defender provides legal representation in the areas of criminal, misdemeanor, juvenile justice, child protection, paternity, appeals, post-conviction and traffic cases.",Public Defender,1500,1500,2599,2599,2599,2599,2599,2599,599,2060,1965,0,0,0,0,0,0,0,0,0,92,0,0,0,0,0,0,0,0,0,0,311,0,0,0,0,0,0,0,0,2060,21,0,0,0,0,0,0,0,0,0,0,0,0,0,0,0,0,0,0,0,0
General Fund,"The County's General Fund covers the main functions of County Government. Nearly every Elected Official or Department Heads' budget is included in this fund and nearly all major expenses, salaries and benefits are paid from it. A breakdown of the revenue for the General Fund can be found in the Fiscal Year Budget summary.",1,30,Public Defender,Public Defender,Contractual Employees,,"The Public Defender is appointed by the judge when an individual is not able to afford an attorney. The Public Defender provides legal representation in the areas of criminal, misdemeanor, juvenile justice, child protection, paternity, appeals, post-conviction and traffic cases.",Public Defender,0,0,0,0,0,0,0,0,0,0,0,0,0,0,51748,66761,54279,39314,36000,36000,41750,52000,60000,64750,0,0,0,0,0,0,0,0,0,0,0,0,0,0,0,0,0,0,0,0,0,51748,66750,51500,38500,36000,36000,41750,52000,60000,64750,0,0,0,0,0,0,0
General Fund,"The County's General Fund covers the main functions of County Government. Nearly every Elected Official or Department Heads' budget is included in this fund and nearly all major expenses, salaries and benefits are paid from it. A breakdown of the revenue for the General Fund can be found in the Fiscal Year Budget summary.",1,30,Public Defender,Public Defender,Equipment Repair & Maintenance,,"The Public Defender is appointed by the judge when an individual is not able to afford an attorney. The Public Defender provides legal representation in the areas of criminal, misdemeanor, juvenile justice, child protection, paternity, appeals, post-conviction and traffic cases.",Public Defender,0,0,0,0,0,0,0,0,0,0,0,0,0,0,0,45,183,0,0,0,505,391,245,0,0,0,480,1204,3771,2303,0,0,0,0,0,0,0,0,0,0,0,0,0,0,0,0,45,183,0,0,0,505,391,245,0,0,0,480,1155,2537,2303,0
General Fund,"The County's General Fund covers the main functions of County Government. Nearly every Elected Official or Department Heads' budget is included in this fund and nearly all major expenses, salaries and benefits are paid from it. A breakdown of the revenue for the General Fund can be found in the Fiscal Year Budget summary.",1,30,Public Defender,Public Defender,Postage,,"The Public Defender is appointed by the judge when an individual is not able to afford an attorney. The Public Defender provides legal representation in the areas of criminal, misdemeanor, juvenile justice, child protection, paternity, appeals, post-conviction and traffic cases.",Public Defender,0,0,0,0,0,0,0,0,0,0,0,0,0,0,0,0,0,0,300,0,1112,6,471,556,915,1173,903,744,360,237,360,0,0,0,0,0,0,0,0,0,0,0,0,0,0,0,0,0,0,246,0,1112,6,471,556,1173,1173,893,744,137,182,250
General Fund,"The County's General Fund covers the main functions of County Government. Nearly every Elected Official or Department Heads' budget is included in this fund and nearly all major expenses, salaries and benefits are paid from it. A breakdown of the revenue for the General Fund can be found in the Fiscal Year Budget summary.",1,30,Public Defender,Public Defender,"Books, Transcripts, & Periodicals",,"The Public Defender is appointed by the judge when an individual is not able to afford an attorney. The Public Defender provides legal representation in the areas of criminal, misdemeanor, juvenile justice, child protection, paternity, appeals, post-conviction and traffic cases.",Public Defender,0,0,0,0,0,0,0,0,0,0,0,0,0,0,0,0,0,0,452,1950,418,101,440,0,898,0,0,0,0,96,0,0,0,0,0,0,0,0,0,0,0,0,0,0,0,0,0,0,0,0,266,418,101,254,0,0,0,0,0,0,96,0
General Fund,"The County's General Fund covers the main functions of County Government. Nearly every Elected Official or Department Heads' budget is included in this fund and nearly all major expenses, salaries and benefits are paid from it. A breakdown of the revenue for the General Fund can be found in the Fiscal Year Budget summary.",1,31,Jury Commission,Jury Commission,Office Supplies,,"The line item, under control of the Chief Judge, funds expenses of the Jury Commission.",Circuit Clerk,0,0,400,0,400,772,1535,900,900,900,1200,1200,614,612,708,652,618,553,553,600,308,608,1469,1990,1350,2100,1600,2100,1400,1400,299,0,0,258,0,309,772,1431,900,0,416,99,892,314,478,599,522,565,382,480,0,308,475,1469,1025,2100,659,332,791,612,1380,299
General Fund,"The County's General Fund covers the main functions of County Government. Nearly every Elected Official or Department Heads' budget is included in this fund and nearly all major expenses, salaries and benefits are paid from it. A breakdown of the revenue for the General Fund can be found in the Fiscal Year Budget summary.",1,31,Jury Commission,Jury Commission,Postage,,"The line item, under control of the Chief Judge, funds expenses of the Jury Commission.",Circuit Clerk,0,0,1050,0,2200,1978,3200,3200,1530,3488,3488,3488,3488,3488,3488,3488,3488,3488,3488,3600,3902,3602,2566,2100,2850,2045,2600,2100,2776,2776,4077,0,0,0,0,2200,1060,3200,3200,0,3488,3488,3488,3488,3488,3488,3488,3488,3488,3488,3600,3902,0,1593,2100,2045,1970,2138,2100,2776,0,4077
General Fund,"The County's General Fund covers the main functions of County Government. Nearly every Elected Official or Department Heads' budget is included in this fund and nearly all major expenses, salaries and benefits are paid from it. A breakdown of the revenue for the General Fund can be found in the Fiscal Year Budget summary.",1,31,Jury Commission,Jury Commission,Telephone,,"The line item, under control of the Chief Judge, funds expenses of the Jury Commission.",Circuit Clerk,0,0,1250,0,1100,1100,665,1100,2898,1400,1100,1100,1098,1100,1000,799,734,799,799,800,790,790,965,800,176,176,176,176,200,200,0,0,0,1250,0,835,996,665,991,2898,399,604,651,569,583,798,617,548,617,614,672,790,748,731,768,176,121,104,143,172,0,0
General Fund,"The County's General Fund covers the main functions of County Government. Nearly every Elected Official or Department Heads' budget is included in this fund and nearly all major expenses, salaries and benefits are paid from it. A breakdown of the revenue for the General Fund can be found in the Fiscal Year Budget summary.",1,31,Jury Commission,Jury Commission,Jury Commissioner,,"The line item, under control of the Chief Judge, funds expenses of the Jury Commission.",Circuit Clerk,2500,3000,300,4000,300,150,100,300,200,0,0,0,0,0,3,0,0,0,0,0,0,0,0,0,0,0,0,0,0,0,0,2474,2994,131,3473,0,58,100,300,0,0,0,0,0,0,0,0,0,0,0,0,0,0,0,0,0,0,0,0,0,0,0
General Fund,"The County's General Fund covers the main functions of County Government. Nearly every Elected Official or Department Heads' budget is included in this fund and nearly all major expenses, salaries and benefits are paid from it. A breakdown of the revenue for the General Fund can be found in the Fiscal Year Budget summary.",1,31,Jury Commission,Jury Commission,Miscellaneous,,"The line item, under control of the Chief Judge, funds expenses of the Jury Commission.",Circuit Clerk,0,0,0,0,0,0,0,0,0,0,0,0,0,0,0,0,0,0,0,0,0,0,0,110,0,0,0,0,0,0,0,0,0,0,0,0,0,0,0,0,0,0,0,0,0,0,0,0,0,0,0,0,0,0,110,0,0,0,0,0,0,0
General Fund,"The County's General Fund covers the main functions of County Government. Nearly every Elected Official or Department Heads' budget is included in this fund and nearly all major expenses, salaries and benefits are paid from it. A breakdown of the revenue for the General Fund can be found in the Fiscal Year Budget summary.",1,32,Circuit Clerk,Circuit Clerk,Salaries & Benefits,http://macoupincountyil.gov/circuit_clerk.htm,"The Clerk of the Circuit Court of Macoupin County is the keeper of the records for the Court. The Clerk is responsible for serving the court, the legal profession and the general public.",Circuit Clerk,272040,287659,312680,314739,336856,366408,379609,379609,375848,412378,415768,415769,430983,420522,373812,476957,498998,521085,534074,447555,454413,452987,450473,466475,475573,480636,438578,483072,491835,480279,445494,272040,287659,312562,312449,323159,335184,352528,364522,370174,364092,372666,392189,388296,419868,373760,416223,498998,521082,527463,434724,454413,438557,450473,464422,480636,459794,423100,482930,484806,470290,443213
General Fund,"The County's General Fund covers the main functions of County Government. Nearly every Elected Official or Department Heads' budget is included in this fund and nearly all major expenses, salaries and benefits are paid from it. A breakdown of the revenue for the General Fund can be found in the Fiscal Year Budget summary.",1,32,Circuit Clerk,Circuit Clerk,Office Supplies,http://macoupincountyil.gov/circuit_clerk.htm,"The Clerk of the Circuit Court of Macoupin County is the keeper of the records for the Court. The Clerk is responsible for serving the court, the legal profession and the general public.",Circuit Clerk,8308,9403,14297,23528,18528,18528,20000,20000,20000,22009,19889,20000,20000,22368,15779,21250,13708,7928,13887,19745,11222,25965,13356,11250,10484,10100,10950,8950,10946,9350,15659,8308,9370,14297,19296,17965,18109,19566,17773,19599,22009,18605,19807,18859,22368,15779,22732,13708,7928,13887,19745,10987,25965,13356,11085,10100,6116,7989,8052,10946,8189,15659
General Fund,"The County's General Fund covers the main functions of County Government. Nearly every Elected Official or Department Heads' budget is included in this fund and nearly all major expenses, salaries and benefits are paid from it. A breakdown of the revenue for the General Fund can be found in the Fiscal Year Budget summary.",1,32,Circuit Clerk,Circuit Clerk,Postage,http://macoupincountyil.gov/circuit_clerk.htm,"The Clerk of the Circuit Court of Macoupin County is the keeper of the records for the Court. The Clerk is responsible for serving the court, the legal profession and the general public.",Circuit Clerk,12820,12000,20604,20995,22407,20224,18528,18528,20196,20196,20196,20196,20196,20196,17773,177,176,176,176,1000,9000,10000,9000,10731,10129,10000,10692,10000,12862,12000,11300,12804,12000,20604,20942,18114,19714,18100,18336,19169,19639,20162,20196,20196,20195,17773,176,176,176,176,636,8658,9940,8186,10731,10000,9042,10692,10000,12862,11153,10943
General Fund,"The County's General Fund covers the main functions of County Government. Nearly every Elected Official or Department Heads' budget is included in this fund and nearly all major expenses, salaries and benefits are paid from it. A breakdown of the revenue for the General Fund can be found in the Fiscal Year Budget summary.",1,32,Circuit Clerk,Circuit Clerk,Travel,http://macoupincountyil.gov/circuit_clerk.htm,"The Clerk of the Circuit Court of Macoupin County is the keeper of the records for the Court. The Clerk is responsible for serving the court, the legal profession and the general public.",Circuit Clerk,1274,1695,972,1500,1500,1500,1500,1500,1500,1000,554,1000,1079,515,325,464,325,325,325,370,355,325,425,330,346,446,397,396,400,450,450,1274,1695,972,477,436,385,502,295,544,34,125,350,1079,389,325,325,325,325,325,370,355,325,425,325,446,375,375,375,375,450,450
General Fund,"The County's General Fund covers the main functions of County Government. Nearly every Elected Official or Department Heads' budget is included in this fund and nearly all major expenses, salaries and benefits are paid from it. A breakdown of the revenue for the General Fund can be found in the Fiscal Year Budget summary.",1,32,Circuit Clerk,Circuit Clerk,Publishing,http://macoupincountyil.gov/circuit_clerk.htm,"The Clerk of the Circuit Court of Macoupin County is the keeper of the records for the Court. The Clerk is responsible for serving the court, the legal profession and the general public.",Circuit Clerk,0,0,0,0,0,0,0,0,0,0,0,0,250,251,0,0,0,0,0,0,100,0,500,0,0,0,0,0,0,0,1000,0,0,0,0,0,0,0,0,0,0,0,0,0,0,0,0,0,0,0,0,0,0,279,0,0,0,0,0,0,0,600
General Fund,"The County's General Fund covers the main functions of County Government. Nearly every Elected Official or Department Heads' budget is included in this fund and nearly all major expenses, salaries and benefits are paid from it. A breakdown of the revenue for the General Fund can be found in the Fiscal Year Budget summary.",1,32,Circuit Clerk,Circuit Clerk,Telephone,http://macoupincountyil.gov/circuit_clerk.htm,"The Clerk of the Circuit Court of Macoupin County is the keeper of the records for the Court. The Clerk is responsible for serving the court, the legal profession and the general public.",Circuit Clerk,2548,2093,2388,2763,2838,3500,3500,3500,4330,4000,4000,4163,4000,4000,3220,5525,2526,2320,2200,2451,2703,2528,3125,3003,0,0,0,0,0,0,0,2548,2093,2388,2763,2838,3029,2593,2720,4330,3078,3146,4125,3212,3361,3168,3500,2526,2320,2136,2451,2703,2498,2578,3003,0,0,0,0,0,0,0
General Fund,"The County's General Fund covers the main functions of County Government. Nearly every Elected Official or Department Heads' budget is included in this fund and nearly all major expenses, salaries and benefits are paid from it. A breakdown of the revenue for the General Fund can be found in the Fiscal Year Budget summary.",1,32,Circuit Clerk,Circuit Clerk,Office Machine Rent,http://macoupincountyil.gov/circuit_clerk.htm,"The Clerk of the Circuit Court of Macoupin County is the keeper of the records for the Court. The Clerk is responsible for serving the court, the legal profession and the general public.",Circuit Clerk,5186,5849,6538,5400,5000,5000,5000,5000,5000,5194,5272,5000,5622,4641,5751,5197,2964,2918,3313,3000,2795,2599,3079,3500,5017,5000,1307,1974,3000,3805,2732,5186,5849,6539,4519,4754,4622,4892,4816,3767,5194,5273,4790,5622,4641,5751,5196,2964,2918,3313,2667,2644,2579,2557,1528,5000,1784,1070,1325,1325,1614,1325
General Fund,"The County's General Fund covers the main functions of County Government. Nearly every Elected Official or Department Heads' budget is included in this fund and nearly all major expenses, salaries and benefits are paid from it. A breakdown of the revenue for the General Fund can be found in the Fiscal Year Budget summary.",1,32,Circuit Clerk,Circuit Clerk,Insurance,http://macoupincountyil.gov/circuit_clerk.htm,"The Clerk of the Circuit Court of Macoupin County is the keeper of the records for the Court. The Clerk is responsible for serving the court, the legal profession and the general public.",Circuit Clerk,375,625,325,325,411,500,500,500,545,762,784,500,500,598,500,637,323,339,12,33,40,2,34,32,200,200,200,200,200,0,0,375,625,325,325,411,305,227,405,545,762,784,444,388,598,500,498,323,339,12,10,40,2,12,0,200,0,102,40,0,0,0
General Fund,"The County's General Fund covers the main functions of County Government. Nearly every Elected Official or Department Heads' budget is included in this fund and nearly all major expenses, salaries and benefits are paid from it. A breakdown of the revenue for the General Fund can be found in the Fiscal Year Budget summary.",1,32,Circuit Clerk,Circuit Clerk,Periodicals,http://macoupincountyil.gov/circuit_clerk.htm,"The Clerk of the Circuit Court of Macoupin County is the keeper of the records for the Court. The Clerk is responsible for serving the court, the legal profession and the general public.",Circuit Clerk,0,0,0,0,0,0,0,0,561,926,0,0,0,0,0,0,0,0,0,0,731,0,0,0,0,0,0,0,0,0,0,0,0,0,0,0,0,0,0,554,926,0,0,0,0,0,0,0,0,8,0,731,0,0,0,0,0,0,0,0,0,0
General Fund,"The County's General Fund covers the main functions of County Government. Nearly every Elected Official or Department Heads' budget is included in this fund and nearly all major expenses, salaries and benefits are paid from it. A breakdown of the revenue for the General Fund can be found in the Fiscal Year Budget summary.",1,32,Circuit Clerk,Circuit Clerk,Equipment,http://macoupincountyil.gov/circuit_clerk.htm,"The Clerk of the Circuit Court of Macoupin County is the keeper of the records for the Court. The Clerk is responsible for serving the court, the legal profession and the general public.",Circuit Clerk,1618,375,0,0,3600,2000,2000,2000,2000,2000,2000,1819,2000,1850,1030,2125,17139,0,0,0,0,0,0,0,0,0,0,0,0,0,0,1618,375,0,0,1203,1005,367,0,0,1143,538,0,1049,1500,1030,2000,17139,0,0,0,0,0,0,0,0,0,0,0,0,0,0
General Fund,"The County's General Fund covers the main functions of County Government. Nearly every Elected Official or Department Heads' budget is included in this fund and nearly all major expenses, salaries and benefits are paid from it. A breakdown of the revenue for the General Fund can be found in the Fiscal Year Budget summary.",1,32,Circuit Clerk,Circuit Clerk,Publications,http://macoupincountyil.gov/circuit_clerk.htm,"The Clerk of the Circuit Court of Macoupin County is the keeper of the records for the Court. The Clerk is responsible for serving the court, the legal profession and the general public.",Circuit Clerk,0,0,0,0,255,0,0,0,0,0,0,0,0,0,0,0,0,0,0,0,0,0,0,0,0,700,1500,1500,1000,1000,0,0,0,0,0,255,0,0,0,0,0,0,0,0,0,0,0,0,0,0,0,0,0,0,0,700,564,798,750,675,525,0
General Fund,"The County's General Fund covers the main functions of County Government. Nearly every Elected Official or Department Heads' budget is included in this fund and nearly all major expenses, salaries and benefits are paid from it. A breakdown of the revenue for the General Fund can be found in the Fiscal Year Budget summary.",1,32,Circuit Clerk,Circuit Clerk,Miscellaneous,http://macoupincountyil.gov/circuit_clerk.htm,"The Clerk of the Circuit Court of Macoupin County is the keeper of the records for the Court. The Clerk is responsible for serving the court, the legal profession and the general public.",Circuit Clerk,0,0,0,0,0,500,500,500,500,500,500,518,370,360,74,19,12,0,8,0,0,427,844,1500,1357,1100,2500,1191,2500,541,790,0,0,0,0,0,356,0,0,34,95,0,18,146,103,74,18,0,0,0,0,0,427,636,1009,1100,755,2007,1191,1666,475,790
General Fund,"The County's General Fund covers the main functions of County Government. Nearly every Elected Official or Department Heads' budget is included in this fund and nearly all major expenses, salaries and benefits are paid from it. A breakdown of the revenue for the General Fund can be found in the Fiscal Year Budget summary.",1,32,Circuit Clerk,Circuit Clerk,Equipment Purchase & Maintenance,http://macoupincountyil.gov/circuit_clerk.htm,"The Clerk of the Circuit Court of Macoupin County is the keeper of the records for the Court. The Clerk is responsible for serving the court, the legal profession and the general public.",Circuit Clerk,0,0,0,0,0,0,0,0,0,0,0,0,0,0,0,0,0,992,589,846,0,167,935,950,500,500,500,500,0,0,0,0,0,0,0,0,0,0,0,0,0,0,0,0,0,0,0,0,992,589,413,0,167,151,159,500,0,0,0,0,0,0
General Fund,"The County's General Fund covers the main functions of County Government. Nearly every Elected Official or Department Heads' budget is included in this fund and nearly all major expenses, salaries and benefits are paid from it. A breakdown of the revenue for the General Fund can be found in the Fiscal Year Budget summary.",1,33,States Attorney,States Attorney,Salaries & Benefits,http://www.macoupinco-sao.com/,"The Macoupin County State's Attorney's Office acts on behalf of the citizens of the State of Illinois in prosecuting crimes committed in Macoupin County, Illinois",State's Attorney,240640,247506,250853,260433,306767,323433,348896,351658,351558,367144,370375,388513,398038,419478,414122,377161,412576,437056,433990,400910,397428,385061,389560,395105,413651,414439,413218,419737,451764,423951,463959,240640,246449,250853,260433,306767,323331,348896,351299,351558,367144,370377,388514,398039,419428,414122,377161,412561,435976,415369,373422,375719,373464,372659,386978,414439,414439,380461,412719,395262,406452,398323
General Fund,"The County's General Fund covers the main functions of County Government. Nearly every Elected Official or Department Heads' budget is included in this fund and nearly all major expenses, salaries and benefits are paid from it. A breakdown of the revenue for the General Fund can be found in the Fiscal Year Budget summary.",1,33,States Attorney,States Attorney,Office Supplies,http://www.macoupinco-sao.com/,"The Macoupin County State's Attorney's Office acts on behalf of the citizens of the State of Illinois in prosecuting crimes committed in Macoupin County, Illinois",State's Attorney,3000,3560,3634,4722,3300,2683,5514,5304,5508,4651,4817,4143,5727,3008,2521,1593,4664,4000,6357,7206,9474,13916,10290,8117,6980,6474,5000,5979,5140,5587,5000,2537,3560,3632,4722,2653,2683,5514,5304,5363,4651,4817,4143,5727,3008,2498,1593,4664,3897,6357,7206,9474,13916,10290,8117,6474,6474,4725,5979,5140,5587,3609
General Fund,"The County's General Fund covers the main functions of County Government. Nearly every Elected Official or Department Heads' budget is included in this fund and nearly all major expenses, salaries and benefits are paid from it. A breakdown of the revenue for the General Fund can be found in the Fiscal Year Budget summary.",1,33,States Attorney,States Attorney,Postage,http://www.macoupinco-sao.com/,"The Macoupin County State's Attorney's Office acts on behalf of the citizens of the State of Illinois in prosecuting crimes committed in Macoupin County, Illinois",State's Attorney,2750,2693,2936,2800,3050,2805,3700,3700,3700,2955,1437,2393,1536,787,1280,186,2393,1500,1472,1636,3500,905,1303,781,1579,572,1000,1000,1000,871,1000,2312,1700,2936,2756,3050,2805,3381,2365,3443,2885,1437,2393,1536,687,1280,186,2393,1469,1087,1155,1499,905,1303,781,572,568,711,840,899,871,456
General Fund,"The County's General Fund covers the main functions of County Government. Nearly every Elected Official or Department Heads' budget is included in this fund and nearly all major expenses, salaries and benefits are paid from it. A breakdown of the revenue for the General Fund can be found in the Fiscal Year Budget summary.",1,33,States Attorney,States Attorney,Travel,http://www.macoupinco-sao.com/,"The Macoupin County State's Attorney's Office acts on behalf of the citizens of the State of Illinois in prosecuting crimes committed in Macoupin County, Illinois",State's Attorney,0,583,70,1003,1270,454,1969,2580,1435,712,581,2504,1940,2237,2659,770,1993,320,545,783,919,1804,1211,0,0,0,0,0,0,0,0,0,583,70,1003,1270,454,1969,2580,791,712,581,2504,1940,1937,2659,770,1993,320,545,783,598,1804,1211,0,0,0,0,0,0,0,0
General Fund,"The County's General Fund covers the main functions of County Government. Nearly every Elected Official or Department Heads' budget is included in this fund and nearly all major expenses, salaries and benefits are paid from it. A breakdown of the revenue for the General Fund can be found in the Fiscal Year Budget summary.",1,33,States Attorney,States Attorney,Publishing,http://www.macoupinco-sao.com/,"The Macoupin County State's Attorney's Office acts on behalf of the citizens of the State of Illinois in prosecuting crimes committed in Macoupin County, Illinois",State's Attorney,1000,1000,867,1000,1000,866,1000,1000,2299,1833,1670,1527,1512,905,1455,781,672,1172,1172,839,2500,1373,1950,427,1171,708,1500,1500,1773,3352,1731,734,594,867,945,358,866,965,1388,2255,1833,1670,1527,1512,905,1455,781,672,1021,1145,168,1920,1373,1933,427,708,708,1302,1232,1773,3352,1731
General Fund,"The County's General Fund covers the main functions of County Government. Nearly every Elected Official or Department Heads' budget is included in this fund and nearly all major expenses, salaries and benefits are paid from it. A breakdown of the revenue for the General Fund can be found in the Fiscal Year Budget summary.",1,33,States Attorney,States Attorney,Psychological Evaluation & Testing,http://www.macoupinco-sao.com/,"The Macoupin County State's Attorney's Office acts on behalf of the citizens of the State of Illinois in prosecuting crimes committed in Macoupin County, Illinois",State's Attorney,0,1000,0,771,269,0,201,1030,1030,0,0,2775,0,0,0,0,0,0,0,0,0,0,0,0,0,0,0,0,0,0,0,0,165,0,753,269,0,0,1030,0,0,0,2775,0,0,0,0,0,0,0,0,0,0,0,0,0,0,0,0,0,0,0
General Fund,"The County's General Fund covers the main functions of County Government. Nearly every Elected Official or Department Heads' budget is included in this fund and nearly all major expenses, salaries and benefits are paid from it. A breakdown of the revenue for the General Fund can be found in the Fiscal Year Budget summary.",1,33,States Attorney,States Attorney,Witness & Investigation,http://www.macoupinco-sao.com/,"The Macoupin County State's Attorney's Office acts on behalf of the citizens of the State of Illinois in prosecuting crimes committed in Macoupin County, Illinois",State's Attorney,5123,5135,8831,5971,5592,5707,6522,7500,5000,2984,5913,7524,5600,2999,1686,900,403,1500,1500,3000,3000,1865,1516,568,3068,0,2250,2247,2250,6867,2250,5123,5095,8831,5971,5592,5707,4559,6184,3685,2984,5882,7524,5598,2912,1685,900,403,1277,132,2889,1452,1865,1040,568,0,0,990,974,602,6867,1596
General Fund,"The County's General Fund covers the main functions of County Government. Nearly every Elected Official or Department Heads' budget is included in this fund and nearly all major expenses, salaries and benefits are paid from it. A breakdown of the revenue for the General Fund can be found in the Fiscal Year Budget summary.",1,33,States Attorney,States Attorney,Telephone,http://www.macoupinco-sao.com/,"The Macoupin County State's Attorney's Office acts on behalf of the citizens of the State of Illinois in prosecuting crimes committed in Macoupin County, Illinois",State's Attorney,5900,6900,5608,5219,6556,6621,6900,6286,5575,4992,5010,6194,5476,6077,5135,4203,4318,6801,2769,4440,3986,4114,2900,2918,0,0,0,0,0,0,0,5874,5316,5608,5219,6215,6621,5842,5330,5106,4992,4988,6193,5476,6052,5133,4203,4318,6801,2600,3290,3093,4114,2795,2918,0,0,0,0,0,0,0
General Fund,"The County's General Fund covers the main functions of County Government. Nearly every Elected Official or Department Heads' budget is included in this fund and nearly all major expenses, salaries and benefits are paid from it. A breakdown of the revenue for the General Fund can be found in the Fiscal Year Budget summary.",1,33,States Attorney,States Attorney,Machine Rent,http://www.macoupinco-sao.com/,"The Macoupin County State's Attorney's Office acts on behalf of the citizens of the State of Illinois in prosecuting crimes committed in Macoupin County, Illinois",State's Attorney,3805,3959,3522,3690,3860,3663,3985,3760,3760,3341,2754,3125,3528,2334,2930,2316,3150,9328,11561,3000,3725,5633,4169,2480,2500,1707,2000,2305,4156,1179,2000,3805,3959,3522,3671,3860,3663,3509,3760,3489,3241,2754,3125,3528,2334,2930,2316,3150,9328,11561,2746,3725,5633,4169,2480,1707,1707,877,2305,4156,1179,1782
General Fund,"The County's General Fund covers the main functions of County Government. Nearly every Elected Official or Department Heads' budget is included in this fund and nearly all major expenses, salaries and benefits are paid from it. A breakdown of the revenue for the General Fund can be found in the Fiscal Year Budget summary.",1,33,States Attorney,States Attorney,Miscellaneous,http://www.macoupinco-sao.com/,"The Macoupin County State's Attorney's Office acts on behalf of the citizens of the State of Illinois in prosecuting crimes committed in Macoupin County, Illinois",State's Attorney,3042,2000,1624,1477,788,2280,2100,2100,2450,1519,1787,1697,2717,2365,906,2416,369,2716,4516,0,3180,2309,517,885,1020,688,2683,2002,2000,8876,2000,3042,1636,1623,1477,788,2280,1443,1914,2450,1519,1786,1697,2717,2365,883,2416,369,2716,4516,0,2464,2309,517,885,688,688,3322,2002,370,8876,1730
General Fund,"The County's General Fund covers the main functions of County Government. Nearly every Elected Official or Department Heads' budget is included in this fund and nearly all major expenses, salaries and benefits are paid from it. A breakdown of the revenue for the General Fund can be found in the Fiscal Year Budget summary.",1,33,States Attorney,States Attorney,Equipment,http://www.macoupinco-sao.com/,"The Macoupin County State's Attorney's Office acts on behalf of the citizens of the State of Illinois in prosecuting crimes committed in Macoupin County, Illinois",State's Attorney,363,375,832,680,500,6409,200,8480,161,897,0,228,4583,336,131,83,2,0,0,0,0,0,0,0,0,0,2324,151,408,16919,300,360,271,832,680,495,6409,200,8480,161,897,0,228,4580,4873,2127,1048,0,0,0,0,0,0,0,0,0,0,2324,151,408,16919,300
General Fund,"The County's General Fund covers the main functions of County Government. Nearly every Elected Official or Department Heads' budget is included in this fund and nearly all major expenses, salaries and benefits are paid from it. A breakdown of the revenue for the General Fund can be found in the Fiscal Year Budget summary.",1,33,States Attorney,States Attorney,"Book, Transcript & Periodicals",http://www.macoupinco-sao.com/,"The Macoupin County State's Attorney's Office acts on behalf of the citizens of the State of Illinois in prosecuting crimes committed in Macoupin County, Illinois",State's Attorney,4660,3750,3700,3201,3334,3239,5400,5626,5626,3973,3254,4977,5843,4873,2127,1048,879,3237,3237,3535,3289,1924,2132,1552,1995,1399,1500,1890,1521,1217,1500,4660,2824,3700,3201,3334,3240,5173,5626,3813,3973,3254,4977,5843,336,120,83,879,3237,2808,3535,3289,1924,2132,1552,1399,1399,1349,1890,1521,1217,232
General Fund,"The County's General Fund covers the main functions of County Government. Nearly every Elected Official or Department Heads' budget is included in this fund and nearly all major expenses, salaries and benefits are paid from it. A breakdown of the revenue for the General Fund can be found in the Fiscal Year Budget summary.",1,33,States Attorney,States Attorney,Education & Training,http://www.macoupinco-sao.com/,"The Macoupin County State's Attorney's Office acts on behalf of the citizens of the State of Illinois in prosecuting crimes committed in Macoupin County, Illinois",State's Attorney,0,0,0,0,0,0,0,0,0,0,0,0,0,0,0,0,0,2000,2510,3000,3000,2155,951,3667,2335,2884,3000,3285,3075,3528,2469,0,0,0,0,0,0,0,0,0,0,0,0,0,0,0,0,0,1597,2510,2561,2836,2155,951,3667,2884,2884,2590,3285,3075,3528,1563
General Fund,"The County's General Fund covers the main functions of County Government. Nearly every Elected Official or Department Heads' budget is included in this fund and nearly all major expenses, salaries and benefits are paid from it. A breakdown of the revenue for the General Fund can be found in the Fiscal Year Budget summary.",1,33,States Attorney,States Attorney,Appellate Assistant Service,http://www.macoupinco-sao.com/,"The Macoupin County State's Attorney's Office acts on behalf of the citizens of the State of Illinois in prosecuting crimes committed in Macoupin County, Illinois",State's Attorney,0,0,0,0,0,0,0,0,0,0,0,0,0,0,0,0,0,0,0,0,0,0,0,0,0,0,0,0,0,0,21000,0,0,0,0,0,0,0,0,0,0,0,0,0,0,0,0,0,0,0,0,0,0,0,0,0,0,0,0,0,0,21000
General Fund,"The County's General Fund covers the main functions of County Government. Nearly every Elected Official or Department Heads' budget is included in this fund and nearly all major expenses, salaries and benefits are paid from it. A breakdown of the revenue for the General Fund can be found in the Fiscal Year Budget summary.",1,34,Aid to Dependent Children,Aid to Dependent Children,Miscellaneous,,This line item covered the expenses previously held on the County regarding dependent children.,County Board Office,0,0,1000,1000,1000,1000,1000,1000,955,100,100,100,100,0,0,0,0,0,0,4731,0,0,0,0,0,0,0,0,0,0,482209,0,0,0,0,0,0,0,0,0,0,0,0,0,0,0,0,0,0,0,4731,0,0,0,0,0,0,0,0,0,0,411322
General Fund,"The County's General Fund covers the main functions of County Government. Nearly every Elected Official or Department Heads' budget is included in this fund and nearly all major expenses, salaries and benefits are paid from it. A breakdown of the revenue for the General Fund can be found in the Fiscal Year Budget summary.",1,35,Development,Development,Capital Outlay,,"In accordance with 55 ILCS 5/6-1002.5, the county may not appropriate an amount exceeding 5% of the amount appropriated to the County's General Fund for specific capital improvements. The amount appropriated in this fiscal year would primarily relate to renovations to the County Courthouse. Expenses resulting from the North Stair project will be partially reimbursed to the General Fund by the Illinois Landmarks grant and a new project to be expended from this fund contingent upon receiving revenues from coal royalties.",County Board Office,0,0,0,0,0,0,0,0,0,0,0,0,0,0,0,0,0,83998,288592,389000,235400,59856,380000,0,0,0,0,0,0,0,0,0,0,0,0,0,0,0,0,0,0,0,0,0,0,0,0,0,57038,100844,218775,220544,31102,43424,0,0,0,0,0,0,0,0
General Fund,"The County's General Fund covers the main functions of County Government. Nearly every Elected Official or Department Heads' budget is included in this fund and nearly all major expenses, salaries and benefits are paid from it. A breakdown of the revenue for the General Fund can be found in the Fiscal Year Budget summary.",2,35,Development,Development,Miscellaneous-County & Community Development,,"In accordance with 55 ILCS 5/6-1002.5, the county may not appropriate an amount exceeding 5% of the amount appropriated to the County's General Fund for specific capital improvements. The amount appropriated in this fiscal year would primarily relate to renovations to the County Courthouse. Expenses resulting from the North Stair project will be partially reimbursed to the General Fund by the Illinois Landmarks grant and a new project to be expended from this fund contingent upon receiving revenues from coal royalties.",County Board Office,0,0,0,0,0,0,0,0,0,0,0,0,0,0,0,0,0,0,0,0,1500,8500,4000,4000,4000,3950,4000,4000,4000,4000,0,0,0,0,0,0,0,0,0,0,0,0,0,0,0,0,0,0,0,0,0,0,0,0,0,3950,2650,0,0,25,0,0
General Fund,"The County's General Fund covers the main functions of County Government. Nearly every Elected Official or Department Heads' budget is included in this fund and nearly all major expenses, salaries and benefits are paid from it. A breakdown of the revenue for the General Fund can be found in the Fiscal Year Budget summary.",1,36,Soil Conservation,Soil Conservation,County Grant,,This line item covered the yearly contribution to the County Soil and Water Conservation District to help their efforts.,County Board Office,5000,5000,5000,5000,5000,5000,5000,5000,0,0,0,0,0,0,0,0,0,0,0,0,0,0,0,0,0,0,0,0,0,0,0,5000,5000,5000,0,10000,0,0,0,0,0,0,0,0,0,0,0,0,0,0,0,0,0,0,0,0,0,0,0,0,0,0
General Fund,"The County's General Fund covers the main functions of County Government. Nearly every Elected Official or Department Heads' budget is included in this fund and nearly all major expenses, salaries and benefits are paid from it. A breakdown of the revenue for the General Fund can be found in the Fiscal Year Budget summary.",1,37,West Central Regional Planning Commission,West Central Regional Planning Commission,Yearly Dues,,"The West Central Regional Planning Commission Annual Dues were paid for from this line item. Beginning in 2009, these dues were paid out of the County Adminstration line item.",County Board Office,19100,9600,9600,12000,12000,15000,18000,18000,10000,10000,10000,9536,9536,0,0,0,0,0,0,0,0,0,0,0,0,0,0,0,0,0,0,21367,11871,11666,2370,19072,0,19072,9536,9536,9536,9536,0,9536,0,0,0,0,0,0,0,0,0,0,0,0,0,0,0,0,0,0
General Fund,"The County's General Fund covers the main functions of County Government. Nearly every Elected Official or Department Heads' budget is included in this fund and nearly all major expenses, salaries and benefits are paid from it. A breakdown of the revenue for the General Fund can be found in the Fiscal Year Budget summary.",1,38,Development Commission,Development Commission,Salaries & Benefits,,This line item paid for the County's Economic Development Coordinator and efforts. That position was abolished in 2009 when the County entered into the Macoupin Economic Development Partnership (MEDP).,County Board Office,0,0,0,0,0,23500,24700,25660,26740,27940,27945,29628,29950,31139,0,0,0,0,0,0,0,0,0,0,0,0,0,0,0,0,0,0,0,0,0,0,21540,24700,25660,26740,26776,27940,29628,29941,31139,0,0,0,0,0,0,0,0,0,0,0,0,0,0,0,0,0
General Fund,"The County's General Fund covers the main functions of County Government. Nearly every Elected Official or Department Heads' budget is included in this fund and nearly all major expenses, salaries and benefits are paid from it. A breakdown of the revenue for the General Fund can be found in the Fiscal Year Budget summary.",1,38,Development Commission,Development Commission,Office Supplies,,This line item paid for the County's Economic Development Coordinator and efforts. That position was abolished in 2009 when the County entered into the Macoupin Economic Development Partnership (MEDP).,County Board Office,0,0,0,0,0,2000,1500,1502,2000,1900,1900,650,592,1000,0,0,0,0,0,0,0,0,0,0,0,0,0,0,0,0,0,0,0,0,0,0,657,1022,1502,1003,907,313,599,592,690,0,0,0,0,0,0,0,0,0,0,0,0,0,0,0,0,0
General Fund,"The County's General Fund covers the main functions of County Government. Nearly every Elected Official or Department Heads' budget is included in this fund and nearly all major expenses, salaries and benefits are paid from it. A breakdown of the revenue for the General Fund can be found in the Fiscal Year Budget summary.",1,38,Development Commission,Development Commission,Postage,,This line item paid for the County's Economic Development Coordinator and efforts. That position was abolished in 2009 when the County entered into the Macoupin Economic Development Partnership (MEDP).,County Board Office,0,0,0,0,0,2500,1500,1500,1360,1460,1460,500,500,500,0,0,0,0,0,0,0,0,0,0,0,0,0,0,0,0,0,0,0,0,0,0,504,905,342,1146,187,52,166,175,138,0,0,0,0,0,0,0,0,0,0,0,0,0,0,0,0,0
General Fund,"The County's General Fund covers the main functions of County Government. Nearly every Elected Official or Department Heads' budget is included in this fund and nearly all major expenses, salaries and benefits are paid from it. A breakdown of the revenue for the General Fund can be found in the Fiscal Year Budget summary.",1,38,Development Commission,Development Commission,Travel,,This line item paid for the County's Economic Development Coordinator and efforts. That position was abolished in 2009 when the County entered into the Macoupin Economic Development Partnership (MEDP).,County Board Office,0,0,0,0,0,3000,5000,5000,3041,3958,3759,5000,1896,1705,0,0,0,0,0,0,0,0,0,0,0,0,0,0,0,0,0,0,0,0,0,0,2638,3340,3985,2876,2981,2351,2931,1397,1680,0,0,0,0,0,0,0,0,0,0,0,0,0,0,0,0,0
General Fund,"The County's General Fund covers the main functions of County Government. Nearly every Elected Official or Department Heads' budget is included in this fund and nearly all major expenses, salaries and benefits are paid from it. A breakdown of the revenue for the General Fund can be found in the Fiscal Year Budget summary.",1,38,Development Commission,Development Commission,Printing,,This line item paid for the County's Economic Development Coordinator and efforts. That position was abolished in 2009 when the County entered into the Macoupin Economic Development Partnership (MEDP).,County Board Office,0,0,0,0,0,2500,1500,1500,734,1400,1400,2309,599,0,0,0,0,0,0,0,0,0,0,0,0,0,0,0,0,0,0,0,0,0,0,0,291,928,1094,659,772,27,1375,452,0,0,0,0,0,0,0,0,0,0,0,0,0,0,0,0,0,0
General Fund,"The County's General Fund covers the main functions of County Government. Nearly every Elected Official or Department Heads' budget is included in this fund and nearly all major expenses, salaries and benefits are paid from it. A breakdown of the revenue for the General Fund can be found in the Fiscal Year Budget summary.",1,38,Development Commission,Development Commission,Telephone,,This line item paid for the County's Economic Development Coordinator and efforts. That position was abolished in 2009 when the County entered into the Macoupin Economic Development Partnership (MEDP).,County Board Office,0,0,0,0,0,3000,2750,2750,1650,2500,2500,2500,2220,1902,0,0,0,0,0,0,0,0,0,0,0,0,0,0,0,0,0,0,0,0,0,0,1141,808,966,1572,1585,1545,1579,1255,1371,0,0,0,0,0,0,0,0,0,0,0,0,0,0,0,0,0
General Fund,"The County's General Fund covers the main functions of County Government. Nearly every Elected Official or Department Heads' budget is included in this fund and nearly all major expenses, salaries and benefits are paid from it. A breakdown of the revenue for the General Fund can be found in the Fiscal Year Budget summary.",1,38,Development Commission,Development Commission,Office Rent,,This line item paid for the County's Economic Development Coordinator and efforts. That position was abolished in 2009 when the County entered into the Macoupin Economic Development Partnership (MEDP).,County Board Office,0,0,0,0,0,1800,2400,2400,0,0,0,0,0,0,0,0,0,0,0,0,0,0,0,0,0,0,0,0,0,0,0,0,0,0,0,0,1800,2400,1400,0,0,0,0,0,0,0,0,0,0,0,0,0,0,0,0,0,0,0,0,0,0,0
General Fund,"The County's General Fund covers the main functions of County Government. Nearly every Elected Official or Department Heads' budget is included in this fund and nearly all major expenses, salaries and benefits are paid from it. A breakdown of the revenue for the General Fund can be found in the Fiscal Year Budget summary.",1,38,Development Commission,Development Commission,Website Hosting/Maintenance,,This line item paid for the County's Economic Development Coordinator and efforts. That position was abolished in 2009 when the County entered into the Macoupin Economic Development Partnership (MEDP).,County Board Office,0,0,0,0,0,0,0,1500,959,1042,1000,1250,1592,1489,0,0,0,0,0,0,0,0,0,0,0,0,0,0,0,0,0,0,0,0,0,0,0,959,1099,959,1042,959,959,1592,1489,0,0,0,0,0,0,0,0,0,0,0,0,0,0,0,0,0
General Fund,"The County's General Fund covers the main functions of County Government. Nearly every Elected Official or Department Heads' budget is included in this fund and nearly all major expenses, salaries and benefits are paid from it. A breakdown of the revenue for the General Fund can be found in the Fiscal Year Budget summary.",1,38,Development Commission,Development Commission,Miscellaneous,,This line item paid for the County's Economic Development Coordinator and efforts. That position was abolished in 2009 when the County entered into the Macoupin Economic Development Partnership (MEDP).,County Board Office,0,0,0,0,0,15054,4600,0,0,0,0,0,5901,3810,0,0,0,0,0,0,0,0,0,0,0,0,0,0,0,0,4000,0,0,0,0,0,6130,265,0,0,0,0,0,4120,3810,0,0,0,0,0,0,0,0,0,0,0,0,0,0,0,0,2739
General Fund,"The County's General Fund covers the main functions of County Government. Nearly every Elected Official or Department Heads' budget is included in this fund and nearly all major expenses, salaries and benefits are paid from it. A breakdown of the revenue for the General Fund can be found in the Fiscal Year Budget summary.",1,38,Development Commission,Development Commission,Grant Administration,,This line item paid for the County's Economic Development Coordinator and efforts. That position was abolished in 2009 when the County entered into the Macoupin Economic Development Partnership (MEDP).,County Board Office,0,0,0,0,0,0,0,21098,10500,12650,2390,8164,4750,8095,0,0,0,0,0,0,0,0,0,0,0,0,0,0,0,0,0,0,0,0,0,0,0,0,20180,11292,12079,2391,5667,3359,7309,0,0,0,0,0,0,0,0,0,0,0,0,0,0,0,0,0
General Fund,"The County's General Fund covers the main functions of County Government. Nearly every Elected Official or Department Heads' budget is included in this fund and nearly all major expenses, salaries and benefits are paid from it. A breakdown of the revenue for the General Fund can be found in the Fiscal Year Budget summary.",1,38,Development Commission,Development Commission,Conferences/Training,,This line item paid for the County's Economic Development Coordinator and efforts. That position was abolished in 2009 when the County entered into the Macoupin Economic Development Partnership (MEDP).,County Board Office,0,0,0,0,0,0,0,2000,1166,2000,2000,2000,2000,2300,0,0,0,0,0,0,0,0,0,0,0,0,0,0,0,0,0,0,0,0,0,0,0,1562,1150,1166,1260,1361,1323,1799,1648,0,0,0,0,0,0,0,0,0,0,0,0,0,0,0,0,0
General Fund,"The County's General Fund covers the main functions of County Government. Nearly every Elected Official or Department Heads' budget is included in this fund and nearly all major expenses, salaries and benefits are paid from it. A breakdown of the revenue for the General Fund can be found in the Fiscal Year Budget summary.",1,38,Development Commission,Development Commission,IDNR Com Planning,,This line item paid for the County's Economic Development Coordinator and efforts. That position was abolished in 2009 when the County entered into the Macoupin Economic Development Partnership (MEDP).,County Board Office,0,0,0,0,0,0,0,0,1500,16980,0,0,0,0,0,0,0,0,0,0,0,0,0,0,0,0,0,0,0,0,0,0,0,0,0,0,0,0,0,1500,16980,0,0,0,0,0,0,0,0,0,0,0,0,0,0,0,0,0,0,0,0,0
General Fund,"The County's General Fund covers the main functions of County Government. Nearly every Elected Official or Department Heads' budget is included in this fund and nearly all major expenses, salaries and benefits are paid from it. A breakdown of the revenue for the General Fund can be found in the Fiscal Year Budget summary.",1,38,Development Commission,Development Commission,County Grant,,This line item paid for the County's Economic Development Coordinator and efforts. That position was abolished in 2009 when the County entered into the Macoupin Economic Development Partnership (MEDP).,County Board Office,7500,7000,7000,7000,25000,0,0,0,0,0,0,0,0,0,0,0,0,0,0,0,0,0,0,0,0,0,0,0,0,0,0,7500,7000,7000,7000,0,0,0,0,0,0,0,0,0,0,0,0,0,0,0,0,0,0,0,0,0,0,0,0,0,0,0
General Fund,"The County's General Fund covers the main functions of County Government. Nearly every Elected Official or Department Heads' budget is included in this fund and nearly all major expenses, salaries and benefits are paid from it. A breakdown of the revenue for the General Fund can be found in the Fiscal Year Budget summary.",1,38,Development Commission,Development Commission,Equipment,,This line item paid for the County's Economic Development Coordinator and efforts. That position was abolished in 2009 when the County entered into the Macoupin Economic Development Partnership (MEDP).,County Board Office,0,0,0,0,0,5000,3750,3750,960,0,0,0,0,0,0,0,0,0,0,0,0,0,0,0,0,0,0,0,0,0,0,0,0,0,0,0,2787,380,691,0,0,0,0,0,0,0,0,0,0,0,0,0,0,0,0,0,0,0,0,0,0,0
General Fund,"The County's General Fund covers the main functions of County Government. Nearly every Elected Official or Department Heads' budget is included in this fund and nearly all major expenses, salaries and benefits are paid from it. A breakdown of the revenue for the General Fund can be found in the Fiscal Year Budget summary.",1,39,Superintendent of Education,Superintendent of Education,Salaries & Benefits,http://www.roe40.com/,"The line item, under control of the Regional Superintendent of Schools, helps to fund expenses of the ROE #40 office in conjunction with three other counties in the region. The annual appropriated amount is based upon a formula that includes the county's EAV.",Superintendent of Education,47042,48842,51240,54598,59407,61413,66104,67830,65041,67592,67645,63342,67245,64815,78910,74965,73465,74965,68744,70048,71000,63998,64000,64000,69999,69124,69999,89357,76016,78421,78421,45408,48300,52218,54762,59407,61413,65845,65496,65041,67592,67646,63142,67226,64815,78910,74965,73465,74965,68744,70047,52588,63998,64000,64000,69124,51876,69698,89357,75131,78421,78421
General Fund,"The County's General Fund covers the main functions of County Government. Nearly every Elected Official or Department Heads' budget is included in this fund and nearly all major expenses, salaries and benefits are paid from it. A breakdown of the revenue for the General Fund can be found in the Fiscal Year Budget summary.",1,39,Superintendent of Education,Superintendent of Education,Office Supplies,http://www.roe40.com/,"The line item, under control of the Regional Superintendent of Schools, helps to fund expenses of the ROE #40 office in conjunction with three other counties in the region. The annual appropriated amount is based upon a formula that includes the county's EAV.",Superintendent of Education,3000,3000,3000,1617,1306,0,2800,2800,416,46,0,256,813,110,0,0,0,0,0,0,0,0,0,0,0,0,0,0,0,0,0,2981,2329,2983,1617,880,0,1260,461,415,0,0,256,813,110,0,0,0,0,0,0,0,0,0,0,0,0,0,0,0,0,0
General Fund,"The County's General Fund covers the main functions of County Government. Nearly every Elected Official or Department Heads' budget is included in this fund and nearly all major expenses, salaries and benefits are paid from it. A breakdown of the revenue for the General Fund can be found in the Fiscal Year Budget summary.",1,39,Superintendent of Education,Superintendent of Education,Postage,http://www.roe40.com/,"The line item, under control of the Regional Superintendent of Schools, helps to fund expenses of the ROE #40 office in conjunction with three other counties in the region. The annual appropriated amount is based upon a formula that includes the county's EAV.",Superintendent of Education,4000,4000,4000,2928,4000,3902,4000,2407,3450,700,400,500,0,0,0,0,0,0,0,0,0,0,0,0,0,0,0,0,0,0,0,4000,3926,3776,2928,2002,3900,1718,2293,2000,700,400,300,0,0,0,0,0,0,0,0,0,0,0,0,0,0,0,0,0,0,0
General Fund,"The County's General Fund covers the main functions of County Government. Nearly every Elected Official or Department Heads' budget is included in this fund and nearly all major expenses, salaries and benefits are paid from it. A breakdown of the revenue for the General Fund can be found in the Fiscal Year Budget summary.",1,39,Superintendent of Education,Superintendent of Education,Travel,http://www.roe40.com/,"The line item, under control of the Regional Superintendent of Schools, helps to fund expenses of the ROE #40 office in conjunction with three other counties in the region. The annual appropriated amount is based upon a formula that includes the county's EAV.",Superintendent of Education,3500,3172,2500,2500,3538,3983,4319,5097,6380,2867,3023,1000,705,2119,0,0,0,0,0,0,0,0,0,0,0,0,0,0,0,0,0,3472,3122,2513,2646,3538,3901,4318,5097,6380,2867,3024,947,705,2119,0,0,0,0,0,0,0,0,0,0,0,0,0,0,0,0,0
General Fund,"The County's General Fund covers the main functions of County Government. Nearly every Elected Official or Department Heads' budget is included in this fund and nearly all major expenses, salaries and benefits are paid from it. A breakdown of the revenue for the General Fund can be found in the Fiscal Year Budget summary.",1,39,Superintendent of Education,Superintendent of Education,Printing,http://www.roe40.com/,"The line item, under control of the Regional Superintendent of Schools, helps to fund expenses of the ROE #40 office in conjunction with three other counties in the region. The annual appropriated amount is based upon a formula that includes the county's EAV.",Superintendent of Education,0,0,2000,0,0,0,1795,1795,704,25,0,0,0,0,0,0,0,0,0,0,0,0,0,0,0,0,0,0,0,0,0,0,0,2797,0,0,0,0,1583,704,25,0,0,0,0,0,0,0,0,0,0,0,0,0,0,0,0,0,0,0,0,0
General Fund,"The County's General Fund covers the main functions of County Government. Nearly every Elected Official or Department Heads' budget is included in this fund and nearly all major expenses, salaries and benefits are paid from it. A breakdown of the revenue for the General Fund can be found in the Fiscal Year Budget summary.",1,39,Superintendent of Education,Superintendent of Education,Publishing,http://www.roe40.com/,"The line item, under control of the Regional Superintendent of Schools, helps to fund expenses of the ROE #40 office in conjunction with three other counties in the region. The annual appropriated amount is based upon a formula that includes the county's EAV.",Superintendent of Education,1250,1250,0,1268,2000,0,0,0,0,0,0,0,0,0,0,0,0,0,0,0,0,0,0,0,0,0,0,0,0,0,0,966,1250,0,1268,75,0,0,0,0,0,0,0,0,0,0,0,0,0,0,0,0,0,0,0,0,0,0,0,0,0,0
General Fund,"The County's General Fund covers the main functions of County Government. Nearly every Elected Official or Department Heads' budget is included in this fund and nearly all major expenses, salaries and benefits are paid from it. A breakdown of the revenue for the General Fund can be found in the Fiscal Year Budget summary.",1,39,Superintendent of Education,Superintendent of Education,Telephone,http://www.roe40.com/,"The line item, under control of the Regional Superintendent of Schools, helps to fund expenses of the ROE #40 office in conjunction with three other counties in the region. The annual appropriated amount is based upon a formula that includes the county's EAV.",Superintendent of Education,7780,8102,7000,11279,8798,6533,6681,4942,5171,4465,6785,1163,2556,2278,0,0,0,0,0,0,0,0,0,0,0,0,0,0,0,0,0,6213,8102,8761,11279,8798,6533,4049,4942,5171,4465,3785,1163,2556,2278,0,0,0,0,0,0,0,0,0,0,0,0,0,0,0,0,0
General Fund,"The County's General Fund covers the main functions of County Government. Nearly every Elected Official or Department Heads' budget is included in this fund and nearly all major expenses, salaries and benefits are paid from it. A breakdown of the revenue for the General Fund can be found in the Fiscal Year Budget summary.",1,39,Superintendent of Education,Superintendent of Education,Equipment Repair,http://www.roe40.com/,"The line item, under control of the Regional Superintendent of Schools, helps to fund expenses of the ROE #40 office in conjunction with three other counties in the region. The annual appropriated amount is based upon a formula that includes the county's EAV.",Superintendent of Education,1400,1400,2000,625,3110,10000,1000,3848,1300,132,0,0,0,0,0,0,0,0,0,0,0,0,0,0,0,0,0,0,0,0,0,1399,1400,1916,625,3110,10000,0,3848,837,132,0,0,0,0,0,0,0,0,0,0,0,0,0,0,0,0,0,0,0,0,0
General Fund,"The County's General Fund covers the main functions of County Government. Nearly every Elected Official or Department Heads' budget is included in this fund and nearly all major expenses, salaries and benefits are paid from it. A breakdown of the revenue for the General Fund can be found in the Fiscal Year Budget summary.",1,39,Superintendent of Education,Superintendent of Education,Office Rent,http://www.roe40.com/,"The line item, under control of the Regional Superintendent of Schools, helps to fund expenses of the ROE #40 office in conjunction with three other counties in the region. The annual appropriated amount is based upon a formula that includes the county's EAV.",Superintendent of Education,15250,15250,17690,17690,18300,18402,18910,19012,19622,19520,20130,21960,19031,17283,0,0,0,0,0,0,0,0,0,0,0,0,0,0,0,0,0,15250,15250,17690,17741,18300,18402,18910,19012,19622,19520,20130,20232,19031,17283,0,0,0,0,0,0,0,0,0,0,0,0,0,0,0,0,0
General Fund,"The County's General Fund covers the main functions of County Government. Nearly every Elected Official or Department Heads' budget is included in this fund and nearly all major expenses, salaries and benefits are paid from it. A breakdown of the revenue for the General Fund can be found in the Fiscal Year Budget summary.",1,39,Superintendent of Education,Superintendent of Education,Miscellaneous,http://www.roe40.com/,"The line item, under control of the Regional Superintendent of Schools, helps to fund expenses of the ROE #40 office in conjunction with three other counties in the region. The annual appropriated amount is based upon a formula that includes the county's EAV.",Superintendent of Education,400,407,400,53,400,400,400,400,390,0,0,0,1150,0,0,0,0,0,0,7610,0,0,0,0,0,0,0,0,0,0,0,164,407,400,53,288,0,0,0,0,0,0,0,929,0,0,0,0,0,0,7610,0,0,0,0,0,0,0,0,0,0,0
General Fund,"The County's General Fund covers the main functions of County Government. Nearly every Elected Official or Department Heads' budget is included in this fund and nearly all major expenses, salaries and benefits are paid from it. A breakdown of the revenue for the General Fund can be found in the Fiscal Year Budget summary.",1,39,Superintendent of Education,Superintendent of Education,Office Machine Rent,http://www.roe40.com/,"The line item, under control of the Regional Superintendent of Schools, helps to fund expenses of the ROE #40 office in conjunction with three other counties in the region. The annual appropriated amount is based upon a formula that includes the county's EAV.",Superintendent of Education,4000,4000,3500,3500,4044,3916,4295,3900,4957,5412,5346,1379,0,3065,0,0,0,0,0,0,0,0,0,0,0,0,0,0,0,0,0,2747,3758,3464,3762,4044,3916,3900,3900,4957,5412,5339,1379,0,3065,0,0,0,0,0,0,0,0,0,0,0,0,0,0,0,0,0
General Fund,"The County's General Fund covers the main functions of County Government. Nearly every Elected Official or Department Heads' budget is included in this fund and nearly all major expenses, salaries and benefits are paid from it. A breakdown of the revenue for the General Fund can be found in the Fiscal Year Budget summary.",1,39,Superintendent of Education,Superintendent of Education,Insurance,http://www.roe40.com/,"The line item, under control of the Regional Superintendent of Schools, helps to fund expenses of the ROE #40 office in conjunction with three other counties in the region. The annual appropriated amount is based upon a formula that includes the county's EAV.",Superintendent of Education,800,800,800,800,800,155,800,800,800,266,319,399,0,0,0,0,0,0,0,0,0,2,0,0,0,0,0,0,0,0,0,800,342,800,800,503,155,155,793,590,266,319,110,0,0,0,0,0,0,0,0,0,2,0,0,0,0,0,0,0,0,0
General Fund,"The County's General Fund covers the main functions of County Government. Nearly every Elected Official or Department Heads' budget is included in this fund and nearly all major expenses, salaries and benefits are paid from it. A breakdown of the revenue for the General Fund can be found in the Fiscal Year Budget summary.",1,40,Solid Waste Management,Solid Waste Management,Salaries & Benefits,,Expenses from this line item regard the state's requirement for a solid waste management plan and implementation of it.,County Board Office,1000,1200,1000,1000,1000,1500,1500,1500,0,0,0,0,0,0,0,0,0,0,0,0,0,0,0,0,0,0,0,0,0,0,0,150,1200,0,0,0,0,0,0,0,0,0,0,0,0,0,0,0,0,0,0,0,0,0,0,0,0,0,0,0,0,0
General Fund,"The County's General Fund covers the main functions of County Government. Nearly every Elected Official or Department Heads' budget is included in this fund and nearly all major expenses, salaries and benefits are paid from it. A breakdown of the revenue for the General Fund can be found in the Fiscal Year Budget summary.",1,40,Solid Waste Management,Solid Waste Management,Office Supplies,,Expenses from this line item regard the state's requirement for a solid waste management plan and implementation of it.,County Board Office,1000,830,1000,1000,1000,500,500,500,4775,4775,5000,0,10000,0,0,0,0,0,0,0,0,0,0,0,0,0,0,0,0,0,0,447,830,645,0,0,0,0,0,4775,4775,4775,0,0,0,0,0,0,0,0,0,0,0,0,0,0,0,0,0,0,0,0
General Fund,"The County's General Fund covers the main functions of County Government. Nearly every Elected Official or Department Heads' budget is included in this fund and nearly all major expenses, salaries and benefits are paid from it. A breakdown of the revenue for the General Fund can be found in the Fiscal Year Budget summary.",1,40,Solid Waste Management,Solid Waste Management,Travel,,Expenses from this line item regard the state's requirement for a solid waste management plan and implementation of it.,County Board Office,500,470,500,500,500,500,500,500,0,0,0,0,0,0,0,0,0,0,0,0,0,0,0,0,0,0,0,0,0,0,0,39,253,0,0,0,0,0,0,0,0,0,0,0,0,0,0,0,0,0,0,0,0,0,0,0,0,0,0,0,0,0
General Fund,"The County's General Fund covers the main functions of County Government. Nearly every Elected Official or Department Heads' budget is included in this fund and nearly all major expenses, salaries and benefits are paid from it. A breakdown of the revenue for the General Fund can be found in the Fiscal Year Budget summary.",1,41,Planning Commission,Planning Commission,Miscellaneous,,These expenses regard the agreement entered into by Resolution 1991.57 for help from the Planning Commission regarding a grant appliation for solid waste management.,County Board Office,100,100,100,7550,6190,7240,0,0,0,0,0,0,0,0,0,0,0,0,0,0,0,0,0,0,0,0,0,0,0,0,0,0,0,0,3138,3612,0,0,0,0,0,0,0,0,0,0,0,0,0,0,0,0,0,0,0,0,0,0,0,0,0,0
General Fund,"The County's General Fund covers the main functions of County Government. Nearly every Elected Official or Department Heads' budget is included in this fund and nearly all major expenses, salaries and benefits are paid from it. A breakdown of the revenue for the General Fund can be found in the Fiscal Year Budget summary.",1,42,County Extension Service,County Extension Service,County Match,,This line item spent the funds collected that resulted from the county tax levy to be distributed to the Macoupin County Extension Service annually. These funds and expsense are now handled by the County Extension Service Special Fund.,County Board Office,10000,10000,0,0,0,0,0,0,0,0,0,0,0,0,0,0,0,0,0,0,0,0,0,0,0,0,0,0,0,0,0,10000,10000,0,0,0,0,0,0,0,0,0,0,0,0,0,0,0,0,0,0,0,0,0,0,0,0,0,0,0,0,0
General Fund,"The County's General Fund covers the main functions of County Government. Nearly every Elected Official or Department Heads' budget is included in this fund and nearly all major expenses, salaries and benefits are paid from it. A breakdown of the revenue for the General Fund can be found in the Fiscal Year Budget summary.",1,43,Public Works & Transportation,Public Works & Transportation,County Match to Highways,,These expenses helped cover public works projects that are now paid for by the Highway Department's Special Funds.,County Highway Engineer,0,0,0,0,0,1200,0,0,0,0,0,0,0,0,0,0,0,0,0,0,0,0,0,0,0,0,0,0,0,0,0,0,0,0,0,0,0,0,0,0,0,0,0,0,0,0,0,0,0,0,0,0,0,0,0,0,0,0,0,0,0,0
General Fund,"The County's General Fund covers the main functions of County Government. Nearly every Elected Official or Department Heads' budget is included in this fund and nearly all major expenses, salaries and benefits are paid from it. A breakdown of the revenue for the General Fund can be found in the Fiscal Year Budget summary.",1,44,Highways & Streets,Highways & Streets,County Match to Highways,,These expenses helped cover public works projects that are now paid for by the Highway Department's Special Funds.,County Highway Engineer,1200,1200,0,1200,1200,0,0,0,0,0,0,0,0,0,0,0,0,0,0,0,0,0,0,0,0,0,0,0,0,0,0,0,0,0,0,0,0,0,0,0,0,0,0,0,0,0,0,0,0,0,0,0,0,0,0,0,0,0,0,0,0,0
General Fund,"The County's General Fund covers the main functions of County Government. Nearly every Elected Official or Department Heads' budget is included in this fund and nearly all major expenses, salaries and benefits are paid from it. A breakdown of the revenue for the General Fund can be found in the Fiscal Year Budget summary.",1,142,Sheriff New Vehicle Fleet,Sheriff New Vehicle Fleet,Purchase of New Vehicles,,"The line item, under the control of the Sheriff, allows for the expense to purchase or lease new patrol vehicles. Expenditures from this fund shall require approval by the County Board and are contingent on realizing revenues from Federal Prisoners.",Sheriff,0,0,0,0,0,0,0,0,0,0,0,0,0,0,0,0,0,0,0,70000,0,10200,66738,71080,0,0,0,0,0,52000,0,0,0,0,0,0,0,0,0,0,0,0,0,0,0,0,0,0,0,22853,0,0,10200,66738,71080,0,0,0,0,0,51931,0
General Fund,"The County's General Fund covers the main functions of County Government. Nearly every Elected Official or Department Heads' budget is included in this fund and nearly all major expenses, salaries and benefits are paid from it. A breakdown of the revenue for the General Fund can be found in the Fiscal Year Budget summary.",1,143,Court Security,Court Security,Salaries and Benefits,,The line item funds expenses associated with Court Security employees at the County Courthouse. These funds allocated in the General Fund are partially reimbursed by a transfer from the Court Security special fund.,Sheriff,0,0,0,0,0,0,0,0,0,0,0,0,0,0,0,0,0,0,0,95982,100000,100000,102612,104553,109059,111315,122666,116488,117375,173968,197100,0,0,0,0,0,0,0,0,0,0,0,0,0,0,0,0,0,0,0,95982,100000,100000,102558,104553,111315,111315,112040,116488,117375,173687,19700
General Fund,"The County's General Fund covers the main functions of County Government. Nearly every Elected Official or Department Heads' budget is included in this fund and nearly all major expenses, salaries and benefits are paid from it. A breakdown of the revenue for the General Fund can be found in the Fiscal Year Budget summary.",1,144,Jail Medical,Jail Medical,Medical Expenses of Inmates,,"The line item, under the control of the Sheriff, allows for expenses to be made to pay for the jail medical contract. A portion of this cost to the General Fund is to reimbursed or offset through a transfer from the Arrestee's Medical Cost Fund.",Sheriff,0,0,0,0,0,0,0,0,0,0,0,0,0,0,0,0,0,0,0,77436,86000,84000,85818,66519,78057,102780,124789,129471,135000,176000,200500,0,0,0,0,0,0,0,0,0,0,0,0,0,0,0,0,0,0,0,77436,86000,74717,85818,66519,102780,102780,124789,129471,135000,169735,200322
General Fund,"The County's General Fund covers the main functions of County Government. Nearly every Elected Official or Department Heads' budget is included in this fund and nearly all major expenses, salaries and benefits are paid from it. A breakdown of the revenue for the General Fund can be found in the Fiscal Year Budget summary.",1,145,Macoupin Economic Development Partnership,Macoupin Economic Development Partnership,Reimbursable Salaries,http://www.macoupinpartners.com/,Salaries for two employees of MEDP are paid through this line and reimbursed to the county at 100% quarterly.,Macoupin Economic Development,0,0,0,0,0,0,0,0,0,0,0,0,0,0,0,0,0,0,0,92000,15400,0,0,0,0,0,0,0,0,0,0,0,0,0,0,0,0,0,0,0,0,0,0,0,0,0,0,0,0,0,167495,7970,0,0,0,0,0,0,0,0,0,0
General Fund,"The County's General Fund covers the main functions of County Government. Nearly every Elected Official or Department Heads' budget is included in this fund and nearly all major expenses, salaries and benefits are paid from it. A breakdown of the revenue for the General Fund can be found in the Fiscal Year Budget summary.",1,146,MEDP Contribution,MEDP Contribution,County Contribution to Macoupin Economic Development Partnership,,This line item pays the county's contribution toward membership in MEDP. Payments are remitted to MEDP by the county on a quarterly basis.,Macoupin Economic Development,0,0,0,0,0,0,0,0,0,0,0,0,0,0,0,0,0,0,0,82000,0,0,0,0,0,0,0,0,0,0,0,0,0,0,0,0,0,0,0,0,0,0,0,0,0,0,0,0,0,0,0,0,0,0,0,0,0,0,0,0,0,0
General Fund,"The County's General Fund covers the main functions of County Government. Nearly every Elected Official or Department Heads' budget is included in this fund and nearly all major expenses, salaries and benefits are paid from it. A breakdown of the revenue for the General Fund can be found in the Fiscal Year Budget summary.",1,147,Contractual Services,Contractual Services,Capital Outlay,,This line item would allow for expenses to be made for contractual services to provide infrastructural or renovation upgrades of county-owned facilities. Approval of spending from this line item is with the County Board.,County Board Office,0,0,0,0,0,0,0,0,0,0,0,0,0,0,0,0,0,0,0,30000,30000,27000,40000,20000,20000,19750,29653,69750,69750,50750,16741,0,0,0,0,0,0,0,0,0,0,0,0,0,0,0,0,0,0,0,12960,30000,3692,40000,16529,19750,6751,20600,9134,13358,43249,2625
General Fund,"The County's General Fund covers the main functions of County Government. Nearly every Elected Official or Department Heads' budget is included in this fund and nearly all major expenses, salaries and benefits are paid from it. A breakdown of the revenue for the General Fund can be found in the Fiscal Year Budget summary.",1,148,Debt Serivice,Debt Service,Principal,,,County Board Office,0,0,0,0,0,0,0,0,0,0,0,0,0,0,0,0,0,0,0,0,0,6218,3513,6687,4050,4252,61413,0,0,0,0,0,0,0,0,0,0,0,0,0,0,0,0,0,0,0,0,0,0,0,0,0,3951,3513,3922,4252,4252,61413,0,0,0,0
General Fund,"The County's General Fund covers the main functions of County Government. Nearly every Elected Official or Department Heads' budget is included in this fund and nearly all major expenses, salaries and benefits are paid from it. A breakdown of the revenue for the General Fund can be found in the Fiscal Year Budget summary.",1,148,Debt Serivice,Debt Service,Interest,,,County Board Office,0,0,0,0,0,0,0,0,0,0,0,0,0,0,0,0,0,0,0,0,0,0,2697,0,2637,2518,1909,0,0,0,0,0,0,0,0,0,0,0,0,0,0,0,0,0,0,0,0,0,0,0,0,0,2267,2697,2765,2518,2518,1909,0,0,0,0
General Fund,"The County's General Fund covers the main functions of County Government. Nearly every Elected Official or Department Heads' budget is included in this fund and nearly all major expenses, salaries and benefits are paid from it. A breakdown of the revenue for the General Fund can be found in the Fiscal Year Budget summary.",1,149,Capital Outlay,Capital Outlay,Public Safety,,,County Board Office,0,0,0,0,0,0,0,0,0,0,0,0,0,0,0,0,0,0,0,0,0,29662,0,0,78305,40232,0,55770,0,0,0,0,0,0,0,0,0,0,0,0,0,0,0,0,0,0,0,0,0,0,0,0,33380,0,0,40232,40232,0,88054,0,0,0
General Fund,"The County's General Fund covers the main functions of County Government. Nearly every Elected Official or Department Heads' budget is included in this fund and nearly all major expenses, salaries and benefits are paid from it. A breakdown of the revenue for the General Fund can be found in the Fiscal Year Budget summary.",1,149,Capital Outlay,Capital Outlay,Judiciary,,,County Board Office,0,0,0,0,0,0,0,0,0,0,0,0,0,0,0,0,0,0,0,0,0,5941,0,0,0,0,0,0,0,0,0,0,0,0,0,0,0,0,0,0,0,0,0,0,0,0,0,0,0,0,0,0,5941,0,0,0,0,0,0,0,0,0
General Fund,"The County's General Fund covers the main functions of County Government. Nearly every Elected Official or Department Heads' budget is included in this fund and nearly all major expenses, salaries and benefits are paid from it. A breakdown of the revenue for the General Fund can be found in the Fiscal Year Budget summary.",1,149,Capital Outlay,Capital Outlay,Development,,,County Board Office,0,0,0,0,0,0,0,0,0,0,0,0,0,0,0,0,0,0,0,0,0,0,380000,252200,250000,572065,1236491,0,350000,0,0,0,0,0,0,0,0,0,0,0,0,0,0,0,0,0,0,0,0,0,0,0,18187,43424,249203,572065,381678,927631,0,344018,0,0
General Fund,"The County's General Fund covers the main functions of County Government. Nearly every Elected Official or Department Heads' budget is included in this fund and nearly all major expenses, salaries and benefits are paid from it. A breakdown of the revenue for the General Fund can be found in the Fiscal Year Budget summary.",1,150,Telephone,Telephone,Telephone,,,County Board Office,0,0,0,0,0,0,0,0,0,0,0,0,0,0,0,0,0,0,0,0,0,0,0,0,0,0,52519,30000,30000,30000,0,0,0,0,0,0,0,0,0,0,0,0,0,0,0,0,0,0,0,0,0,0,0,0,0,34946,0,42853,23277,29950,29941,0
Health Fund,"These special funds are under the control of the Public Health Department Adminstrator whose department's goal is to  to optimize health and promote health equity for all people and communities of Macoupin County through leadership and appropriate collaborations between County, local, state and federal officials, as well as private health promoting institutions, focusing on health promotion and disease prevention, while advocating for the environmental and social conditions necessary to advance physical, mental and social well-being.",4,47,County Health Department WIC Fund,County Health Department WIC Fund,Personal Services,,"This fund contains all revenue and expenses for the Women's, Infant and Children's (WIC) Program of the Public Health Department (100% Federally-funded).",Public Health Adminstrator,0,0,0,0,0,110000,110000,110000,118000,120000,120000,116000,118000,120000,180000,160000,155000,0,0,7894807,0,0,0,0,0,0,0,0,0,9264337,10791345,148309,153899,0,135893,136273,116556,101406,109164,117735,86549,143447,75520,113512,138876,115146,49217,124468,0,0,0,0,0,0,0,0,0,0,0,0,8987317.52,10259140
Health Fund,"These special funds are under the control of the Public Health Department Adminstrator whose department's goal is to  to optimize health and promote health equity for all people and communities of Macoupin County through leadership and appropriate collaborations between County, local, state and federal officials, as well as private health promoting institutions, focusing on health promotion and disease prevention, while advocating for the environmental and social conditions necessary to advance physical, mental and social well-being.",4,47,County Health Department WIC Fund,County Health Department WIC Fund,Contractual,,"This fund contains all revenue and expenses for the Women's, Infant and Children's (WIC) Program of the Public Health Department (100% Federally-funded).",Public Health Adminstrator,0,0,0,0,0,13000,13000,15000,11400,11100,11100,11500,15800,14300,20000,13800,14300,0,0,0,0,0,0,0,0,0,0,0,0,0,9655770,0,0,0,0,20548,16847,18475,14819,14445,16411,15572,21843,16652,16754,13789,14422,13321,0,0,0,0,0,0,0,0,0,0,0,0,0,9392610
Health Fund,"These special funds are under the control of the Public Health Department Adminstrator whose department's goal is to  to optimize health and promote health equity for all people and communities of Macoupin County through leadership and appropriate collaborations between County, local, state and federal officials, as well as private health promoting institutions, focusing on health promotion and disease prevention, while advocating for the environmental and social conditions necessary to advance physical, mental and social well-being.",4,47,County Health Department WIC Fund,County Health Department WIC Fund,Travel,,"This fund contains all revenue and expenses for the Women's, Infant and Children's (WIC) Program of the Public Health Department (100% Federally-funded).",Public Health Adminstrator,0,0,0,500,0,400,400,1000,500,500,500,500,500,500,1000,500,500,0,0,0,0,0,0,0,0,0,0,0,0,0,1135575,1699,816,0,155,222,105,725,899,473,343,250,234,488,196,604,746,482,0,0,0,0,0,0,0,0,0,0,0,0,0,866530
Health Fund,"These special funds are under the control of the Public Health Department Adminstrator whose department's goal is to  to optimize health and promote health equity for all people and communities of Macoupin County through leadership and appropriate collaborations between County, local, state and federal officials, as well as private health promoting institutions, focusing on health promotion and disease prevention, while advocating for the environmental and social conditions necessary to advance physical, mental and social well-being.",4,47,County Health Department WIC Fund,County Health Department WIC Fund,Breastfeeding,,"This fund contains all revenue and expenses for the Women's, Infant and Children's (WIC) Program of the Public Health Department (100% Federally-funded).",Public Health Adminstrator,0,0,0,0,0,0,0,0,0,0,0,0,0,0,0,0,0,0,0,0,0,0,0,0,0,0,0,0,0,0,0,0,0,0,0,0,0,0,0,0,0,0,0,0,0,0,1940,4917,0,0,0,0,0,0,0,0,0,0,0,0,0,0
Health Fund,"These special funds are under the control of the Public Health Department Adminstrator whose department's goal is to  to optimize health and promote health equity for all people and communities of Macoupin County through leadership and appropriate collaborations between County, local, state and federal officials, as well as private health promoting institutions, focusing on health promotion and disease prevention, while advocating for the environmental and social conditions necessary to advance physical, mental and social well-being.",4,47,County Health Department WIC Fund,County Health Department WIC Fund,Commodities,,"This fund contains all revenue and expenses for the Women's, Infant and Children's (WIC) Program of the Public Health Department (100% Federally-funded).",Public Health Adminstrator,0,0,0,0,0,0,0,0,0,0,0,0,0,0,0,0,0,0,0,0,0,0,0,0,0,0,0,0,0,0,0,0,0,0,0,0,0,0,0,0,0,0,0,0,0,0,0,0,0,0,0,0,0,0,0,0,0,0,0,0,0,0
Health Fund,"These special funds are under the control of the Public Health Department Adminstrator whose department's goal is to  to optimize health and promote health equity for all people and communities of Macoupin County through leadership and appropriate collaborations between County, local, state and federal officials, as well as private health promoting institutions, focusing on health promotion and disease prevention, while advocating for the environmental and social conditions necessary to advance physical, mental and social well-being.",4,47,County Health Department WIC Fund,County Health Department WIC Fund,Supplies,,"This fund contains all revenue and expenses for the Women's, Infant and Children's (WIC) Program of the Public Health Department (100% Federally-funded).",Public Health Adminstrator,0,0,0,500,0,5000,5000,5400,5000,7000,7000,5000,7500,5000,17000,7500,12000,0,0,0,0,0,0,0,0,0,0,0,0,0,0,4384,7344,0,8851,4061,0,0,5350,4397,7365,7200,6549,5708,5874,7305,8992,3446,0,0,0,0,0,0,0,0,0,0,0,0,0,0
Health Fund,"These special funds are under the control of the Public Health Department Adminstrator whose department's goal is to  to optimize health and promote health equity for all people and communities of Macoupin County through leadership and appropriate collaborations between County, local, state and federal officials, as well as private health promoting institutions, focusing on health promotion and disease prevention, while advocating for the environmental and social conditions necessary to advance physical, mental and social well-being.",4,47,County Health Department WIC Fund,County Health Department WIC Fund,Miscellaneous,,"This fund contains all revenue and expenses for the Women's, Infant and Children's (WIC) Program of the Public Health Department (100% Federally-funded).",Public Health Adminstrator,0,0,0,0,0,0,0,0,0,0,0,0,0,0,0,0,0,0,0,0,0,0,0,0,0,0,0,0,0,0,0,3534,533,0,459,0,0,0,0,0,0,0,0,0,0,0,0,0,0,0,0,0,0,0,0,0,0,0,0,0,0,0
Health Fund,"These special funds are under the control of the Public Health Department Adminstrator whose department's goal is to  to optimize health and promote health equity for all people and communities of Macoupin County through leadership and appropriate collaborations between County, local, state and federal officials, as well as private health promoting institutions, focusing on health promotion and disease prevention, while advocating for the environmental and social conditions necessary to advance physical, mental and social well-being.",4,47,County Health Department WIC Fund,County Health Department WIC Fund,Equipment,,"This fund contains all revenue and expenses for the Women's, Infant and Children's (WIC) Program of the Public Health Department (100% Federally-funded).",Public Health Adminstrator,0,0,0,0,0,0,0,200,0,0,0,0,0,0,0,0,0,0,0,0,0,0,0,0,0,0,0,0,0,0,0,2643,2660,0,16621,0,7783,11121,125,0,0,0,0,0,0,0,0,0,0,0,0,0,0,0,0,0,0,0,0,0,0,0
Health Fund,"These special funds are under the control of the Public Health Department Adminstrator whose department's goal is to  to optimize health and promote health equity for all people and communities of Macoupin County through leadership and appropriate collaborations between County, local, state and federal officials, as well as private health promoting institutions, focusing on health promotion and disease prevention, while advocating for the environmental and social conditions necessary to advance physical, mental and social well-being.",4,47,County Health Department WIC Fund,County Health Department WIC Fund,All Other Health Related Expenses,,"This fund contains all revenue and expenses for the Women's, Infant and Children's (WIC) Program of the Public Health Department (100% Federally-funded).",Public Health Adminstrator,0,0,0,0,0,0,0,0,0,0,0,0,0,0,0,0,0,0,198000,0,0,0,0,0,0,0,0,0,0,0,0,0,0,0,0,0,0,0,0,0,0,0,0,0,0,0,213,0,0,163447,0,0,0,0,0,0,0,0,0,0,0,0
Health Fund,"These special funds are under the control of the Public Health Department Adminstrator whose department's goal is to  to optimize health and promote health equity for all people and communities of Macoupin County through leadership and appropriate collaborations between County, local, state and federal officials, as well as private health promoting institutions, focusing on health promotion and disease prevention, while advocating for the environmental and social conditions necessary to advance physical, mental and social well-being.",4,48,County Health Department Fund,County Health Department Fund,Salaries & Related Expense,,"This fund is composed of all General Revenue funds received for the Health Department and all expenses paid not specifically tied to the WIC Program, Public Transportation, Federally Qualified Health Center or 501c3 activities of the Public Health Department.",Public Health Adminstrator,651944,661280,661280,712686,617900,825374,1047559,1454192,1488122,1692348,1692348,1581416,1659422,1531693,1364636,1653979,1782267,0,0,0,0,0,0,0,0,0,0,0,0,0,0,498467,523292,0,578999,704707,885768,1089696,1390880,1650351,1621488,1425294,1169541,1249011,1432894,1202860,1507543,1225893,0,0,0,0,0,0,0,0,0,0,0,0,0,0
Health Fund,"These special funds are under the control of the Public Health Department Adminstrator whose department's goal is to  to optimize health and promote health equity for all people and communities of Macoupin County through leadership and appropriate collaborations between County, local, state and federal officials, as well as private health promoting institutions, focusing on health promotion and disease prevention, while advocating for the environmental and social conditions necessary to advance physical, mental and social well-being.",4,48,County Health Department Fund,County Health Department Fund,Tuberculosis Program,,"This fund is composed of all General Revenue funds received for the Health Department and all expenses paid not specifically tied to the WIC Program, Public Transportation, Federally Qualified Health Center or 501c3 activities of the Public Health Department.",Public Health Adminstrator,0,0,0,0,0,0,0,0,0,0,0,0,0,0,0,0,0,0,0,0,0,0,0,0,0,0,0,0,0,0,0,0,0,0,0,0,0,0,0,0,0,0,0,0,0,0,0,0,0,0,0,0,0,0,0,0,0,0,0,0,0,0
Health Fund,"These special funds are under the control of the Public Health Department Adminstrator whose department's goal is to  to optimize health and promote health equity for all people and communities of Macoupin County through leadership and appropriate collaborations between County, local, state and federal officials, as well as private health promoting institutions, focusing on health promotion and disease prevention, while advocating for the environmental and social conditions necessary to advance physical, mental and social well-being.",4,48,County Health Department Fund,County Health Department Fund,Office Expense,,"This fund is composed of all General Revenue funds received for the Health Department and all expenses paid not specifically tied to the WIC Program, Public Transportation, Federally Qualified Health Center or 501c3 activities of the Public Health Department.",Public Health Adminstrator,13000,14000,14000,18000,18000,23000,30000,25000,0,0,0,0,0,0,0,0,0,0,0,0,0,0,0,0,0,0,0,0,0,0,0,26495,35888,0,20447,24480,38121,32280,27757,0,0,0,0,0,0,0,0,0,0,0,0,0,0,0,0,0,0,0,0,0,0,0
Health Fund,"These special funds are under the control of the Public Health Department Adminstrator whose department's goal is to  to optimize health and promote health equity for all people and communities of Macoupin County through leadership and appropriate collaborations between County, local, state and federal officials, as well as private health promoting institutions, focusing on health promotion and disease prevention, while advocating for the environmental and social conditions necessary to advance physical, mental and social well-being.",4,48,County Health Department Fund,County Health Department Fund,Contractual Services,,"This fund is composed of all General Revenue funds received for the Health Department and all expenses paid not specifically tied to the WIC Program, Public Transportation, Federally Qualified Health Center or 501c3 activities of the Public Health Department.",Public Health Adminstrator,17000,34960,34960,24000,25000,63000,65000,94000,0,0,0,0,0,0,0,0,0,0,0,0,0,0,0,0,0,0,0,0,0,0,0,28874,43754,0,38698,45286,102736,84718,154117,0,0,0,0,0,0,0,0,0,0,0,0,0,0,0,0,0,0,0,0,0,0,0
Health Fund,"These special funds are under the control of the Public Health Department Adminstrator whose department's goal is to  to optimize health and promote health equity for all people and communities of Macoupin County through leadership and appropriate collaborations between County, local, state and federal officials, as well as private health promoting institutions, focusing on health promotion and disease prevention, while advocating for the environmental and social conditions necessary to advance physical, mental and social well-being.",4,48,County Health Department Fund,County Health Department Fund,Travel,,"This fund is composed of all General Revenue funds received for the Health Department and all expenses paid not specifically tied to the WIC Program, Public Transportation, Federally Qualified Health Center or 501c3 activities of the Public Health Department.",Public Health Adminstrator,20000,18000,18000,22000,22000,23000,30000,25000,0,0,0,0,0,0,0,0,0,0,0,0,0,0,0,0,0,0,0,0,0,0,0,22661,20614,0,22000,24284,31433,41224,43542,0,0,0,0,0,0,0,0,0,0,0,0,0,0,0,0,0,0,0,0,0,0,0
Health Fund,"These special funds are under the control of the Public Health Department Adminstrator whose department's goal is to  to optimize health and promote health equity for all people and communities of Macoupin County through leadership and appropriate collaborations between County, local, state and federal officials, as well as private health promoting institutions, focusing on health promotion and disease prevention, while advocating for the environmental and social conditions necessary to advance physical, mental and social well-being.",4,48,County Health Department Fund,County Health Department Fund,Education & Training,,"This fund is composed of all General Revenue funds received for the Health Department and all expenses paid not specifically tied to the WIC Program, Public Transportation, Federally Qualified Health Center or 501c3 activities of the Public Health Department.",Public Health Adminstrator,5000,5000,5000,10000,10000,12000,18000,15000,0,0,0,0,0,0,0,0,0,0,0,0,0,0,0,0,0,0,0,0,0,0,0,4438,9688,0,9762,10809,22495,26530,10421,0,0,0,0,0,0,0,0,0,0,0,0,0,0,0,0,0,0,0,0,0,0,0
Health Fund,"These special funds are under the control of the Public Health Department Adminstrator whose department's goal is to  to optimize health and promote health equity for all people and communities of Macoupin County through leadership and appropriate collaborations between County, local, state and federal officials, as well as private health promoting institutions, focusing on health promotion and disease prevention, while advocating for the environmental and social conditions necessary to advance physical, mental and social well-being.",4,48,County Health Department Fund,County Health Department Fund,Equipment Purchase & Maintenance,,"This fund is composed of all General Revenue funds received for the Health Department and all expenses paid not specifically tied to the WIC Program, Public Transportation, Federally Qualified Health Center or 501c3 activities of the Public Health Department.",Public Health Adminstrator,6000,7000,7000,9000,9000,11000,10000,12000,0,0,0,0,0,0,0,0,0,0,0,0,0,0,0,0,0,0,0,0,0,0,0,7648,5985,0,8743,5632,24306,4309,6162,0,0,0,0,0,0,0,0,0,0,0,0,0,0,0,0,0,0,0,0,0,0,0
Health Fund,"These special funds are under the control of the Public Health Department Adminstrator whose department's goal is to  to optimize health and promote health equity for all people and communities of Macoupin County through leadership and appropriate collaborations between County, local, state and federal officials, as well as private health promoting institutions, focusing on health promotion and disease prevention, while advocating for the environmental and social conditions necessary to advance physical, mental and social well-being.",4,48,County Health Department Fund,County Health Department Fund,Occupancy Expense,,"This fund is composed of all General Revenue funds received for the Health Department and all expenses paid not specifically tied to the WIC Program, Public Transportation, Federally Qualified Health Center or 501c3 activities of the Public Health Department.",Public Health Adminstrator,26000,40960,40960,50600,49200,51000,56400,53000,0,0,0,0,0,0,0,0,0,0,0,0,0,0,0,0,0,0,0,0,0,0,0,16459,22648,0,68390,48968,51914,95096,40221,0,0,0,0,0,0,0,0,0,0,0,0,0,0,0,0,0,0,0,0,0,0,0
Health Fund,"These special funds are under the control of the Public Health Department Adminstrator whose department's goal is to  to optimize health and promote health equity for all people and communities of Macoupin County through leadership and appropriate collaborations between County, local, state and federal officials, as well as private health promoting institutions, focusing on health promotion and disease prevention, while advocating for the environmental and social conditions necessary to advance physical, mental and social well-being.",4,48,County Health Department Fund,County Health Department Fund,Building Renovation,,"This fund is composed of all General Revenue funds received for the Health Department and all expenses paid not specifically tied to the WIC Program, Public Transportation, Federally Qualified Health Center or 501c3 activities of the Public Health Department.",Public Health Adminstrator,0,0,0,0,0,0,0,0,0,0,0,0,0,0,0,0,0,0,0,0,0,0,0,0,0,0,0,0,0,0,0,0,0,0,0,0,0,0,0,0,0,0,0,0,0,0,0,0,0,0,0,0,0,0,0,0,0,0,0,0,0,0
Health Fund,"These special funds are under the control of the Public Health Department Adminstrator whose department's goal is to  to optimize health and promote health equity for all people and communities of Macoupin County through leadership and appropriate collaborations between County, local, state and federal officials, as well as private health promoting institutions, focusing on health promotion and disease prevention, while advocating for the environmental and social conditions necessary to advance physical, mental and social well-being.",4,48,County Health Department Fund,County Health Department Fund,Hepatitis Program,,"This fund is composed of all General Revenue funds received for the Health Department and all expenses paid not specifically tied to the WIC Program, Public Transportation, Federally Qualified Health Center or 501c3 activities of the Public Health Department.",Public Health Adminstrator,0,0,0,0,0,0,0,0,0,0,0,0,0,0,0,0,0,0,0,0,0,0,0,0,0,0,0,0,0,0,0,0,0,0,0,0,0,0,0,0,0,0,0,0,0,0,0,0,0,0,0,0,0,0,0,0,0,0,0,0,0,0
Health Fund,"These special funds are under the control of the Public Health Department Adminstrator whose department's goal is to  to optimize health and promote health equity for all people and communities of Macoupin County through leadership and appropriate collaborations between County, local, state and federal officials, as well as private health promoting institutions, focusing on health promotion and disease prevention, while advocating for the environmental and social conditions necessary to advance physical, mental and social well-being.",4,48,County Health Department Fund,County Health Department Fund,Car Seat Program,,"This fund is composed of all General Revenue funds received for the Health Department and all expenses paid not specifically tied to the WIC Program, Public Transportation, Federally Qualified Health Center or 501c3 activities of the Public Health Department.",Public Health Adminstrator,0,0,0,0,0,0,0,0,0,0,0,0,0,0,0,0,0,0,0,0,0,0,0,0,0,0,0,0,0,0,0,0,0,0,0,0,0,0,0,0,0,0,0,0,0,0,0,0,0,0,0,0,0,0,0,0,0,0,0,0,0,0
Health Fund,"These special funds are under the control of the Public Health Department Adminstrator whose department's goal is to  to optimize health and promote health equity for all people and communities of Macoupin County through leadership and appropriate collaborations between County, local, state and federal officials, as well as private health promoting institutions, focusing on health promotion and disease prevention, while advocating for the environmental and social conditions necessary to advance physical, mental and social well-being.",4,48,County Health Department Fund,County Health Department Fund,Prenatal Care Program,,"This fund is composed of all General Revenue funds received for the Health Department and all expenses paid not specifically tied to the WIC Program, Public Transportation, Federally Qualified Health Center or 501c3 activities of the Public Health Department.",Public Health Adminstrator,0,0,0,0,0,0,0,0,0,0,0,0,0,0,0,0,0,0,0,0,0,0,0,0,0,0,0,0,0,0,0,0,0,0,0,0,0,0,0,0,0,0,0,0,0,0,0,0,0,0,0,0,0,0,0,0,0,0,0,0,0,0
Health Fund,"These special funds are under the control of the Public Health Department Adminstrator whose department's goal is to  to optimize health and promote health equity for all people and communities of Macoupin County through leadership and appropriate collaborations between County, local, state and federal officials, as well as private health promoting institutions, focusing on health promotion and disease prevention, while advocating for the environmental and social conditions necessary to advance physical, mental and social well-being.",4,48,County Health Department Fund,County Health Department Fund,WIC Program,,"This fund is composed of all General Revenue funds received for the Health Department and all expenses paid not specifically tied to the WIC Program, Public Transportation, Federally Qualified Health Center or 501c3 activities of the Public Health Department.",Public Health Adminstrator,0,0,0,0,0,0,0,0,0,0,0,0,0,0,0,0,0,0,0,0,0,0,0,0,0,0,0,0,0,0,0,0,0,0,0,0,0,0,0,0,0,0,0,0,0,0,0,0,0,0,0,0,0,0,0,0,0,0,0,0,0,0
Health Fund,"These special funds are under the control of the Public Health Department Adminstrator whose department's goal is to  to optimize health and promote health equity for all people and communities of Macoupin County through leadership and appropriate collaborations between County, local, state and federal officials, as well as private health promoting institutions, focusing on health promotion and disease prevention, while advocating for the environmental and social conditions necessary to advance physical, mental and social well-being.",4,48,County Health Department Fund,County Health Department Fund,Medical Supplies,,"This fund is composed of all General Revenue funds received for the Health Department and all expenses paid not specifically tied to the WIC Program, Public Transportation, Federally Qualified Health Center or 501c3 activities of the Public Health Department.",Public Health Adminstrator,20000,17000,17000,18000,18000,27000,28000,94000,0,0,0,0,0,0,0,0,0,0,0,0,0,0,0,0,0,0,0,0,0,0,0,22715,9045,0,27402,7425,30954,153583,159581,0,0,0,0,0,0,0,0,0,0,0,0,0,0,0,0,0,0,0,0,0,0,0
Health Fund,"These special funds are under the control of the Public Health Department Adminstrator whose department's goal is to  to optimize health and promote health equity for all people and communities of Macoupin County through leadership and appropriate collaborations between County, local, state and federal officials, as well as private health promoting institutions, focusing on health promotion and disease prevention, while advocating for the environmental and social conditions necessary to advance physical, mental and social well-being.",4,48,County Health Department Fund,County Health Department Fund,Dental Sealant Program,,"This fund is composed of all General Revenue funds received for the Health Department and all expenses paid not specifically tied to the WIC Program, Public Transportation, Federally Qualified Health Center or 501c3 activities of the Public Health Department.",Public Health Adminstrator,0,0,0,20000,0,0,0,0,0,0,0,0,0,0,0,0,0,0,0,0,0,0,0,0,0,0,0,0,0,0,0,0,0,0,25524,0,0,0,0,0,0,0,0,0,0,0,0,0,0,0,0,0,0,0,0,0,0,0,0,0,0,0
Health Fund,"These special funds are under the control of the Public Health Department Adminstrator whose department's goal is to  to optimize health and promote health equity for all people and communities of Macoupin County through leadership and appropriate collaborations between County, local, state and federal officials, as well as private health promoting institutions, focusing on health promotion and disease prevention, while advocating for the environmental and social conditions necessary to advance physical, mental and social well-being.",4,48,County Health Department Fund,County Health Department Fund,DUI Task Force Expense,,"This fund is composed of all General Revenue funds received for the Health Department and all expenses paid not specifically tied to the WIC Program, Public Transportation, Federally Qualified Health Center or 501c3 activities of the Public Health Department.",Public Health Adminstrator,0,0,0,0,23000,18000,10000,0,0,0,0,0,0,0,0,0,0,0,0,0,0,0,0,0,0,0,0,0,0,0,0,0,0,0,0,47874,9951,0,0,0,0,0,0,0,0,0,0,0,0,0,0,0,0,0,0,0,0,0,0,0,0,0
Health Fund,"These special funds are under the control of the Public Health Department Adminstrator whose department's goal is to  to optimize health and promote health equity for all people and communities of Macoupin County through leadership and appropriate collaborations between County, local, state and federal officials, as well as private health promoting institutions, focusing on health promotion and disease prevention, while advocating for the environmental and social conditions necessary to advance physical, mental and social well-being.",4,48,County Health Department Fund,County Health Department Fund,Community Access Grant,,"This fund is composed of all General Revenue funds received for the Health Department and all expenses paid not specifically tied to the WIC Program, Public Transportation, Federally Qualified Health Center or 501c3 activities of the Public Health Department.",Public Health Adminstrator,0,0,0,0,0,0,0,0,0,0,0,0,0,0,0,0,0,0,0,0,0,0,0,0,0,0,0,0,0,0,0,0,0,0,0,0,0,0,804402,0,0,0,0,0,0,0,0,0,0,0,0,0,0,0,0,0,0,0,0,0,0,0
Health Fund,"These special funds are under the control of the Public Health Department Adminstrator whose department's goal is to  to optimize health and promote health equity for all people and communities of Macoupin County through leadership and appropriate collaborations between County, local, state and federal officials, as well as private health promoting institutions, focusing on health promotion and disease prevention, while advocating for the environmental and social conditions necessary to advance physical, mental and social well-being.",4,48,County Health Department Fund,County Health Department Fund,Miscellaneous,,"This fund is composed of all General Revenue funds received for the Health Department and all expenses paid not specifically tied to the WIC Program, Public Transportation, Federally Qualified Health Center or 501c3 activities of the Public Health Department.",Public Health Adminstrator,66361,47861,47861,86800,69800,69800,86500,71000,0,0,0,0,0,0,0,0,0,0,0,0,0,0,0,0,0,0,0,0,0,0,0,31503,42562,355000,129838,217537,273130,166331,136200,0,0,0,0,0,0,0,0,0,0,0,0,0,0,0,0,0,0,0,0,0,0,0
Health Fund,"These special funds are under the control of the Public Health Department Adminstrator whose department's goal is to  to optimize health and promote health equity for all people and communities of Macoupin County through leadership and appropriate collaborations between County, local, state and federal officials, as well as private health promoting institutions, focusing on health promotion and disease prevention, while advocating for the environmental and social conditions necessary to advance physical, mental and social well-being.",4,48,County Health Department Fund,County Health Department Fund,All Other Health Related Expenses,,"This fund is composed of all General Revenue funds received for the Health Department and all expenses paid not specifically tied to the WIC Program, Public Transportation, Federally Qualified Health Center or 501c3 activities of the Public Health Department.",Public Health Adminstrator,0,0,0,0,0,0,0,0,795305,338500,338500,593104,631585,700000,1700000,620000,623733,0,3809137,0,0,0,0,0,0,0,0,0,0,0,0,0,0,275000,0,0,0,0,0,867451,632862,525995,647313,671681,616293,1453645,580373,637460,0,2957588,0,0,0,0,0,0,0,0,0,0,0,0
Health Fund,"These special funds are under the control of the Public Health Department Adminstrator whose department's goal is to  to optimize health and promote health equity for all people and communities of Macoupin County through leadership and appropriate collaborations between County, local, state and federal officials, as well as private health promoting institutions, focusing on health promotion and disease prevention, while advocating for the environmental and social conditions necessary to advance physical, mental and social well-being.",4,65,County Health Department M&M Dental Clinic,County Health Department M&M Dental Clinic,Personal Services,,"This fund was combined with Community Care Health Center special fund, combining medical and dental accounts for the Federally Qualified Health Center.",Public Health Adminstrator,0,0,0,0,0,0,0,0,0,0,0,0,0,0,0,0,300000,0,0,0,0,0,0,0,0,0,0,0,0,0,0,0,0,0,0,0,0,0,0,0,0,0,0,0,0,0,0,184282,0,0,0,0,0,0,0,0,0,0,0,0,0,0
Health Fund,"These special funds are under the control of the Public Health Department Adminstrator whose department's goal is to  to optimize health and promote health equity for all people and communities of Macoupin County through leadership and appropriate collaborations between County, local, state and federal officials, as well as private health promoting institutions, focusing on health promotion and disease prevention, while advocating for the environmental and social conditions necessary to advance physical, mental and social well-being.",4,65,County Health Department M&M Dental Clinic,County Health Department M&M Dental Clinic,Medical Supplies,,"This fund was combined with Community Care Health Center special fund, combining medical and dental accounts for the Federally Qualified Health Center.",Public Health Adminstrator,0,0,0,0,0,0,6000,8500,0,0,0,0,0,0,0,0,0,0,0,0,0,0,0,0,0,0,0,0,0,0,0,0,0,0,0,4758,11671,3556,8171,0,0,0,0,0,0,0,0,0,0,0,0,0,0,0,0,0,0,0,0,0,0,0
Health Fund,"These special funds are under the control of the Public Health Department Adminstrator whose department's goal is to  to optimize health and promote health equity for all people and communities of Macoupin County through leadership and appropriate collaborations between County, local, state and federal officials, as well as private health promoting institutions, focusing on health promotion and disease prevention, while advocating for the environmental and social conditions necessary to advance physical, mental and social well-being.",4,65,County Health Department M&M Dental Clinic,County Health Department M&M Dental Clinic,Contractual,,"This fund was combined with Community Care Health Center special fund, combining medical and dental accounts for the Federally Qualified Health Center.",Public Health Adminstrator,0,0,0,0,0,0,7000,5500,0,0,0,0,0,0,0,0,0,0,0,0,0,0,0,0,0,0,0,0,0,0,0,0,0,0,0,0,0,5750,5187,0,0,0,0,0,0,0,0,0,0,0,0,0,0,0,0,0,0,0,0,0,0,0
Health Fund,"These special funds are under the control of the Public Health Department Adminstrator whose department's goal is to  to optimize health and promote health equity for all people and communities of Macoupin County through leadership and appropriate collaborations between County, local, state and federal officials, as well as private health promoting institutions, focusing on health promotion and disease prevention, while advocating for the environmental and social conditions necessary to advance physical, mental and social well-being.",4,65,County Health Department M&M Dental Clinic,County Health Department M&M Dental Clinic,Occupancy Expense,,"This fund was combined with Community Care Health Center special fund, combining medical and dental accounts for the Federally Qualified Health Center.",Public Health Adminstrator,0,0,0,0,0,0,5000,6500,0,0,0,0,0,0,0,0,0,0,0,0,0,0,0,0,0,0,0,0,0,0,0,0,0,0,0,1250,2550,3083,6413,0,0,0,0,0,0,0,0,0,0,0,0,0,0,0,0,0,0,0,0,0,0,0
Health Fund,"These special funds are under the control of the Public Health Department Adminstrator whose department's goal is to  to optimize health and promote health equity for all people and communities of Macoupin County through leadership and appropriate collaborations between County, local, state and federal officials, as well as private health promoting institutions, focusing on health promotion and disease prevention, while advocating for the environmental and social conditions necessary to advance physical, mental and social well-being.",4,65,County Health Department M&M Dental Clinic,County Health Department M&M Dental Clinic,Repairs,,"This fund was combined with Community Care Health Center special fund, combining medical and dental accounts for the Federally Qualified Health Center.",Public Health Adminstrator,0,0,0,0,0,0,2000,0,0,0,0,0,0,0,0,0,0,0,0,0,0,0,0,0,0,0,0,0,0,0,0,0,0,0,0,0,0,1602,0,0,0,0,0,0,0,0,0,0,0,0,0,0,0,0,0,0,0,0,0,0,0,0
Health Fund,"These special funds are under the control of the Public Health Department Adminstrator whose department's goal is to  to optimize health and promote health equity for all people and communities of Macoupin County through leadership and appropriate collaborations between County, local, state and federal officials, as well as private health promoting institutions, focusing on health promotion and disease prevention, while advocating for the environmental and social conditions necessary to advance physical, mental and social well-being.",4,65,County Health Department M&M Dental Clinic,County Health Department M&M Dental Clinic,Office Expense,,"This fund was combined with Community Care Health Center special fund, combining medical and dental accounts for the Federally Qualified Health Center.",Public Health Adminstrator,0,0,0,0,0,0,2000,500,0,0,0,0,0,0,0,0,0,0,0,0,0,0,0,0,0,0,0,0,0,0,0,0,0,0,0,451,1404,1341,401,0,0,0,0,0,0,0,0,0,0,0,0,0,0,0,0,0,0,0,0,0,0,0
Health Fund,"These special funds are under the control of the Public Health Department Adminstrator whose department's goal is to  to optimize health and promote health equity for all people and communities of Macoupin County through leadership and appropriate collaborations between County, local, state and federal officials, as well as private health promoting institutions, focusing on health promotion and disease prevention, while advocating for the environmental and social conditions necessary to advance physical, mental and social well-being.",4,65,County Health Department M&M Dental Clinic,County Health Department M&M Dental Clinic,Equipment,,"This fund was combined with Community Care Health Center special fund, combining medical and dental accounts for the Federally Qualified Health Center.",Public Health Adminstrator,0,0,0,0,0,0,2000,0,0,0,0,0,0,0,0,0,0,0,0,0,0,0,0,0,0,0,0,0,0,0,0,0,0,0,0,0,0,1398,0,0,0,0,0,0,0,0,0,0,0,0,0,0,0,0,0,0,0,0,0,0,0,0
Health Fund,"These special funds are under the control of the Public Health Department Adminstrator whose department's goal is to  to optimize health and promote health equity for all people and communities of Macoupin County through leadership and appropriate collaborations between County, local, state and federal officials, as well as private health promoting institutions, focusing on health promotion and disease prevention, while advocating for the environmental and social conditions necessary to advance physical, mental and social well-being.",4,65,County Health Department M&M Dental Clinic,County Health Department M&M Dental Clinic,Miscellaneous,,"This fund was combined with Community Care Health Center special fund, combining medical and dental accounts for the Federally Qualified Health Center.",Public Health Adminstrator,0,0,0,0,0,0,1000,0,0,0,0,0,0,0,0,0,0,0,138167,0,0,0,0,0,0,0,0,0,0,0,0,0,0,0,0,22,494,195,0,0,0,0,0,0,0,0,0,0,0,627850,0,0,0,0,0,0,0,0,0,0,0,0
Health Fund,"These special funds are under the control of the Public Health Department Adminstrator whose department's goal is to  to optimize health and promote health equity for all people and communities of Macoupin County through leadership and appropriate collaborations between County, local, state and federal officials, as well as private health promoting institutions, focusing on health promotion and disease prevention, while advocating for the environmental and social conditions necessary to advance physical, mental and social well-being.",4,65,County Health Department M&M Dental Clinic,County Health Department M&M Dental Clinic,Health & Welfare,,"This fund was combined with Community Care Health Center special fund, combining medical and dental accounts for the Federally Qualified Health Center.",Public Health Adminstrator,0,0,0,0,0,0,0,0,0,0,0,444682,560000,560300,385000,492000,142000,0,0,0,0,0,0,0,0,0,0,0,0,0,0,0,0,0,0,0,0,0,0,63271,165356,252183,508769,485344,171744,111739,93477,61895,0,0,0,0,0,0,0,0,0,0,0,0,0,0
Health Fund,"These special funds are under the control of the Public Health Department Adminstrator whose department's goal is to  to optimize health and promote health equity for all people and communities of Macoupin County through leadership and appropriate collaborations between County, local, state and federal officials, as well as private health promoting institutions, focusing on health promotion and disease prevention, while advocating for the environmental and social conditions necessary to advance physical, mental and social well-being.",4,68,Mental Health Fund,Mental Health Fund,Macoupin County Mental Health Association,,This special fund budget collects funding resulting from the county tax levy to be distributed to the Locust Street Resource Center on a quarterly basis.,Public Health Adminstrator,160000,160000,160000,175000,175000,175000,176000,178500,195638,180000,180000,180000,182000,180000,180000,254000,180000,218000,180000,180000,180142,280000,240000,240000,240000,240000,240000,240000,240000,240000,250000,127454,190681,174844,174844,210211,176246,141867,139704,177330,215435,144484,179402,181942,179489,174353,254200,180000,217845,180000,180000,180142.00,250002,187385,232126,240000,174330,95003,185599,187368,189372,192109
Health Fund,"These special funds are under the control of the Public Health Department Adminstrator whose department's goal is to  to optimize health and promote health equity for all people and communities of Macoupin County through leadership and appropriate collaborations between County, local, state and federal officials, as well as private health promoting institutions, focusing on health promotion and disease prevention, while advocating for the environmental and social conditions necessary to advance physical, mental and social well-being.",4,71,"Macoupin Community Health Center, Inc.","Macoupin Community Health Center, Inc.",Health & Welfare,,This fund is composed of all revenue and expenses for the Federally Qualified Health Center of the Public Health Department (100% Federally-funded).,Public Health Adminstrator,0,0,0,0,0,0,0,0,0,0,0,0,0,132000,25000,25000,25000,0,262500,0,0,0,0,0,0,0,0,0,0,0,0,0,0,0,0,0,0,0,0,0,0,0,0,33319,13765,21196,23545,5451,0,17656,0,0,0,0,0,0,0,0,0,0,0,0
Health Fund,"These special funds are under the control of the Public Health Department Adminstrator whose department's goal is to  to optimize health and promote health equity for all people and communities of Macoupin County through leadership and appropriate collaborations between County, local, state and federal officials, as well as private health promoting institutions, focusing on health promotion and disease prevention, while advocating for the environmental and social conditions necessary to advance physical, mental and social well-being.",4,88,County Health Department - ILCHS,County Health Department - ILCHS,Health & Welfare,,This fund exists for 501c3 activities of the Public Health Department.,Public Health Adminstrator,0,0,0,0,0,0,0,0,0,0,0,0,0,105000,7500,0,0,0,262500,0,0,0,0,0,0,0,0,0,0,0,0,0,0,0,0,0,0,0,0,0,0,0,0,0,49529,1968,0,0,0,17656,0,0,0,0,0,0,0,0,0,0,0,0
Health Fund,"These special funds are under the control of the Public Health Department Adminstrator whose department's goal is to  to optimize health and promote health equity for all people and communities of Macoupin County through leadership and appropriate collaborations between County, local, state and federal officials, as well as private health promoting institutions, focusing on health promotion and disease prevention, while advocating for the environmental and social conditions necessary to advance physical, mental and social well-being.",4,113,County Health Commcare Fund,County Health Commcare Fund,Health & Welfare,,This fund is composed of all revenue and expenses for the Federally Qualified Health Center of the Public Health Department (100% Federally-funded).,Public Health Adminstrator,0,0,0,0,0,0,0,0,0,0,0,90000,120200,433000,520000,735620,444627,0,2138000,0,0,0,0,0,0,0,0,0,0,0,0,0,0,0,0,0,0,0,0,0,10130,17711,24015,130603,396508,164501,185051,213140,0,1725713,0,0,0,0,0,0,0,0,0,0,0,0
Health Fund,"These special funds are under the control of the Public Health Department Adminstrator whose department's goal is to  to optimize health and promote health equity for all people and communities of Macoupin County through leadership and appropriate collaborations between County, local, state and federal officials, as well as private health promoting institutions, focusing on health promotion and disease prevention, while advocating for the environmental and social conditions necessary to advance physical, mental and social well-being.",4,122,Public Transportation,Public Transportation,Public Transportation,,This fund contains all revenue and expenses for the Macoupin County Public Transportation Program of the Public Health Department. Program funding for this fund is made up of approximately a 50/50 split between federal and state.,Public Health Adminstrator,0,0,0,0,0,0,0,0,0,0,0,0,0,0,0,0,0,0,752377,0,0,0,0,0,0,0,0,0,0,0,0,0,0,0,0,0,0,0,0,0,0,0,0,0,0,0,0,159629,0,192876,0,0,0,0,0,0,0,0,0,0,0,0
Health Fund,"These special funds are under the control of the Public Health Department Adminstrator whose department's goal is to  to optimize health and promote health equity for all people and communities of Macoupin County through leadership and appropriate collaborations between County, local, state and federal officials, as well as private health promoting institutions, focusing on health promotion and disease prevention, while advocating for the environmental and social conditions necessary to advance physical, mental and social well-being.",4,122,Public Transportation,Public Transportation,Health & Welfare,,This fund contains all revenue and expenses for the Macoupin County Public Transportation Program of the Public Health Department. Program funding for this fund is made up of approximately a 50/50 split between federal and state.,Public Health Adminstrator,0,0,0,0,0,0,0,0,0,0,0,0,0,0,0,0,0,0,0,0,0,0,0,0,0,0,0,0,0,0,0,0,0,0,0,0,0,0,0,0,0,0,0,0,0,0,95,0,0,0,0,0,0,0,0,0,0,0,0,0,0,0
Highway Fund,"These special funds are under the control of the County Engineer for the use of the highway department in the planning, design, construction, and maintenance of the 222 miles of county highways and the 41 bridges on the county highway system.",3,46,County Motor Fuel Tax Fund,County Motor Fuel Tax Fund,Salaries,,Motor Fuel Taxes received by the County represent the county's share of the fuel taxes collected by the State of Illinois and are used to support eligible highway maintenance and construction. All expenditures of Motor Fuel Tax monies are subject to the approval of the State. The County Engineer salary is paid at a set rate through this fund.,County Highway Engineer,56500,56500,0,58000,58000,58000,61800,100000,70000,70000,90000,90000,90000,93000,94800,96700,98600,100600,0,0,102000,104532,107000,109000,109691,112225,113525,115330,126955,142371,139500,52723,46750,0,29128,50417,58300,61800,63033,67465,69321,86355,88066,89586,91580,94177,96362,98072,98610,0,0,103423,104532,106653,107540,112225,112225,113525,115330,121763,126667,136100
Highway Fund,"These special funds are under the control of the County Engineer for the use of the highway department in the planning, design, construction, and maintenance of the 222 miles of county highways and the 41 bridges on the county highway system.",3,46,County Motor Fuel Tax Fund,County Motor Fuel Tax Fund,Contractual,,Motor Fuel Taxes received by the County represent the county's share of the fuel taxes collected by the State of Illinois and are used to support eligible highway maintenance and construction. All expenditures of Motor Fuel Tax monies are subject to the approval of the State. The County Engineer salary is paid at a set rate through this fund.,County Highway Engineer,320000,420000,0,400000,400000,420000,520000,1000000,900000,1000000,1000000,1000000,1500000,2007000,1590000,1606300,1606300,1604300,2600000,2502000,1200000,1044332,1200000,800000,383482,182912,950000,1178262,208296,220311,456371,320000,136179,0,419457,420000,450000,590451,572000,0,0,500000,700000,837215,1145247,740862,0,70795,423052,1585752,1376979,0,0,0,0,182912,0,71332,0,0,0,0
Highway Fund,"These special funds are under the control of the County Engineer for the use of the highway department in the planning, design, construction, and maintenance of the 222 miles of county highways and the 41 bridges on the county highway system.",3,46,County Motor Fuel Tax Fund,County Motor Fuel Tax Fund,Commodities,,Motor Fuel Taxes received by the County represent the county's share of the fuel taxes collected by the State of Illinois and are used to support eligible highway maintenance and construction. All expenditures of Motor Fuel Tax monies are subject to the approval of the State. The County Engineer salary is paid at a set rate through this fund.,County Highway Engineer,380000,380000,0,440000,440000,624000,680000,900000,800000,900000,900000,900000,900000,900000,1317000,1317000,900000,900000,0,0,700000,506346,610000,650000,400000,519622,400000,761113,600000,930390,894937,366495,608748,0,359111,457335,499227,788774,199868,590374,848523,502560,566388,501777,394538,698962,573726,775043,665265,0,0,454613,506346,533548,633329,519622,519622,588745,761113,601729,955452,892514
Highway Fund,"These special funds are under the control of the County Engineer for the use of the highway department in the planning, design, construction, and maintenance of the 222 miles of county highways and the 41 bridges on the county highway system.",3,46,County Motor Fuel Tax Fund,County Motor Fuel Tax Fund,Capital Outlay,,Motor Fuel Taxes received by the County represent the county's share of the fuel taxes collected by the State of Illinois and are used to support eligible highway maintenance and construction. All expenditures of Motor Fuel Tax monies are subject to the approval of the State. The County Engineer salary is paid at a set rate through this fund.,County Highway Engineer,50000,50000,0,100000,100000,100000,1000000,465500,200000,200000,200000,410000,410000,0,0,0,0,0,0,0,0,0,0,0,100000,100000,99475,60595,91545,0,618692,0,0,0,0,0,0,0,1193360,0,0,0,0,0,0,0,0,0,0,0,0,0,0,0,0,100000,0,0,449890,0,0,615692
Highway Fund,"These special funds are under the control of the County Engineer for the use of the highway department in the planning, design, construction, and maintenance of the 222 miles of county highways and the 41 bridges on the county highway system.",3,46,County Motor Fuel Tax Fund,County Motor Fuel Tax Fund,Miscellaneous,,Motor Fuel Taxes received by the County represent the county's share of the fuel taxes collected by the State of Illinois and are used to support eligible highway maintenance and construction. All expenditures of Motor Fuel Tax monies are subject to the approval of the State. The County Engineer salary is paid at a set rate through this fund.,County Highway Engineer,0,0,0,0,0,0,0,0,0,0,0,0,0,0,0,0,415100,395100,0,0,200000,450790,150000,100000,0,0,0,0,0,0,0,0,0,0,0,0,0,0,0,0,0,0,0,0,0,0,0,0,0,0,0,0,0,0,0,0,0,0,0,0,0,0
Highway Fund,"These special funds are under the control of the County Engineer for the use of the highway department in the planning, design, construction, and maintenance of the 222 miles of county highways and the 41 bridges on the county highway system.",3,46,County Motor Fuel Tax Fund,County Motor Fuel Tax Fund,Transfer Out,,Motor Fuel Taxes received by the County represent the county's share of the fuel taxes collected by the State of Illinois and are used to support eligible highway maintenance and construction. All expenditures of Motor Fuel Tax monies are subject to the approval of the State. The County Engineer salary is paid at a set rate through this fund.,County Highway Engineer,0,0,0,0,0,0,0,0,0,0,0,0,0,0,0,0,0,0,0,0,0,0,0,0,0,547241,0,0,891704,0,0,0,0,0,0,0,0,0,0,0,0,0,0,0,0,0,0,0,0,0,0,0,1044332,330702,0,547241,664270,0,728372,891704,0,0
Highway Fund,"These special funds are under the control of the County Engineer for the use of the highway department in the planning, design, construction, and maintenance of the 222 miles of county highways and the 41 bridges on the county highway system.",3,60,County Highway Fund,County Highway Fund,Salaries,,"This fund supports the Highway Department as its major operating fund used by the Department to fund personnel and personnel-related costs in addition to ensuring the constructing, maintaining, and repairing of County-owned roads throughout the year. The County Highway Fund is derived from the County Highway tax levy as authorized by State Statute at a maximum rate of .10% of assessed valuation.",County Highway Engineer,455272,481600,481600,536000,536000,570000,587000,660000,660000,665000,675000,660000,680000,710000,682100,721000,746000,785000,1656250,980211,855250,798907,872000,921250,935250,943529,926437,985838,1020126,1044327,1034211,497989,466723,0,492952,538572,530260,561087,607093,546794,645447,582251,627680,643547,668554,640226,673543,726490,690352,1441168,980211,836145.00,808413,849649,899417,943529,920959,992135,1004005,988376,934184,977908
Highway Fund,"These special funds are under the control of the County Engineer for the use of the highway department in the planning, design, construction, and maintenance of the 222 miles of county highways and the 41 bridges on the county highway system.",3,60,County Highway Fund,County Highway Fund,Contractual,,"This fund supports the Highway Department as its major operating fund used by the Department to fund personnel and personnel-related costs in addition to ensuring the constructing, maintaining, and repairing of County-owned roads throughout the year. The County Highway Fund is derived from the County Highway tax levy as authorized by State Statute at a maximum rate of .10% of assessed valuation.",County Highway Engineer,55800,44700,44700,46900,14800,14600,26100,53500,40200,72200,72100,311400,325700,375300,413800,376400,370600,407300,0,13405,432800,478115,480000,455300,444700,444700,447795,412400,399050,423600,444200,38083,52411,0,41287,6529,11529,125366,6860,102187,117000,211965,193848,192583,449902,285879,172643,253510,366545,0,13405,392678.00,457848,394310,404380,444700,368593,365614,300663,221022,297295,299843
Highway Fund,"These special funds are under the control of the County Engineer for the use of the highway department in the planning, design, construction, and maintenance of the 222 miles of county highways and the 41 bridges on the county highway system.",3,60,County Highway Fund,County Highway Fund,Capital Outlay,,"This fund supports the Highway Department as its major operating fund used by the Department to fund personnel and personnel-related costs in addition to ensuring the constructing, maintaining, and repairing of County-owned roads throughout the year. The County Highway Fund is derived from the County Highway tax levy as authorized by State Statute at a maximum rate of .10% of assessed valuation.",County Highway Engineer,52000,61000,61000,59400,71400,121400,171400,180000,258000,235000,235000,178000,218000,218000,231000,223500,226000,224000,0,0,0,10000,28027,203990,99630,151190,173501,127658,212000,180058,160664,26564,43331,0,216055,54536,105073,89609,98631,157832,144572,0,178879,175591,135992,153560,67448,100323,82034,0,0,0,30251,26800,749,151190,0,0,0,0,0,12945
Highway Fund,"These special funds are under the control of the County Engineer for the use of the highway department in the planning, design, construction, and maintenance of the 222 miles of county highways and the 41 bridges on the county highway system.",3,60,County Highway Fund,County Highway Fund,Commodities,,"This fund supports the Highway Department as its major operating fund used by the Department to fund personnel and personnel-related costs in addition to ensuring the constructing, maintaining, and repairing of County-owned roads throughout the year. The County Highway Fund is derived from the County Highway tax levy as authorized by State Statute at a maximum rate of .10% of assessed valuation.",County Highway Engineer,213500,235000,235000,217800,219000,217000,218000,170000,199000,185000,178000,154500,191000,195000,231000,222000,215300,210800,0,0,215500,156181,157000,193500,195370,187000,193917,253754,234723,216551,252824,204495,175843,0,125633,133693,122675,17228,137057,254678,106024,210693,162506,186911,205276,168619,332418,247137,218270,0,0,187032,137042,138076,179468,187000,144579,185026,262344,264220,210544,249449
Highway Fund,"These special funds are under the control of the County Engineer for the use of the highway department in the planning, design, construction, and maintenance of the 222 miles of county highways and the 41 bridges on the county highway system.",3,60,County Highway Fund,County Highway Fund,Miscellaneous,,"This fund supports the Highway Department as its major operating fund used by the Department to fund personnel and personnel-related costs in addition to ensuring the constructing, maintaining, and repairing of County-owned roads throughout the year. The County Highway Fund is derived from the County Highway tax levy as authorized by State Statute at a maximum rate of .10% of assessed valuation.",County Highway Engineer,11000,4000,4000,5000,24000,24000,24000,24000,24000,24000,24000,14000,0,14000,0,15000,0,0,0,1670845,224000,325360,230523,10,0,0,0,0,36,315,150,0,392,0,3701,1084,1499,3148,3630,0,0,0,11323,6940,6521,5492,3922,4329,2193,0,1503098,55421.00,2847,9435,5,0,0,0,0,197,0,150
Highway Fund,"These special funds are under the control of the County Engineer for the use of the highway department in the planning, design, construction, and maintenance of the 222 miles of county highways and the 41 bridges on the county highway system.",3,60,County Highway Fund,County Highway Fund,Transfer Out,,"This fund supports the Highway Department as its major operating fund used by the Department to fund personnel and personnel-related costs in addition to ensuring the constructing, maintaining, and repairing of County-owned roads throughout the year. The County Highway Fund is derived from the County Highway tax levy as authorized by State Statute at a maximum rate of .10% of assessed valuation.",County Highway Engineer,0,0,0,0,0,0,0,0,0,0,0,0,0,0,0,0,0,0,0,0,0,987,0,0,0,0,0,0,0,0,0,0,0,0,0,0,0,0,0,0,0,0,0,0,0,0,0,0,0,0,0,0,25926,27644,0,0,0,0,0,935443,0,0
Highway Fund,"These special funds are under the control of the County Engineer for the use of the highway department in the planning, design, construction, and maintenance of the 222 miles of county highways and the 41 bridges on the county highway system.",3,60,County Highway Fund,County Highway Fund,Purchase of Equipment,,"This fund supports the Highway Department as its major operating fund used by the Department to fund personnel and personnel-related costs in addition to ensuring the constructing, maintaining, and repairing of County-owned roads throughout the year. The County Highway Fund is derived from the County Highway tax levy as authorized by State Statute at a maximum rate of .10% of assessed valuation.",County Highway Engineer,0,0,0,0,0,0,0,0,0,0,0,0,0,0,0,0,0,0,0,0,0,0,0,0,0,0,0,0,0,0,0,0,0,0,0,0,0,0,0,0,0,0,0,0,0,0,0,0,0,0,0,0,0,0,0,0,0,0,0,0,0,0
Highway Fund,"These special funds are under the control of the County Engineer for the use of the highway department in the planning, design, construction, and maintenance of the 222 miles of county highways and the 41 bridges on the county highway system.",3,61,Gravel Road Fund,Gravel Road Fund,Contractual,,The Gravel Road fund was money used to support road projects for certain stretches of road the County was in possession of. The fund has been closed.,County Highway Engineer,3000,3000,3000,3000,0,0,0,0,0,0,0,0,0,0,0,0,0,0,0,0,0,0,0,0,0,0,0,0,0,0,0,0,0,0,3337,0,0,0,0,0,0,0,0,0,0,0,0,0,0,0,0,0,0,0,0,0,0,0,0,0,0,0
Highway Fund,"These special funds are under the control of the County Engineer for the use of the highway department in the planning, design, construction, and maintenance of the 222 miles of county highways and the 41 bridges on the county highway system.",3,62,Federal Aid Matching Fund,Federal Aid Matching Fund,Contractual,,The Matching Tax program provides local property tax revenue to match State/Federal funds to complete eligible highway projects.,County Highway Engineer,80000,50000,70000,70000,70000,90000,100000,700000,200000,200000,200000,200000,300000,240000,550000,450000,450000,500000,600000,750000,750000,134582,168727,702500,550000,450000,593739,650000,296185,388390,900000,109165,72490,0,60605,23120,24110,84868,139917,78441,74196,121192,146636,287160,217216,505473,167283,380119,0,590448,412508,110289.00,130982,46526,137333,450000,10369,110657,0,0,14592,160139
Highway Fund,"These special funds are under the control of the County Engineer for the use of the highway department in the planning, design, construction, and maintenance of the 222 miles of county highways and the 41 bridges on the county highway system.",3,62,Federal Aid Matching Fund,Federal Aid Matching Fund,Capital Outlay,,The Matching Tax program provides local property tax revenue to match State/Federal funds to complete eligible highway projects.,County Highway Engineer,270000,160000,140000,140000,155000,190000,200000,0,500000,500000,400000,65000,65000,75000,0,100000,100000,100000,0,0,100000,296832,477649,147500,100000,300000,156261,100000,503815,611610,100000,225298,8086,0,126984,41987,45611,10521,152558,252279,258531,404966,90570,39367,663,0,144603,75254,373249,0,0,253726,298403,470657,141901,300000,140054,156261,78738,318874,552444,18800
Highway Fund,"These special funds are under the control of the County Engineer for the use of the highway department in the planning, design, construction, and maintenance of the 222 miles of county highways and the 41 bridges on the county highway system.",3,62,Federal Aid Matching Fund,Federal Aid Matching Fund,Commodities,,The Matching Tax program provides local property tax revenue to match State/Federal funds to complete eligible highway projects.,County Highway Engineer,140000,10000,0,0,0,0,0,0,0,0,0,0,0,0,0,0,0,0,0,0,0,200000,200000,0,0,0,0,0,0,0,0,9159,0,0,0,0,0,0,0,0,0,0,0,0,0,0,0,0,0,0,0,0,0,0,0,0,0,0,0,0,0,0
Highway Fund,"These special funds are under the control of the County Engineer for the use of the highway department in the planning, design, construction, and maintenance of the 222 miles of county highways and the 41 bridges on the county highway system.",3,62,Federal Aid Matching Fund,Federal Aid Matching Fund,Miscellaneous,,The Matching Tax program provides local property tax revenue to match State/Federal funds to complete eligible highway projects.,County Highway Engineer,60000,20000,0,0,0,0,0,0,0,0,0,0,0,0,0,0,0,0,0,0,0,218586,0,0,0,0,0,0,0,0,0,0,0,0,0,0,0,0,0,0,0,0,0,0,0,0,0,0,0,0,0,0,0,0,0,0,0,0,80,0,0,0
Highway Fund,"These special funds are under the control of the County Engineer for the use of the highway department in the planning, design, construction, and maintenance of the 222 miles of county highways and the 41 bridges on the county highway system.",3,63,County Township Bridge Bond Fund,County Township Bridge Bond Fund,Contractual,,"State Statute provides for a County Bridge Fund derived from a County Bridge Fund Levy with a maximum rate of .05% of assessed valuation. Monies derived from this levy must be placed in a separate fund. This fund is to be used for meeting one-half the cost of bridge, culvert and drainage structure projects with a road district furnishing the remaining one-half, for other joint bridge projects with any other highway authority through mutual agreements, and for bridges, culverts and drainage structures on County Highways when the above commitments have been fulfilled (605 ILCS 5/5 -602).",County Highway Engineer,90000,90000,90000,50000,50000,83000,60000,605000,60000,60000,48000,350000,450000,450000,769900,450000,450000,450000,600000,900000,400000,50000,370000,400000,400000,400000,142152,500000,500000,500000,600000,4646,168671,0,343252,89048,371385,0,58553,28560,7662,161793,76401,38288,658512,437138,0,0,0,586834,574555,0,0,0,0,400000,0,0,0,0,0,0
Highway Fund,"These special funds are under the control of the County Engineer for the use of the highway department in the planning, design, construction, and maintenance of the 222 miles of county highways and the 41 bridges on the county highway system.",3,63,County Township Bridge Bond Fund,County Township Bridge Bond Fund,Commodities,,"State Statute provides for a County Bridge Fund derived from a County Bridge Fund Levy with a maximum rate of .05% of assessed valuation. Monies derived from this levy must be placed in a separate fund. This fund is to be used for meeting one-half the cost of bridge, culvert and drainage structure projects with a road district furnishing the remaining one-half, for other joint bridge projects with any other highway authority through mutual agreements, and for bridges, culverts and drainage structures on County Highways when the above commitments have been fulfilled (605 ILCS 5/5 -602).",County Highway Engineer,0,0,0,0,0,0,0,0,0,0,0,0,0,0,0,0,0,0,0,0,0,50000,10000,0,0,0,0,0,0,0,0,0,0,0,0,0,0,0,0,0,0,0,0,0,0,0,0,0,0,0,0,0,0,0,0,0,0,0,0,0,0,0
Highway Fund,"These special funds are under the control of the County Engineer for the use of the highway department in the planning, design, construction, and maintenance of the 222 miles of county highways and the 41 bridges on the county highway system.",3,63,County Township Bridge Bond Fund,County Township Bridge Bond Fund,Miscellaneous ,,"State Statute provides for a County Bridge Fund derived from a County Bridge Fund Levy with a maximum rate of .05% of assessed valuation. Monies derived from this levy must be placed in a separate fund. This fund is to be used for meeting one-half the cost of bridge, culvert and drainage structure projects with a road district furnishing the remaining one-half, for other joint bridge projects with any other highway authority through mutual agreements, and for bridges, culverts and drainage structures on County Highways when the above commitments have been fulfilled (605 ILCS 5/5 -602).",County Highway Engineer,0,0,0,0,0,0,0,0,0,0,0,0,0,0,0,0,0,0,0,0,0,110371,10000,0,0,0,0,0,0,0,0,0,0,0,0,0,0,0,0,0,0,0,0,0,0,0,0,0,0,0,0,0,0,0,0,0,0,0,0,0,0,0
Highway Fund,"These special funds are under the control of the County Engineer for the use of the highway department in the planning, design, construction, and maintenance of the 222 miles of county highways and the 41 bridges on the county highway system.",3,63,County Township Bridge Bond Fund,County Township Bridge Bond Fund,Capital Outlay,,"State Statute provides for a County Bridge Fund derived from a County Bridge Fund Levy with a maximum rate of .05% of assessed valuation. Monies derived from this levy must be placed in a separate fund. This fund is to be used for meeting one-half the cost of bridge, culvert and drainage structure projects with a road district furnishing the remaining one-half, for other joint bridge projects with any other highway authority through mutual agreements, and for bridges, culverts and drainage structures on County Highways when the above commitments have been fulfilled (605 ILCS 5/5 -602).",County Highway Engineer,265000,265000,320000,320000,150000,315000,440000,0,550000,550000,390000,269000,269000,269000,0,150000,150000,150000,0,0,100000,289629,110000,100000,70462,100000,0,150000,150000,150000,150000,103313,163449,0,0,0,0,0,0,0,0,89012,197654,206090,4211,0,193829,0,0,0,0,0,12833,0,372505,100000,0,0,0,0,66245,0
Highway Fund,"These special funds are under the control of the County Engineer for the use of the highway department in the planning, design, construction, and maintenance of the 222 miles of county highways and the 41 bridges on the county highway system.",3,63,County Township Bridge Bond Fund,County Township Bridge Bond Fund,Transfer Out,,"State Statute provides for a County Bridge Fund derived from a County Bridge Fund Levy with a maximum rate of .05% of assessed valuation. Monies derived from this levy must be placed in a separate fund. This fund is to be used for meeting one-half the cost of bridge, culvert and drainage structure projects with a road district furnishing the remaining one-half, for other joint bridge projects with any other highway authority through mutual agreements, and for bridges, culverts and drainage structures on County Highways when the above commitments have been fulfilled (605 ILCS 5/5 -602).",County Highway Engineer,0,0,0,0,0,0,0,0,0,0,0,0,0,0,0,0,0,0,0,0,0,0,0,0,0,0,0,0,0,0,0,0,0,0,0,0,0,0,0,0,0,0,0,0,0,0,0,0,0,0,0,0,40145,98650,0,0,0,0,0,649882,0,0
Highway Fund,"These special funds are under the control of the County Engineer for the use of the highway department in the planning, design, construction, and maintenance of the 222 miles of county highways and the 41 bridges on the county highway system.",3,64,County Township Bridge Fund,County Township Bridge Fund,Contractual,,"Annually, the General Assembly appropriates to the Illinois Department of Transportation $15,000,000.00 for apportionment to the counties for use by the Road Districts for construction of bridges 20 feet or more in length. The basis of apportionment to each county is by road district road mileage similar to the distribution of MFT funds. The priority of bridges replaced is determined by the County Engineer. The funds must be appropriated within 24 months or they enter the Illinois Department of Transportation's Lapse Pool Fund (605 ILCS 5/6-901).",County Highway Engineer,50000,50000,50000,20000,20000,40000,40000,60000,180000,140000,100000,60000,65000,200000,0,125000,250000,260000,410000,550000,550000,60000,200000,250000,537000,450000,840436,199921,938110,586085,421923,23124,80053,0,31007,51721,64004,65479,54690,67682,33545,39683,30017,31373,60104,0,34817,374895,15721,401016,455651,6907.00,3244,11581,88014,450000,16740,784926,623522,984088,105569,130818
Highway Fund,"These special funds are under the control of the County Engineer for the use of the highway department in the planning, design, construction, and maintenance of the 222 miles of county highways and the 41 bridges on the county highway system.",3,64,County Township Bridge Fund,County Township Bridge Fund,Commodities,,"Annually, the General Assembly appropriates to the Illinois Department of Transportation $15,000,000.00 for apportionment to the counties for use by the Road Districts for construction of bridges 20 feet or more in length. The basis of apportionment to each county is by road district road mileage similar to the distribution of MFT funds. The priority of bridges replaced is determined by the County Engineer. The funds must be appropriated within 24 months or they enter the Illinois Department of Transportation's Lapse Pool Fund (605 ILCS 5/6-901).",County Highway Engineer,40000,50000,50000,80000,80000,140000,140000,0,180000,140000,100000,0,0,0,0,125000,0,0,0,0,150000,20000,550000,181889,171721,200000,0,200000,0,146767,200000,191,0,0,207,0,0,0,0,0,0,0,0,0,0,0,0,0,0,0,0,554329,0,0,0,200000,0,0,0,0,0,0
Highway Fund,"These special funds are under the control of the County Engineer for the use of the highway department in the planning, design, construction, and maintenance of the 222 miles of county highways and the 41 bridges on the county highway system.",3,64,County Township Bridge Fund,County Township Bridge Fund,Capital Outlay,,"Annually, the General Assembly appropriates to the Illinois Department of Transportation $15,000,000.00 for apportionment to the counties for use by the Road Districts for construction of bridges 20 feet or more in length. The basis of apportionment to each county is by road district road mileage similar to the distribution of MFT funds. The priority of bridges replaced is determined by the County Engineer. The funds must be appropriated within 24 months or they enter the Illinois Department of Transportation's Lapse Pool Fund (605 ILCS 5/6-901).",County Highway Engineer,250000,200000,200000,100000,100000,200000,200000,500000,220000,180000,120000,135000,75000,150000,350000,150000,150000,150000,0,0,200000,497131,150000,468111,0,350000,152,600079,0,267148,378077,154285,118405,0,216465,118403,170612,126540,249753,260851,259932,295293,143141,68378,213485,298893,138636,19850,166590,0,0,0,233211,135769,467548,350000,262502,152,0,0,175444,178939
Highway Fund,"These special funds are under the control of the County Engineer for the use of the highway department in the planning, design, construction, and maintenance of the 222 miles of county highways and the 41 bridges on the county highway system.",3,64,County Township Bridge Fund,County Township Bridge Fund,Miscellaneous,,"Annually, the General Assembly appropriates to the Illinois Department of Transportation $15,000,000.00 for apportionment to the counties for use by the Road Districts for construction of bridges 20 feet or more in length. The basis of apportionment to each county is by road district road mileage similar to the distribution of MFT funds. The priority of bridges replaced is determined by the County Engineer. The funds must be appropriated within 24 months or they enter the Illinois Department of Transportation's Lapse Pool Fund (605 ILCS 5/6-901).",County Highway Engineer,0,0,0,0,0,0,0,0,0,0,0,0,0,0,0,0,0,0,0,0,0,319967,0,0,188947,0,0,0,0,0,0,0,0,0,0,0,0,0,0,0,0,0,0,0,0,0,0,0,0,0,0,0,0,0,0,0,0,0,0,0,0,0
Highway Fund,"These special funds are under the control of the County Engineer for the use of the highway department in the planning, design, construction, and maintenance of the 222 miles of county highways and the 41 bridges on the county highway system.",3,64,County Township Bridge Fund,County Township Bridge Fund,Transfer Out,,"Annually, the General Assembly appropriates to the Illinois Department of Transportation $15,000,000.00 for apportionment to the counties for use by the Road Districts for construction of bridges 20 feet or more in length. The basis of apportionment to each county is by road district road mileage similar to the distribution of MFT funds. The priority of bridges replaced is determined by the County Engineer. The funds must be appropriated within 24 months or they enter the Illinois Department of Transportation's Lapse Pool Fund (605 ILCS 5/6-901).",County Highway Engineer,0,0,0,0,0,0,0,0,0,0,0,0,0,0,0,0,0,0,0,0,0,2902,0,0,0,0,0,0,0,0,0,0,0,0,0,0,0,0,0,0,0,0,0,0,0,0,0,0,0,0,0,0,17339,19524,0,0,0,0,0,7255,0,0
Highway Fund,"These special funds are under the control of the County Engineer for the use of the highway department in the planning, design, construction, and maintenance of the 222 miles of county highways and the 41 bridges on the county highway system.",3,134,Township Motor Fuel Tax Fund,Township Motor Fuel Tax Fund,Commodities,,This special fund represents the County's pass-through medium for Motor Fuel Taxes available to township road districts. Each month the Department of Transportation shall allot to the counties their share of the amount of motor fuel taxes apportioned for the use of the road districts. The county administers the funds and allots to each road district in the proportion that each road districts mileage bears to the total road district mileage in the County.,County Highway Engineer,0,0,0,0,0,0,0,0,0,0,0,0,0,0,0,0,0,0,2250000,0,0,1655237,717000,0,0,0,0,0,0,0,0,1118139,1071690,0,1106023,1148152,1065128,1220057,1523102,0,0,0,0,0,0,0,0,0,0,1640773,0,0,1655237,640201,0,0,0,0,0,0,0,0
Highway Fund,"These special funds are under the control of the County Engineer for the use of the highway department in the planning, design, construction, and maintenance of the 222 miles of county highways and the 41 bridges on the county highway system.",3,134,Township Motor Fuel Tax Fund,Township Motor Fuel Tax Fund,Contractual,,This special fund represents the County's pass-through medium for Motor Fuel Taxes available to township road districts. Each month the Department of Transportation shall allot to the counties their share of the amount of motor fuel taxes apportioned for the use of the road districts. The county administers the funds and allots to each road district in the proportion that each road districts mileage bears to the total road district mileage in the County.,County Highway Engineer,0,0,0,0,0,0,0,0,0,0,0,0,0,0,0,0,0,0,0,2250000,2150000,275535,1200000,0,0,0,0,0,0,2842190,0,187568,180609,0,59221,189932,190378,218069,259695,0,0,0,0,0,0,0,0,0,0,0,1793679,2250000.00,275535,0,0,0,0,0,0,0,0,0
Highway Fund,"These special funds are under the control of the County Engineer for the use of the highway department in the planning, design, construction, and maintenance of the 222 miles of county highways and the 41 bridges on the county highway system.",3,134,Township Motor Fuel Tax Fund,Township Motor Fuel Tax Fund,Capital Outlay,,This special fund represents the County's pass-through medium for Motor Fuel Taxes available to township road districts. Each month the Department of Transportation shall allot to the counties their share of the amount of motor fuel taxes apportioned for the use of the road districts. The county administers the funds and allots to each road district in the proportion that each road districts mileage bears to the total road district mileage in the County.,County Highway Engineer,0,0,0,0,0,0,0,0,0,0,0,0,0,0,0,0,0,0,0,0,0,50000,0,0,0,0,0,0,0,0,0,0,0,0,0,0,0,0,0,0,0,0,0,0,0,0,0,0,0,0,0,0,0,0,0,0,0,0,0,0,0,0
Highway Fund,"These special funds are under the control of the County Engineer for the use of the highway department in the planning, design, construction, and maintenance of the 222 miles of county highways and the 41 bridges on the county highway system.",3,134,Township Motor Fuel Tax Fund,Township Motor Fuel Tax Fund,Miscellaneous,,This special fund represents the County's pass-through medium for Motor Fuel Taxes available to township road districts. Each month the Department of Transportation shall allot to the counties their share of the amount of motor fuel taxes apportioned for the use of the road districts. The county administers the funds and allots to each road district in the proportion that each road districts mileage bears to the total road district mileage in the County.,County Highway Engineer,0,0,0,0,0,0,0,0,0,0,0,0,0,0,0,0,0,0,0,0,0,139228,150000,0,0,0,0,0,0,0,0,0,0,0,0,0,0,0,0,0,0,0,0,0,0,0,0,0,0,0,0,0,0,0,0,0,0,0,0,0,0,0
Special Purpose Fund,Special Purposes Funds are funds that house monies collected by fees by the various departments and offices of the County that by state statute can only be spent on certain expenses.,2,45,Emergency Telephone System,Emergency Telephone System,Salaries & Related Expense,,This fund is the main operating fund of the Emergency Telephone Systems Board / E 9-1-1 and provides for the operational expenses of the 9-1-1 office. Revenue to this fund is appropriated and adopted by the ETSB as a separate and functioning governmental body. The fund is held in the County treasury and receives revenue from surcharge dollars.,Emergency Telephone System Board,0,86223,0,187700,191500,238100,295500,323000,283000,283000,270250,346720,355180,426517,413867,417384,423264,520741,0,195136,132200,136789,132773,139663,159402,154837,179396,182230,181350,192550,197707,0,35951,0,73879,77347,68816,71294,42584,102564,271269,324855,358357,332305,388533,383331,374822,401324,305170,0,195136,124121.00,123259,125146,127399,154837,148468,162642,171351,175226,184228,194656
Special Purpose Fund,Special Purposes Funds are funds that house monies collected by fees by the various departments and offices of the County that by state statute can only be spent on certain expenses.,2,45,Emergency Telephone System,Emergency Telephone System,Utilities & Telephone,,This fund is the main operating fund of the Emergency Telephone Systems Board / E 9-1-1 and provides for the operational expenses of the 9-1-1 office. Revenue to this fund is appropriated and adopted by the ETSB as a separate and functioning governmental body. The fund is held in the County treasury and receives revenue from surcharge dollars.,Emergency Telephone System Board,0,3000,0,26000,26000,6000,6000,6000,7300,67300,62000,145000,143000,178000,5000,204000,203000,203000,0,180720,203500,200355,153500,103500,51232,30938,32500,29000,26970,28500,28500,0,2315,0,1304,1751,3468,2158,1783,10949,58363,109166,125580,174524,213765,200719,193348,184477,182202,0,180720,176906.00,83849,24820,26138,30938,21350,20862,21338,24157,24025,27199
Special Purpose Fund,Special Purposes Funds are funds that house monies collected by fees by the various departments and offices of the County that by state statute can only be spent on certain expenses.,2,45,Emergency Telephone System,Emergency Telephone System,Advertising (& Promotional),,This fund is the main operating fund of the Emergency Telephone Systems Board / E 9-1-1 and provides for the operational expenses of the 9-1-1 office. Revenue to this fund is appropriated and adopted by the ETSB as a separate and functioning governmental body. The fund is held in the County treasury and receives revenue from surcharge dollars.,Emergency Telephone System Board,0,2800,0,3800,4400,4400,4400,7600,5100,5100,4500,1500,1500,0,1500,500,0,0,0,173,0,0,0,0,0,0,0,0,0,0,0,0,2242,0,127,613,743,0,2993,1287,2745,1406,0,533,0,0,0,86,0,0,173,0,0,0,0,0,0,0,0,0,0,0
Special Purpose Fund,Special Purposes Funds are funds that house monies collected by fees by the various departments and offices of the County that by state statute can only be spent on certain expenses.,2,45,Emergency Telephone System,Emergency Telephone System,Training,,This fund is the main operating fund of the Emergency Telephone Systems Board / E 9-1-1 and provides for the operational expenses of the 9-1-1 office. Revenue to this fund is appropriated and adopted by the ETSB as a separate and functioning governmental body. The fund is held in the County treasury and receives revenue from surcharge dollars.,Emergency Telephone System Board,0,0,0,10000,15000,15000,15000,25000,35000,35000,20000,6000,6000,6000,6000,4000,2000,1000,0,126,1000,1000,1000,1000,1000,1000,1000,1000,1000,1000,1000,0,0,0,1122,821,2434,3028,509,7371,17189,4587,1632,4550,3403,1831,1153,825,550,0,126,641,250,0,0,1000,0,0,0,0,0,0
Special Purpose Fund,Special Purposes Funds are funds that house monies collected by fees by the various departments and offices of the County that by state statute can only be spent on certain expenses.,2,45,Emergency Telephone System,Emergency Telephone System,Mileage,,This fund is the main operating fund of the Emergency Telephone Systems Board / E 9-1-1 and provides for the operational expenses of the 9-1-1 office. Revenue to this fund is appropriated and adopted by the ETSB as a separate and functioning governmental body. The fund is held in the County treasury and receives revenue from surcharge dollars.,Emergency Telephone System Board,0,2200,0,6000,6000,6000,6000,6000,7000,7000,27500,5000,5000,6000,6000,5000,5500,0,0,987,1500,1500,1500,1500,1500,1500,1500,1500,1500,1689,1500,0,1826,0,2304,2479,3246,2052,2255,7193,10098,6724,3230,3653,4811,6393,3447,3719,0,0,987,1031,1077,845,954,1500,835,809,1100,488,1689,1386
Special Purpose Fund,Special Purposes Funds are funds that house monies collected by fees by the various departments and offices of the County that by state statute can only be spent on certain expenses.,2,45,Emergency Telephone System,Emergency Telephone System,Travel & Meetings,,This fund is the main operating fund of the Emergency Telephone Systems Board / E 9-1-1 and provides for the operational expenses of the 9-1-1 office. Revenue to this fund is appropriated and adopted by the ETSB as a separate and functioning governmental body. The fund is held in the County treasury and receives revenue from surcharge dollars.,Emergency Telephone System Board,0,0,0,0,0,0,0,0,0,0,0,0,0,0,0,0,0,2000,0,0,0,0,0,0,0,0,0,0,0,0,0,0,0,0,0,0,0,0,0,0,0,0,0,0,0,0,0,0,938,0,0,0,0,0,0,0,0,0,0,0,0,0
Special Purpose Fund,Special Purposes Funds are funds that house monies collected by fees by the various departments and offices of the County that by state statute can only be spent on certain expenses.,2,45,Emergency Telephone System,Emergency Telephone System,Dues & Publications,,This fund is the main operating fund of the Emergency Telephone Systems Board / E 9-1-1 and provides for the operational expenses of the 9-1-1 office. Revenue to this fund is appropriated and adopted by the ETSB as a separate and functioning governmental body. The fund is held in the County treasury and receives revenue from surcharge dollars.,Emergency Telephone System Board,0,0,0,0,2000,2000,2000,2000,2000,2000,4000,700,700,500,500,500,1000,750,0,0,800,800,800,800,800,800,1000,1000,1000,1000,1980,0,0,0,0,318,75,150,373,273,176,892,185,245,481,338,245,380,130,0,0,270,137,137,137,800,142,0,142,147,215,1632
Special Purpose Fund,Special Purposes Funds are funds that house monies collected by fees by the various departments and offices of the County that by state statute can only be spent on certain expenses.,2,45,Emergency Telephone System,Emergency Telephone System,Mapping & Addressing,,This fund is the main operating fund of the Emergency Telephone Systems Board / E 9-1-1 and provides for the operational expenses of the 9-1-1 office. Revenue to this fund is appropriated and adopted by the ETSB as a separate and functioning governmental body. The fund is held in the County treasury and receives revenue from surcharge dollars.,Emergency Telephone System Board,0,0,0,280000,215000,50000,50000,52550,20000,20000,35000,7000,14000,10000,10000,5000,5000,2500,0,1525,5000,5000,5000,7500,10000,15000,13324,15000,15000,10000,10000,0,0,0,48395,195202,1878,1701,0,10330,4420,3100,7768,4878,4939,882,3321,555,2475,0,1525,200,989,520,6647,15000,0,3414,210,37,0,0
Special Purpose Fund,Special Purposes Funds are funds that house monies collected by fees by the various departments and offices of the County that by state statute can only be spent on certain expenses.,2,45,Emergency Telephone System,Emergency Telephone System,Dispatch,,This fund is the main operating fund of the Emergency Telephone Systems Board / E 9-1-1 and provides for the operational expenses of the 9-1-1 office. Revenue to this fund is appropriated and adopted by the ETSB as a separate and functioning governmental body. The fund is held in the County treasury and receives revenue from surcharge dollars.,Emergency Telephone System Board,0,0,0,0,0,0,0,0,0,0,0,0,0,0,0,0,0,2500,0,322,6000,6000,6000,6500,6500,6500,6500,6500,6500,6500,6500,0,0,0,0,0,0,0,0,0,0,0,0,0,0,0,0,0,2498,0,322,321.8,2584,1977,215,6500,954,994,5370,0,5292,0
Special Purpose Fund,Special Purposes Funds are funds that house monies collected by fees by the various departments and offices of the County that by state statute can only be spent on certain expenses.,2,45,Emergency Telephone System,Emergency Telephone System,Insurance,,This fund is the main operating fund of the Emergency Telephone Systems Board / E 9-1-1 and provides for the operational expenses of the 9-1-1 office. Revenue to this fund is appropriated and adopted by the ETSB as a separate and functioning governmental body. The fund is held in the County treasury and receives revenue from surcharge dollars.,Emergency Telephone System Board,0,0,0,0,0,22500,22500,55000,88000,88000,90500,86800,108800,88800,86800,89800,97000,89500,0,11902,14000,14800,14927,16800,16800,16800,14816,3050,10003,6908,22009,0,0,0,0,0,7637,8390,4509,23738,37253,73451,63532,72192,61680,71004,87272,87624,76002,0,11902,3485.00,13851,14617,13339,16800,14132,14656,460,15881,16868,20544
Special Purpose Fund,Special Purposes Funds are funds that house monies collected by fees by the various departments and offices of the County that by state statute can only be spent on certain expenses.,2,45,Emergency Telephone System,Emergency Telephone System,Contractual,,This fund is the main operating fund of the Emergency Telephone Systems Board / E 9-1-1 and provides for the operational expenses of the 9-1-1 office. Revenue to this fund is appropriated and adopted by the ETSB as a separate and functioning governmental body. The fund is held in the County treasury and receives revenue from surcharge dollars.,Emergency Telephone System Board,0,15500,0,27500,74000,57500,57500,165000,180000,180000,175000,15000,15000,15000,15000,10000,10000,0,0,265225,7500,7500,7500,5000,5000,5000,5000,16329,17508,22213,5000,0,11858,0,23770,1419,2466,6334,30050,18866,22037,15513,6145,6101,11223,1720,3633,3185,4565,0,265225,75010.00,0,4081,3205,5000,4203,3426,15010,2235,5995,4100
Special Purpose Fund,Special Purposes Funds are funds that house monies collected by fees by the various departments and offices of the County that by state statute can only be spent on certain expenses.,2,45,Emergency Telephone System,Emergency Telephone System,Consulting,,This fund is the main operating fund of the Emergency Telephone Systems Board / E 9-1-1 and provides for the operational expenses of the 9-1-1 office. Revenue to this fund is appropriated and adopted by the ETSB as a separate and functioning governmental body. The fund is held in the County treasury and receives revenue from surcharge dollars.,Emergency Telephone System Board,0,0,0,0,0,0,0,0,0,0,0,0,0,0,0,0,0,10000,0,5292,0,0,0,0,0,0,0,0,0,0,0,0,0,0,0,0,0,0,0,0,0,0,0,0,0,0,0,0,660,0,5292,0,0,0,0,0,0,0,0,0,0,0
Special Purpose Fund,Special Purposes Funds are funds that house monies collected by fees by the various departments and offices of the County that by state statute can only be spent on certain expenses.,2,45,Emergency Telephone System,Emergency Telephone System,Capital Outlay,,This fund is the main operating fund of the Emergency Telephone Systems Board / E 9-1-1 and provides for the operational expenses of the 9-1-1 office. Revenue to this fund is appropriated and adopted by the ETSB as a separate and functioning governmental body. The fund is held in the County treasury and receives revenue from surcharge dollars.,Emergency Telephone System Board,0,8000,0,560000,1005000,1395000,1378000,1855000,1939000,1879000,310000,241744,107000,205000,399000,114500,125000,82000,0,61664,475000,125000,116669,145000,145000,163986,276543,200000,111403,120000,109079,0,6265,0,0,14755,27735,44932,201404,670948,415814,85327,80384,61983,80951,177958,61853,75800,66081,0,11189,427681.00,54084,70588,72665,163986,140528,228023,125000,77413,97858,70679
Special Purpose Fund,Special Purposes Funds are funds that house monies collected by fees by the various departments and offices of the County that by state statute can only be spent on certain expenses.,2,45,Emergency Telephone System,Emergency Telephone System,Towers/Auxiliary Power,,This fund is the main operating fund of the Emergency Telephone Systems Board / E 9-1-1 and provides for the operational expenses of the 9-1-1 office. Revenue to this fund is appropriated and adopted by the ETSB as a separate and functioning governmental body. The fund is held in the County treasury and receives revenue from surcharge dollars.,Emergency Telephone System Board,0,0,0,0,0,0,0,0,0,0,0,0,0,0,0,0,0,5000,0,0,5000,5000,5000,5000,5000,5000,5000,5000,6182,12383,5000,0,0,0,0,0,0,0,0,0,0,0,0,0,0,0,0,0,1562,0,0,5299.00,3382,3122,2964,5000,2213,3814,1104,5388,3883,1205
Special Purpose Fund,Special Purposes Funds are funds that house monies collected by fees by the various departments and offices of the County that by state statute can only be spent on certain expenses.,2,45,Emergency Telephone System,Emergency Telephone System,Vehicle Fuel & Maintenance,,This fund is the main operating fund of the Emergency Telephone Systems Board / E 9-1-1 and provides for the operational expenses of the 9-1-1 office. Revenue to this fund is appropriated and adopted by the ETSB as a separate and functioning governmental body. The fund is held in the County treasury and receives revenue from surcharge dollars.,Emergency Telephone System Board,0,0,0,0,0,0,0,0,0,0,0,0,0,0,0,0,0,3000,0,3244,4275,4275,4275,4348,4347,4500,4500,7000,7000,7000,7000,0,0,0,0,0,0,0,0,0,0,0,0,0,0,0,0,0,2830,0,3244,2855.00,1794,2657,1652,4500,1226,813,2322,4299,2065,1178
Special Purpose Fund,Special Purposes Funds are funds that house monies collected by fees by the various departments and offices of the County that by state statute can only be spent on certain expenses.,2,45,Emergency Telephone System,Emergency Telephone System,Office Expense,,This fund is the main operating fund of the Emergency Telephone Systems Board / E 9-1-1 and provides for the operational expenses of the 9-1-1 office. Revenue to this fund is appropriated and adopted by the ETSB as a separate and functioning governmental body. The fund is held in the County treasury and receives revenue from surcharge dollars.,Emergency Telephone System Board,0,7500,0,32000,35000,35000,35000,40000,45000,45000,62000,32036,61300,68300,54800,59500,11500,45500,0,2155,58250,63250,76581,78250,108250,108653,116707,108334,112433,127350,128874,0,6128,0,4850,2134,1962,4360,3213,28093,31084,26590,34444,30422,56178,37184,44043,35204,42393,0,2155,58545.00,48983,70490,72250,108653,100418,88583,96993,112372,94273,123015
Special Purpose Fund,Special Purposes Funds are funds that house monies collected by fees by the various departments and offices of the County that by state statute can only be spent on certain expenses.,2,45,Emergency Telephone System,Emergency Telephone System,Rent,,This fund is the main operating fund of the Emergency Telephone Systems Board / E 9-1-1 and provides for the operational expenses of the 9-1-1 office. Revenue to this fund is appropriated and adopted by the ETSB as a separate and functioning governmental body. The fund is held in the County treasury and receives revenue from surcharge dollars.,Emergency Telephone System Board,0,0,0,6000,6000,3600,3600,3600,3600,3600,3600,3600,3600,3600,3600,3600,3600,3600,0,3600,3600,3600,3600,3600,3600,3600,3600,3600,0,0,0,0,0,0,3600,3600,3600,3900,3600,3000,5100,2400,3600,3600,3600,3600,3600,3600,3600,0,3600,3600.00,3600,3600,0,3600,3600,3600,3600,0,0,0
Special Purpose Fund,Special Purposes Funds are funds that house monies collected by fees by the various departments and offices of the County that by state statute can only be spent on certain expenses.,2,45,Emergency Telephone System,Emergency Telephone System,Miscellaneous,,This fund is the main operating fund of the Emergency Telephone Systems Board / E 9-1-1 and provides for the operational expenses of the 9-1-1 office. Revenue to this fund is appropriated and adopted by the ETSB as a separate and functioning governmental body. The fund is held in the County treasury and receives revenue from surcharge dollars.,Emergency Telephone System Board,0,26500,456300,61000,120000,0,0,0,0,0,0,0,0,0,0,0,0,0,826600,825,0,2056,0,0,0,0,0,0,0,0,309,0,0,0,125,0,0,0,0,0,0,0,0,0,0,0,0,0,0,713669,825,467,322,259,211,0,486,345,0,343,0,704
Special Purpose Fund,Special Purposes Funds are funds that house monies collected by fees by the various departments and offices of the County that by state statute can only be spent on certain expenses.,2,45,Emergency Telephone System,Emergency Telephone System,Tower Expense,,This fund is the main operating fund of the Emergency Telephone Systems Board / E 9-1-1 and provides for the operational expenses of the 9-1-1 office. Revenue to this fund is appropriated and adopted by the ETSB as a separate and functioning governmental body. The fund is held in the County treasury and receives revenue from surcharge dollars.,Emergency Telephone System Board,0,0,0,0,0,0,0,0,0,0,0,0,0,0,0,0,0,0,0,2414,0,0,0,0,0,0,0,0,0,0,0,0,0,0,0,0,0,0,0,57975,4350,0,0,0,0,0,0,0,0,0,2414,0,0,0,0,0,0,0,0,0,0,0
Special Purpose Fund,Special Purposes Funds are funds that house monies collected by fees by the various departments and offices of the County that by state statute can only be spent on certain expenses.,2,45,Emergency Telephone System,Emergency Telephone System,Equipment Repairs,,This fund is the main operating fund of the Emergency Telephone Systems Board / E 9-1-1 and provides for the operational expenses of the 9-1-1 office. Revenue to this fund is appropriated and adopted by the ETSB as a separate and functioning governmental body. The fund is held in the County treasury and receives revenue from surcharge dollars.,Emergency Telephone System Board,0,0,0,0,0,0,0,0,0,0,0,0,0,0,0,0,0,0,0,86025,0,0,0,0,0,0,0,80000,80000,57787,75000,0,0,0,0,0,0,0,0,2004,6195,0,0,0,0,0,0,0,0,0,86025,0,0,0,0,0,0,0,25370,3476,7056,11411
Special Purpose Fund,Special Purposes Funds are funds that house monies collected by fees by the various departments and offices of the County that by state statute can only be spent on certain expenses.,2,45,Emergency Telephone System,Emergency Telephone System,Clothing Allowance,,This fund is the main operating fund of the Emergency Telephone Systems Board / E 9-1-1 and provides for the operational expenses of the 9-1-1 office. Revenue to this fund is appropriated and adopted by the ETSB as a separate and functioning governmental body. The fund is held in the County treasury and receives revenue from surcharge dollars.,Emergency Telephone System Board,0,0,0,0,0,0,0,0,0,0,0,7000,7000,7000,4000,4000,3000,2800,0,2157,1000,1000,1000,1000,1000,1000,1000,1197,1000,1018,1000,0,0,0,0,0,0,0,0,772,2208,8736,844,820,2645,5430,2761,2745,0,0,2157,891,892,898,900,1000,1000,1000,1000,1000,985,840
Special Purpose Fund,Special Purposes Funds are funds that house monies collected by fees by the various departments and offices of the County that by state statute can only be spent on certain expenses.,2,45,Emergency Telephone System,Emergency Telephone System,Contingency,,This fund is the main operating fund of the Emergency Telephone Systems Board / E 9-1-1 and provides for the operational expenses of the 9-1-1 office. Revenue to this fund is appropriated and adopted by the ETSB as a separate and functioning governmental body. The fund is held in the County treasury and receives revenue from surcharge dollars.,Emergency Telephone System Board,0,0,0,0,0,105000,120000,200000,915000,915000,50000,8000,8000,8000,18650,8000,8000,8000,0,3109,8000,8000,8000,10000,10000,4347,10000,10000,10000,10000,10000,0,0,0,0,0,0,0,0,0,0,500,3910,0,600,2925,-54,0,1146,0,3109,8537.00,0,0,897,4347,2118,1756,0,0,0,0
Special Purpose Fund,Special Purposes Funds are funds that house monies collected by fees by the various departments and offices of the County that by state statute can only be spent on certain expenses.,2,49,Illinois Municipal Retirement Fund,Illinois Municipal Retirement Fund,Payment to Illinois Municipal Retirement Fund,,This special fund budget provides for the County's contributions to the Illinois Municipal Retirement Fund for all County employees.,Countywide Expense,325000,550000,355000,425000,700000,750000,865000,785000,850000,870000,962000,1013000,1220000,1070000,1070000,1080000,1080000,1285000,1560000,1560000,1560000,1560000,1650000,1790000,1790000,2100000,2081914,2327000,2300000,2300000,2300000,533363,525353,0,615806,741374,820747,861022,835082,833346,962368,1049640,1106245,1101078,1084523,1021679,1023116,1059604,1186222,1564049,1495952,1512006.00,1523686,1593371,1597374,2100000,624388,760637,609419,734716,479975,512770
Special Purpose Fund,Special Purposes Funds are funds that house monies collected by fees by the various departments and offices of the County that by state statute can only be spent on certain expenses.,2,50,Social Security Fund,Social Security Fund,Social Security,,This special fund relates to the County's required Social Security and Medicare Tax contributions for all County employees.,Countywide Expense,0,0,275000,0,0,320000,315000,325000,325000,335000,670000,425000,300000,360000,360000,360000,360000,396000,386000,386000,386000,386000,386000,386000,416000,435000,435000,43500,435000,460000,490000,0,0,0,0,0,306500,317854,342493,361281,379123,324488,327791,318689,317111,313942,310172,325279,370431,373350,365974,363407.00,362544,369596,383125,435000,394081,392169,416631,428998,458613,471894
Special Purpose Fund,Special Purposes Funds are funds that house monies collected by fees by the various departments and offices of the County that by state statute can only be spent on certain expenses.,2,51,Animal Control Claim Fund,Animal Control Claim Fund,Claims,,This fund was money set aside to handle any claims against animal for killing livestock. The funds were also used to help cover any budget shortfalls in other departments at the end of the fiscal year.,Animal Control Adminstrator,10000,20000,20000,20000,0,0,0,0,0,0,0,0,0,0,0,0,0,0,0,0,0,0,0,0,0,0,0,0,0,0,0,840,210,0,345,1051,309,240,210,360,0,0,0,0,0,0,0,0,0,0,0,0,0,0,0,0,0,0,0,0,0,0
Special Purpose Fund,Special Purposes Funds are funds that house monies collected by fees by the various departments and offices of the County that by state statute can only be spent on certain expenses.,2,52,Animal Control Working Fund,Animal Control Working Fund,Salaries & Benefits,,"This fund is the working operating fund for the Animal Control office. This fund provides for all operational expenses of Animal Control including items such as full-time and part-time salaries, employee insurance, office expenses, fuel, utilities, animal food, and veterinarian care.",Animal Control Adminstrator,0,0,0,0,0,0,0,0,0,0,0,0,0,30000,23682,41000,48217,62174,63184,0,63859,65478,65177,110180,80376,86519,94343,115619,139029,140189,124337,0,0,0,0,0,0,0,0,0,0,0,0,0,24409,23682,40597,43653,62174,62148,0,63850.00,65478,65177,109628,86519,81207,94064,115619,126657,138974,119538
Special Purpose Fund,Special Purposes Funds are funds that house monies collected by fees by the various departments and offices of the County that by state statute can only be spent on certain expenses.,2,52,Animal Control Working Fund,Animal Control Working Fund,Commodities,,"This fund is the working operating fund for the Animal Control office. This fund provides for all operational expenses of Animal Control including items such as full-time and part-time salaries, employee insurance, office expenses, fuel, utilities, animal food, and veterinarian care.",Animal Control Adminstrator,0,0,0,0,0,0,0,0,0,0,0,0,0,0,0,0,0,0,0,0,0,0,0,0,0,0,8280,0,0,0,0,0,0,22741,0,0,0,0,0,0,0,0,0,0,0,0,0,0,0,0,0,0,0,0,0,0,0,8280,0,0,0,0
Special Purpose Fund,Special Purposes Funds are funds that house monies collected by fees by the various departments and offices of the County that by state statute can only be spent on certain expenses.,2,52,Animal Control Working Fund,Animal Control Working Fund,Miscellaneous,,"This fund is the working operating fund for the Animal Control office. This fund provides for all operational expenses of Animal Control including items such as full-time and part-time salaries, employee insurance, office expenses, fuel, utilities, animal food, and veterinarian care.",Animal Control Adminstrator,0,0,0,0,0,0,0,0,0,0,0,0,0,0,0,0,0,0,0,0,11526,9914,9207,3778,5254,6000,0,8900,6212,4289,2462,0,0,0,0,0,0,0,0,0,0,0,0,0,0,0,0,0,0,0,0,11526.00,9895,9207,2669,6000,1611,0,8748,2586,4212,2409
Special Purpose Fund,Special Purposes Funds are funds that house monies collected by fees by the various departments and offices of the County that by state statute can only be spent on certain expenses.,2,52,Animal Control Working Fund,Animal Control Working Fund,Expense of Operations,,"This fund is the working operating fund for the Animal Control office. This fund provides for all operational expenses of Animal Control including items such as full-time and part-time salaries, employee insurance, office expenses, fuel, utilities, animal food, and veterinarian care.",Animal Control Adminstrator,30000,25000,20000,25000,12000,12000,30000,20000,20000,20000,30000,35800,49000,50000,56318,44000,571783,44826,43819,0,0,0,0,0,0,0,8292,0,0,0,0,17491,21335,0,11089,17253,18173,21300,19259,18971,19051,29956,31601,34059,48712,47969,43867,548145,45085,42783,0,0,0,0,0,0,0,5520,0,0,0,0
Special Purpose Fund,Special Purposes Funds are funds that house monies collected by fees by the various departments and offices of the County that by state statute can only be spent on certain expenses.,2,52,Animal Control Working Fund,Animal Control Working Fund,Capital Outlay,,"This fund is the working operating fund for the Animal Control office. This fund provides for all operational expenses of Animal Control including items such as full-time and part-time salaries, employee insurance, office expenses, fuel, utilities, animal food, and veterinarian care.",Animal Control Adminstrator,0,0,0,0,0,0,0,0,0,0,0,0,0,0,0,0,0,0,0,0,0,0,0,1000,1900,2000,0,0,0,0,0,0,0,3885,0,0,0,0,0,0,0,0,0,0,0,0,885,0,0,0,0,0,0,0,485,2000,1531,0,0,0,0,0
Special Purpose Fund,Special Purposes Funds are funds that house monies collected by fees by the various departments and offices of the County that by state statute can only be spent on certain expenses.,2,52,Animal Control Working Fund,Animal Control Working Fund,Office Expense,,"This fund is the working operating fund for the Animal Control office. This fund provides for all operational expenses of Animal Control including items such as full-time and part-time salaries, employee insurance, office expenses, fuel, utilities, animal food, and veterinarian care.",Animal Control Adminstrator,0,0,0,0,0,0,0,0,0,0,0,0,0,0,0,0,0,0,0,0,3629,1645,1404,2765,4721,5292,29984,6804,5958,6284,9722,0,0,0,0,0,0,0,0,0,0,0,0,0,0,0,0,0,0,0,0,3590.00,1644,1404,1856,5292,4554,29984,6435,5301,5629,9722
Special Purpose Fund,Special Purposes Funds are funds that house monies collected by fees by the various departments and offices of the County that by state statute can only be spent on certain expenses.,2,52,Animal Control Working Fund,Animal Control Working Fund,Utilities & Telephone,,"This fund is the working operating fund for the Animal Control office. This fund provides for all operational expenses of Animal Control including items such as full-time and part-time salaries, employee insurance, office expenses, fuel, utilities, animal food, and veterinarian care.",Animal Control Adminstrator,0,0,0,0,0,0,0,0,0,0,0,0,0,0,0,0,0,0,0,0,9432,8797,11942,12775,11585,13227,6107,16524,20366,13944,16654,0,0,0,0,0,0,0,0,0,0,0,0,0,0,0,0,0,0,0,0,9432.00,8797,11942,12774,13227,10359,5809,16324,15316,12865,16654
Special Purpose Fund,Special Purposes Funds are funds that house monies collected by fees by the various departments and offices of the County that by state statute can only be spent on certain expenses.,2,52,Animal Control Working Fund,Animal Control Working Fund,"Mileage, Dues, & Conventions",,"This fund is the working operating fund for the Animal Control office. This fund provides for all operational expenses of Animal Control including items such as full-time and part-time salaries, employee insurance, office expenses, fuel, utilities, animal food, and veterinarian care.",Animal Control Adminstrator,0,0,0,0,0,0,0,0,0,0,0,0,0,0,0,0,0,0,0,0,558,100,100,307,200,200,13683,200,302,200,0,0,0,0,0,0,0,0,0,0,0,0,0,0,0,0,0,0,0,0,0,558,100,100,307,0,0,11940,100,302,150,0
Special Purpose Fund,Special Purposes Funds are funds that house monies collected by fees by the various departments and offices of the County that by state statute can only be spent on certain expenses.,2,52,Animal Control Working Fund,Animal Control Working Fund,Education/Training,,"This fund is the working operating fund for the Animal Control office. This fund provides for all operational expenses of Animal Control including items such as full-time and part-time salaries, employee insurance, office expenses, fuel, utilities, animal food, and veterinarian care.",Animal Control Adminstrator,0,0,0,0,0,0,0,0,0,0,0,0,0,0,0,0,0,0,0,0,20,0,75,100,2,250,315,250,600,0,75,0,0,0,0,0,0,0,0,0,0,0,0,0,0,0,0,0,0,0,0,0,0,75,0,250,0,100,0,0,0,75
Special Purpose Fund,Special Purposes Funds are funds that house monies collected by fees by the various departments and offices of the County that by state statute can only be spent on certain expenses.,2,52,Animal Control Working Fund,Animal Control Working Fund,Repairs and maintenance,,"This fund is the working operating fund for the Animal Control office. This fund provides for all operational expenses of Animal Control including items such as full-time and part-time salaries, employee insurance, office expenses, fuel, utilities, animal food, and veterinarian care.",Animal Control Adminstrator,0,0,0,0,0,0,0,0,0,0,0,0,0,0,0,0,0,0,0,0,8984,10293,6916,9677,8795,10487,5060,11619,13462,10827,10273,0,0,0,0,0,0,0,0,0,0,0,0,0,0,0,0,0,0,0,0,8984.00,10293,6916,7679,10487,6601,5863,9616,9544,10211,9106
Special Purpose Fund,Special Purposes Funds are funds that house monies collected by fees by the various departments and offices of the County that by state statute can only be spent on certain expenses.,2,52,Animal Control Working Fund,Animal Control Working Fund,Insurance Premium/Bonds,,"This fund is the working operating fund for the Animal Control office. This fund provides for all operational expenses of Animal Control including items such as full-time and part-time salaries, employee insurance, office expenses, fuel, utilities, animal food, and veterinarian care.",Animal Control Adminstrator,0,0,0,0,0,0,0,0,0,0,0,0,0,0,0,0,0,0,0,0,1931,2052,2171,2121,2216,2410,2625,2864,2953,3740,3801,0,0,0,0,0,0,0,0,0,0,0,0,0,0,0,0,0,0,0,0,1931.00,2052,2171,2121,2410,2410,2625,2864,2953,3739,3801
Special Purpose Fund,Special Purposes Funds are funds that house monies collected by fees by the various departments and offices of the County that by state statute can only be spent on certain expenses.,2,52,Animal Control Working Fund,Animal Control Working Fund,Care of Animals,,"This fund is the working operating fund for the Animal Control office. This fund provides for all operational expenses of Animal Control including items such as full-time and part-time salaries, employee insurance, office expenses, fuel, utilities, animal food, and veterinarian care.",Animal Control Adminstrator,0,0,0,0,0,0,0,0,0,0,0,0,0,0,0,0,0,0,0,0,10061,23451,24458,25828,12853,16480,18110,38124,43593,56485,41599,0,0,0,0,0,0,0,0,0,0,0,0,0,0,0,0,0,0,0,0,10061.00,23451,24458,14292,16480,8059,17110,38124,28155,55284,41599
Special Purpose Fund,Special Purposes Funds are funds that house monies collected by fees by the various departments and offices of the County that by state statute can only be spent on certain expenses.,2,52,Animal Control Working Fund,Animal Control Working Fund,Postage,,"This fund is the working operating fund for the Animal Control office. This fund provides for all operational expenses of Animal Control including items such as full-time and part-time salaries, employee insurance, office expenses, fuel, utilities, animal food, and veterinarian care.",Animal Control Adminstrator,0,0,0,0,0,0,0,0,0,0,0,0,0,0,0,0,0,0,0,0,0,0,0,0,0,0,0,0,0,0,0,0,0,0,0,0,0,0,0,0,0,0,0,0,0,0,0,0,0,0,0,0,0,0,0,0,0,0,0,0,0,0
Special Purpose Fund,Special Purposes Funds are funds that house monies collected by fees by the various departments and offices of the County that by state statute can only be spent on certain expenses.,2,52,Animal Control Working Fund,Animal Control Working Fund,Food (Animal),,"This fund is the working operating fund for the Animal Control office. This fund provides for all operational expenses of Animal Control including items such as full-time and part-time salaries, employee insurance, office expenses, fuel, utilities, animal food, and veterinarian care.",Animal Control Adminstrator,0,0,0,0,0,0,0,0,0,0,0,0,0,0,0,0,0,0,0,0,0,0,0,0,0,0,0,0,0,0,0,0,0,0,0,0,0,0,0,0,0,0,0,0,0,0,0,0,0,0,0,0,0,0,0,0,0,0,0,0,0,0
Special Purpose Fund,Special Purposes Funds are funds that house monies collected by fees by the various departments and offices of the County that by state statute can only be spent on certain expenses.,2,52,Animal Control Working Fund,Animal Control Working Fund,System Updates/Programming,,"This fund is the working operating fund for the Animal Control office. This fund provides for all operational expenses of Animal Control including items such as full-time and part-time salaries, employee insurance, office expenses, fuel, utilities, animal food, and veterinarian care.",Animal Control Adminstrator,0,0,0,0,0,0,0,0,0,0,0,0,0,0,0,0,0,0,0,0,0,0,0,0,0,0,0,0,0,0,0,0,0,0,0,0,0,0,0,0,0,0,0,0,0,0,0,0,0,0,0,0,0,0,0,0,0,0,0,0,0,0
Special Purpose Fund,Special Purposes Funds are funds that house monies collected by fees by the various departments and offices of the County that by state statute can only be spent on certain expenses.,2,52,Animal Control Working Fund,Animal Control Working Fund,Equipment Repair & Maintenance,,"This fund is the working operating fund for the Animal Control office. This fund provides for all operational expenses of Animal Control including items such as full-time and part-time salaries, employee insurance, office expenses, fuel, utilities, animal food, and veterinarian care.",Animal Control Adminstrator,0,0,0,0,0,0,0,0,0,0,0,0,0,0,0,0,0,0,0,0,0,0,0,0,0,0,0,0,0,0,0,0,0,0,0,0,0,0,0,0,0,0,0,0,0,0,0,0,0,0,0,0,0,0,0,0,0,0,0,0,0,0
Special Purpose Fund,Special Purposes Funds are funds that house monies collected by fees by the various departments and offices of the County that by state statute can only be spent on certain expenses.,2,53,Sheriff's LS21 Fund,Sheriff's LS21 Fund,Equipment,,,Sheriff,0,0,0,0,0,0,0,0,0,0,0,0,0,0,0,0,0,0,0,0,0,0,0,0,0,0,0,0,0,0,0,0,0,0,0,0,0,71487,5901,0,0,0,0,0,0,0,0,0,0,0,0,0,0,0,0,0,0,0,0,0,0,0
Special Purpose Fund,Special Purposes Funds are funds that house monies collected by fees by the various departments and offices of the County that by state statute can only be spent on certain expenses.,2,54,County Farm Fund,County Farm Fund,Miscellaneous,,"This special fund is composed of revenues received from leases on county-owned farm property. Currently, two agricultural properties are county-owned and receive annual revenue through lease agreements.",County Board Office,1000,10000,8500,10000,10000,10000,10000,5000,5000,0,0,0,0,3000,3000,13000,3000,3000,0,20000,0,20000,15083,20000,20000,20000,20000,20000,20000,20000,21710,0,0,8348,0,459,0,380,4200,3350,2500,0,0,0,2284,0,0,0,0,0,0,0,0,0,0,20000,0,0,0,0,0,21710
Special Purpose Fund,Special Purposes Funds are funds that house monies collected by fees by the various departments and offices of the County that by state statute can only be spent on certain expenses.,2,54,County Farm Fund,County Farm Fund,Transfer Out,,"This special fund is composed of revenues received from leases on county-owned farm property. Currently, two agricultural properties are county-owned and receive annual revenue through lease agreements.",County Board Office,0,0,0,0,0,0,0,0,0,0,0,0,0,0,0,0,0,0,60000,0,25000,0,0,0,0,0,0,0,0,0,0,0,0,0,0,0,0,0,0,0,0,0,0,0,0,0,0,0,0,60000,0,25000.00,0,0,0,0,0,0,0,0,0,0
Special Purpose Fund,Special Purposes Funds are funds that house monies collected by fees by the various departments and offices of the County that by state statute can only be spent on certain expenses.,2,55,Revolving Loan Fund,Revolving Loan Fund,Miscellaneous,,This fund is a revolving loan fund originally established in 1989 through a CDAP grant from state DCEO. Revolving loans are granted from this Fund pursuant to state administrative code and congruent with county-adopted and state-approved guidelines.,County Board Office,0,0,0,0,50000,50000,50000,50000,45000,0,20000,20000,20000,0,0,0,20000,20000,60000,0,0,30000,30000,30000,60000,30000,30000,30000,30000,30000,30000,0,0,0,0,0,10000,0,0,0,0,0,0,0,0,0,0,0,5598,60000,0,0,0,0,0,30000,28700,17000,0,0,0,0
Special Purpose Fund,Special Purposes Funds are funds that house monies collected by fees by the various departments and offices of the County that by state statute can only be spent on certain expenses.,2,55,Revolving Loan Fund,Revolving Loan Fund,Miscellaneous,,This fund is a revolving loan fund originally established in 1989 through a CDAP grant from state DCEO. Revolving loans are granted from this Fund pursuant to state administrative code and congruent with county-adopted and state-approved guidelines.,County Board Office,10000,50000,15000,50000,0,0,0,0,0,0,0,0,0,0,0,0,0,0,0,0,0,0,0,0,0,0,0,0,0,0,0,20000,0,0,0,0,0,0,0,0,0,0,0,0,0,0,0,0,0,0,0,0,0,0,0,0,0,0,0,0,0,0
Special Purpose Fund,Special Purposes Funds are funds that house monies collected by fees by the various departments and offices of the County that by state statute can only be spent on certain expenses.,2,55,Revolving Loan Fund,Revolving Loan Fund,Miscellaneous,,This fund is a revolving loan fund originally established in 1989 through a CDAP grant from state DCEO. Revolving loans are granted from this Fund pursuant to state administrative code and congruent with county-adopted and state-approved guidelines.,County Board Office,0,0,0,0,0,0,0,0,0,0,0,0,0,20000,20000,20000,0,0,0,30000,30000,0,0,0,0,0,0,0,0,0,0,0,0,0,0,0,0,0,0,0,0,0,0,0,0,0,0,0,0,0,0,0,0,0,0,0,0,0,0,0,0,0
Special Purpose Fund,Special Purposes Funds are funds that house monies collected by fees by the various departments and offices of the County that by state statute can only be spent on certain expenses.,2,56,Revolving Loan Fund II,Revolving Loan Fund II,Miscellaneous,,"Created with County funds, this revolving loan fund did not have the same requirements as the Revolving Loan Fund started with the CDAP grant, making it easier for the County to grant loans to small business",County Board Office,0,0,0,0,0,0,0,0,0,0,0,0,0,0,230000,0,0,10000,0,10000,0,0,0,0,0,0,0,0,0,0,0,0,0,0,0,0,0,0,0,0,0,0,0,0,0,0,0,0,0,0,10000,0,0,94,0,0,0,0,0,0,0,0
Special Purpose Fund,Special Purposes Funds are funds that house monies collected by fees by the various departments and offices of the County that by state statute can only be spent on certain expenses.,2,57,Old Jail Restoration Fund,Old Jail Restoration Fund,Health & Welfare,,This special fund was used to hold funds to try and restore the old county jail.,County Board Office,0,0,0,0,0,0,0,0,0,0,0,0,0,0,0,0,0,0,0,0,0,0,0,0,0,0,0,0,0,0,0,0,0,47751,0,0,0,0,0,0,0,0,0,0,0,0,0,0,0,0,0,0,0,0,0,0,0,0,0,0,0,0
Special Purpose Fund,Special Purposes Funds are funds that house monies collected by fees by the various departments and offices of the County that by state statute can only be spent on certain expenses.,2,58,State's Attorney - Bad Check Division,State's Attorney - Bad Check Division,Judiciary,,"Pursuant to 720 ILCS 5/17-1b, a State's Attorney may create within his or her office a bad check diversion program for offenders who agree to voluntarily participate in the program instead of in lieu of the criminal justice system. Funds support the effort of the program.",State's Attorney,0,0,0,0,0,0,0,0,0,0,0,0,0,0,0,0,0,0,0,0,20000,20000,20000,20000,20000,20000,20000,0,0,0,0,0,0,0,0,0,0,0,0,0,0,0,0,0,0,0,0,7584,17615,0,0,8887.00,10890,11829,8435,20000,3950,2362,13719,13772,3864,3432
Special Purpose Fund,Special Purposes Funds are funds that house monies collected by fees by the various departments and offices of the County that by state statute can only be spent on certain expenses.,2,59,Tort Liability Fund,Tort Liability Fund,Insurance Premium/Bonds,,"This special fund receives funding through the county's tax levy and is the county's major fund to pay for tort expenses, including but not limited to the payment of insurance premiums on county buildings, workmen's compensation, and general liability.",Countywide Expense,150000,265000,290000,350000,300000,450000,400000,330000,250000,325000,350000,350000,417000,420000,440000,413500,413500,432000,420660,592230,625000,700000,700000,700000,700000,724062,725001,800000,819999,950000,1063000,151950,201848,0,161544,203325,252998,489108,328030,252229,357440,341340,350000,417000,420000,423830,344874,375523,407402,420558,591662,605844.00,691490,485274,483118,725000,465697,473624,503176,713649,742992,831137
Special Purpose Fund,Special Purposes Funds are funds that house monies collected by fees by the various departments and offices of the County that by state statute can only be spent on certain expenses.,2,59,Tort Liability Fund,Tort Liability Fund,Miscellaneous,,"This special fund receives funding through the county's tax levy and is the county's major fund to pay for tort expenses, including but not limited to the payment of insurance premiums on county buildings, workmen's compensation, and general liability.",Countywide Expense,0,0,0,0,0,0,0,0,0,0,0,0,0,0,0,0,0,1000,15340,9770,0,0,0,0,0,938,0,0,0,0,0,0,0,0,0,0,0,0,0,0,0,0,0,0,0,0,0,0,0,15340,9770,0,0,0,0,0,938,0,0,0,0,0
Special Purpose Fund,Special Purposes Funds are funds that house monies collected by fees by the various departments and offices of the County that by state statute can only be spent on certain expenses.,2,59,Tort Liability Fund,Tort Liability Fund,Animal Control - Miscellaneous,,"This special fund receives funding through the county's tax levy and is the county's major fund to pay for tort expenses, including but not limited to the payment of insurance premiums on county buildings, workmen's compensation, and general liability.",Countywide Expense,0,0,0,0,0,0,0,0,0,0,0,0,0,0,0,6500,6500,0,0,0,0,0,0,0,0,0,0,0,0,0,0,0,0,0,0,0,0,0,0,0,0,0,0,0,0,0,6389,196,0,0,0,0,0,0,0,0,0,0,0,0,0,0
Special Purpose Fund,Special Purposes Funds are funds that house monies collected by fees by the various departments and offices of the County that by state statute can only be spent on certain expenses.,2,66,GIS Fund,GIS Fund,Salaries & Benefits,,This special fund is supported by recording fees charged on documents recorded by the County Recorder. The funds are used to support the development and maintenance of the County's Geographic Information System and other GIS-related expenditures. Funds are also used to pay a portion of employee salaries and benefits in the County Assessor's Office.,Supervisor of Assessments,0,0,0,0,0,0,0,0,0,0,0,0,0,0,40364,34526,93739,88560,88846,108486,127168,159984,118941,122207,167670,172269,171893,140442,155540,144654,160342,0,0,0,0,0,0,0,0,0,0,0,0,0,0,20724,33934,57930,67862,79824,108486,102710,87652,95284,89785,172269,146394,127970,133741,133051,139821,85364
Special Purpose Fund,Special Purposes Funds are funds that house monies collected by fees by the various departments and offices of the County that by state statute can only be spent on certain expenses.,2,66,GIS Fund,GIS Fund,Capital Outlay,,This special fund is supported by recording fees charged on documents recorded by the County Recorder. The funds are used to support the development and maintenance of the County's Geographic Information System and other GIS-related expenditures. Funds are also used to pay a portion of employee salaries and benefits in the County Assessor's Office.,Supervisor of Assessments,0,0,0,0,0,0,0,0,0,0,0,0,0,0,0,0,0,17000,14000,14000,14000,14000,35282,8000,10801,25000,9164,0,0,0,0,0,0,37000,0,0,0,0,0,0,0,0,0,0,0,0,0,0,6276,5900,12711,12699.00,1952,35282,7085,25000,8838,0,0,0,0,0
Special Purpose Fund,Special Purposes Funds are funds that house monies collected by fees by the various departments and offices of the County that by state statute can only be spent on certain expenses.,2,66,GIS Fund,GIS Fund,Miscellaneous,,This special fund is supported by recording fees charged on documents recorded by the County Recorder. The funds are used to support the development and maintenance of the County's Geographic Information System and other GIS-related expenditures. Funds are also used to pay a portion of employee salaries and benefits in the County Assessor's Office.,Supervisor of Assessments,0,0,0,0,0,0,0,0,0,0,0,0,0,150000,134636,131843,127268,141000,125562,107563,325093,192638,169683,89300,16405,16298,18600,18000,13000,14360,11500,0,0,0,0,0,0,0,0,0,0,0,0,0,74136,91122,119399,62095,84445,98300,79358,248016.00,116718,52725,14508,16298,4611,8240,5427,1398,1919,340
Special Purpose Fund,Special Purposes Funds are funds that house monies collected by fees by the various departments and offices of the County that by state statute can only be spent on certain expenses.,2,66,GIS Fund,GIS Fund,Transfer Out,,This special fund is supported by recording fees charged on documents recorded by the County Recorder. The funds are used to support the development and maintenance of the County's Geographic Information System and other GIS-related expenditures. Funds are also used to pay a portion of employee salaries and benefits in the County Assessor's Office.,Supervisor of Assessments,0,0,0,0,0,0,0,0,0,0,0,0,0,0,0,0,0,0,0,40000,0,0,0,0,0,0,0,0,0,0,0,0,0,0,0,0,0,0,0,0,0,0,0,0,0,0,0,0,0,0,40000,0,0,0,0,0,0,0,0,0,0,0
Special Purpose Fund,Special Purposes Funds are funds that house monies collected by fees by the various departments and offices of the County that by state statute can only be spent on certain expenses.,2,66,GIS Fund,GIS Fund,System Updates/Programming,,This special fund is supported by recording fees charged on documents recorded by the County Recorder. The funds are used to support the development and maintenance of the County's Geographic Information System and other GIS-related expenditures. Funds are also used to pay a portion of employee salaries and benefits in the County Assessor's Office.,Supervisor of Assessments,0,0,0,0,0,0,0,0,0,0,0,0,0,0,0,0,0,0,0,0,0,60000,60000,0,0,0,0,0,0,18419,0,0,0,0,0,0,0,0,0,0,0,0,0,0,0,0,0,0,0,0,0,118676.00,58316,9000,0,0,0,0,0,0,18419,0
Special Purpose Fund,Special Purposes Funds are funds that house monies collected by fees by the various departments and offices of the County that by state statute can only be spent on certain expenses.,2,66,GIS Fund,GIS Fund,Scanning Documents,,This special fund is supported by recording fees charged on documents recorded by the County Recorder. The funds are used to support the development and maintenance of the County's Geographic Information System and other GIS-related expenditures. Funds are also used to pay a portion of employee salaries and benefits in the County Assessor's Office.,Supervisor of Assessments,0,0,0,0,0,0,0,0,0,0,0,0,0,0,0,0,0,0,0,0,0,139113,0,170782,186891,143000,81240,81240,81240,74425,33000,0,0,0,0,0,0,0,0,0,0,0,0,0,0,0,0,0,0,0,0,74090.00,139113,0,88194,143000,26821,2430,70446,3537,3060,6800
Special Purpose Fund,Special Purposes Funds are funds that house monies collected by fees by the various departments and offices of the County that by state statute can only be spent on certain expenses.,2,66,GIS Fund,GIS Fund,Equipment Repair & Maintenance,,This special fund is supported by recording fees charged on documents recorded by the County Recorder. The funds are used to support the development and maintenance of the County's Geographic Information System and other GIS-related expenditures. Funds are also used to pay a portion of employee salaries and benefits in the County Assessor's Office.,Supervisor of Assessments,0,0,0,0,0,0,0,0,0,0,0,0,0,0,0,0,0,0,0,0,0,7315,39921,0,38408,0,0,12000,10000,10000,5359,0,0,0,0,0,0,0,0,0,0,0,0,0,0,0,0,0,0,0,0,13974.00,7315,35166,0,35800,0,0,0,51430,0,0
Special Purpose Fund,Special Purposes Funds are funds that house monies collected by fees by the various departments and offices of the County that by state statute can only be spent on certain expenses.,2,66,GIS Fund,GIS Fund,Maintenance Agreements,,This special fund is supported by recording fees charged on documents recorded by the County Recorder. The funds are used to support the development and maintenance of the County's Geographic Information System and other GIS-related expenditures. Funds are also used to pay a portion of employee salaries and benefits in the County Assessor's Office.,Supervisor of Assessments,0,0,0,0,0,0,0,0,0,0,0,0,0,0,0,0,0,0,0,0,0,0,0,33538,0,38500,38500,38500,38500,38659,44641,0,0,0,0,0,0,0,0,0,0,0,0,0,0,0,0,0,0,0,0,0,0,0,30938,0,8520,12860,19984,15032,12259,26909
Special Purpose Fund,Special Purposes Funds are funds that house monies collected by fees by the various departments and offices of the County that by state statute can only be spent on certain expenses.,2,67,Mental Deficiency Fund,Mental Deficiency Fund,Cash Disbursements to Schools,,This special fund budget collects funding resulting from the county tax levy to be distributed to Macoupin Center for the Developmentally Disabled and the Illinois Valley Economic Development Corporation on a quarterly basis.,County Board Office,62250,68000,68000,73000,83000,83000,83000,88000,103000,52000,52000,52000,52000,52000,52000,52000,52000,52000,52000,0,0,52000,52000,52000,52000,52000,52000,52000,52000,82500,60000,37000,97000,0,67000,82000,87000,87014,87000,122000,34500,51999,52000,52000,52000,52000,52000,52000,52000,52000,0,0,52000,52000,52000,52000,52000,52000,52000,34500,71004,55000
Special Purpose Fund,Special Purposes Funds are funds that house monies collected by fees by the various departments and offices of the County that by state statute can only be spent on certain expenses.,2,67,Mental Deficiency Fund,Mental Deficiency Fund,Macoupin County Association of Mentally Handicapped Children,,This special fund budget collects funding resulting from the county tax levy to be distributed to Macoupin Center for the Developmentally Disabled and the Illinois Valley Economic Development Corporation on a quarterly basis.,County Board Office,0,0,0,0,0,0,0,0,0,0,0,0,0,0,0,0,0,0,0,0,0,0,0,0,0,0,0,0,0,0,0,0,0,0,0,0,0,0,0,0,0,0,0,0,0,0,0,0,0,0,0,0,0,0,0,0,0,0,0,0,0,0
Special Purpose Fund,Special Purposes Funds are funds that house monies collected by fees by the various departments and offices of the County that by state statute can only be spent on certain expenses.,2,67,Mental Deficiency Fund,Mental Deficiency Fund,Illinois Valley Development Corporation,,This special fund budget collects funding resulting from the county tax levy to be distributed to Macoupin Center for the Developmentally Disabled and the Illinois Valley Economic Development Corporation on a quarterly basis.,County Board Office,0,0,0,0,0,0,0,0,0,0,0,0,0,0,0,0,0,0,0,52000,52000,0,0,0,0,0,0,0,0,0,0,0,0,0,0,0,0,0,0,0,0,0,0,0,0,0,0,0,0,0,52000,52000.00,0,0,0,0,0,0,0,0,0,0
Special Purpose Fund,Special Purposes Funds are funds that house monies collected by fees by the various departments and offices of the County that by state statute can only be spent on certain expenses.,2,69,Sheriff's Equipment Grant,Sheriff's Equipment Grant,Equipment,,This special fund housed a one time grant used by the Sheriff's office to buy equipment for deputies. Any current grants are now housed in the Grant Fund.,Sheriff,0,0,0,0,0,0,0,0,0,0,0,0,0,0,0,0,0,0,0,0,0,0,0,0,0,0,0,0,0,0,0,0,0,0,0,0,0,17030,0,0,0,0,0,0,0,0,0,0,0,0,0,0,0,0,0,0,0,0,0,0,0,0
Special Purpose Fund,Special Purposes Funds are funds that house monies collected by fees by the various departments and offices of the County that by state statute can only be spent on certain expenses.,2,70,Rural Water Grant,Rural Water Grant,Capital Outlay,,This special fund was used for a one time grant to improve rural water systems. The fund was abolished in 2007.,County Board Office,0,0,0,0,0,0,0,0,0,0,0,0,0,0,0,0,0,0,0,0,0,0,0,0,0,0,0,0,0,0,0,0,0,0,0,0,0,0,0,362200,37900,0,0,0,0,0,0,0,0,0,0,0,0,0,0,0,0,0,0,0,0,0
Special Purpose Fund,Special Purposes Funds are funds that house monies collected by fees by the various departments and offices of the County that by state statute can only be spent on certain expenses.,2,72,Solid Waste Management Fund,Solid Waste Management Fund,Miscellaneous,,This fund was set up as part of the state's requirement for a solid waste management plan and implementation of it. The fund was abolished in 2007.,County Board Office,0,0,1000,0,0,12100,0,0,0,0,0,915,0,0,0,0,0,0,0,0,0,0,0,0,0,0,0,0,0,0,0,0,0,0,0,0,0,0,0,0,0,0,915,0,0,0,0,0,0,0,0,0,0,0,0,0,0,0,0,0,0,0
Special Purpose Fund,Special Purposes Funds are funds that house monies collected by fees by the various departments and offices of the County that by state statute can only be spent on certain expenses.,2,73,Vital Records Automation,Vital Records Automation,Scanning Documents,,This fund was set up as part of the state's requirement for a solid waste management plan and implementation of it. The fund was abolished in 2007.,County Board Office,0,0,0,0,0,0,0,0,0,0,0,0,0,0,0,0,0,0,0,0,0,0,0,0,0,0,0,0,0,0,0,0,0,0,0,0,0,0,0,0,0,0,0,0,0,0,0,0,0,0,0,0,0,0,0,0,0,0,0,0,0,0
Special Purpose Fund,Special Purposes Funds are funds that house monies collected by fees by the various departments and offices of the County that by state statute can only be spent on certain expenses.,2,73,Vital Records Automation,Vital Records Automation,Miscellaneous,,"This fund was established as a result of Resolution 2007.56 and is a fund under the control of the County Clerk for the development, maintenance, and improvement of technology in the County Clerk's office.",County Clerk,0,0,0,0,0,0,0,0,0,0,0,0,0,0,1300,13000,3000,3000,3000,50000,10000,10000,10000,10000,10000,20000,10001,10000,10000,10000,10000,0,0,0,0,0,0,0,0,0,0,0,0,0,0,1290,4073,2165,2269,3000,50000,10000.00,8916,5664,9987,20000,13399,6955,9073,1408,3760,490
Special Purpose Fund,Special Purposes Funds are funds that house monies collected by fees by the various departments and offices of the County that by state statute can only be spent on certain expenses.,2,74,County Tax Sale Fund,County Tax Sale Fund,General Government,,,County Tax Expenses,1000,22000,22000,22000,50000,50000,0,50000,50000,0,0,0,40000,0,0,0,0,0,0,0,0,0,0,0,0,0,0,0,0,0,0,0,0,0,0,1759,0,0,0,0,0,1,0,0,0,0,0,0,0,0,0,0,0,0,0,0,0,0,0,0,0,0
Special Purpose Fund,Special Purposes Funds are funds that house monies collected by fees by the various departments and offices of the County that by state statute can only be spent on certain expenses.,2,75,States Attorney - DUI Task Force ,States Attorney - DUI Task Force ,Miscellaneous,,,State's Attorney,0,0,0,0,0,0,0,0,0,0,0,0,0,0,0,0,0,0,0,0,0,0,0,0,0,0,0,0,0,0,0,0,0,0,51,0,0,0,0,0,0,0,0,0,0,0,0,0,0,0,0,0,0,0,0,0,0,0,0,0,0,0
Special Purpose Fund,Special Purposes Funds are funds that house monies collected by fees by the various departments and offices of the County that by state statute can only be spent on certain expenses.,2,76,Delinquent Real Estate Taxes Liquidation Fund,Delinquent Real Estate Taxes Liquidation Fund,Miscellaneous,,This special fund is composed from a percentage of receipts from the County's delinquent tax program and funds are used to pay for publication and other related costs of the program.,County Tax Expenses,0,0,0,2000,2000,5000,2000,2000,2000,2000,144000,4000,4000,4000,20000,4000,4000,4000,5000,0,0,5000,10000,273160,5000,5000,5000,5000,0,5000,0,0,0,0,241,4433,1094,1226,1748,186617,3534,143634,2774,2028,2613,4411,1426,3570,2398,4870,0,7486,7366,7101,273160,5000,16345,5499,0,4403,6727,8960
Special Purpose Fund,Special Purposes Funds are funds that house monies collected by fees by the various departments and offices of the County that by state statute can only be spent on certain expenses.,2,77,Real Estate Stamp Fund,Real Estate Stamp Fund,Salaries,,"Anyone who buys property within county limits must purchase real estate transfer tax stamps. This purpose of this fund was to fund the County Clerk's purchase of those physical real estate transfer tax stamps throughout the course of the fiscal year. For every stamp that is purchased through this line item, the county is reimbursed. The fund was abolished in 2011 and all real estate stamp transactions are handled in the General Fund.",County Clerk,0,0,0,0,0,0,0,0,0,0,0,0,0,0,27000,0,0,0,0,0,0,0,0,0,0,0,0,0,0,0,0,0,0,95287,0,0,0,0,0,0,0,0,0,0,0,10827,14321,0,0,0,0,0,0,0,0,0,0,0,0,0,0,0
Special Purpose Fund,Special Purposes Funds are funds that house monies collected by fees by the various departments and offices of the County that by state statute can only be spent on certain expenses.,2,77,Real Estate Stamp Fund,Real Estate Stamp Fund,Commodities,,"Anyone who buys property within county limits must purchase real estate transfer tax stamps. This purpose of this fund was to fund the County Clerk's purchase of those physical real estate transfer tax stamps throughout the course of the fiscal year. For every stamp that is purchased through this line item, the county is reimbursed. The fund was abolished in 2011 and all real estate stamp transactions are handled in the General Fund.",County Clerk,0,0,0,0,0,0,0,0,0,0,0,0,0,0,0,0,0,0,0,0,0,0,0,0,0,0,0,0,0,0,0,0,0,0,0,0,0,0,0,0,0,0,0,0,0,0,0,0,0,0,0,0,0,0,0,0,0,0,0,0,0,0
Special Purpose Fund,Special Purposes Funds are funds that house monies collected by fees by the various departments and offices of the County that by state statute can only be spent on certain expenses.,2,77,Real Estate Stamp Fund,Real Estate Stamp Fund,Supplies,,"Anyone who buys property within county limits must purchase real estate transfer tax stamps. This purpose of this fund was to fund the County Clerk's purchase of those physical real estate transfer tax stamps throughout the course of the fiscal year. For every stamp that is purchased through this line item, the county is reimbursed. The fund was abolished in 2011 and all real estate stamp transactions are handled in the General Fund.",County Clerk,150000,175000,175000,175000,175000,175000,175000,90000,96000,125000,121000,300000,215000,150000,13000,55000,60000,3,0,0,0,0,0,0,0,0,0,0,0,0,0,66951,75115,0,111864,175000,73079,208084,103057,93674,106752,120049,189109,177318,14863,9199,29010,59999,0,0,0,0,0,0,0,0,0,0,0,0,0,0
Special Purpose Fund,Special Purposes Funds are funds that house monies collected by fees by the various departments and offices of the County that by state statute can only be spent on certain expenses.,2,78,Sheriff's Drug Fund,Sheriff's Drug Fund,Miscellaneous,,"This fund is composed of restitution money from fines paid to the Circuit Clerk's Traffic and Criminal office by individuals arrested on drug charges. Also, forfeited funds are deposited per statute 720 ILCS 550/12 (g)(1).",Sheriff,0,0,0,0,0,0,0,0,0,0,0,3000,3000,3000,3000,3000,3000,3000,3800,1000,1000,1000,1000,1000,1000,0,0,0,0,0,2100,0,0,228,0,0,1340,492,1665,0,4063,289,1225,1525,0,700,700,0,0,0,0,0,0,0,0,0,0,46706,61,755,97,40
Special Purpose Fund,Special Purposes Funds are funds that house monies collected by fees by the various departments and offices of the County that by state statute can only be spent on certain expenses.,2,79,Document Storage Fund,Document Storage Fund,Salaries,,This special fund collects fees paid to the Circuit Clerk's office through the Court process and are available for use to support the costs of improving and automating the Circuit Clerk's document storage operations with the future goal of going to a paperless system in such instances that are allowable under statute.,Circuit Clerk,0,0,0,0,0,0,0,0,0,0,0,0,0,0,32959,300,300,300,300,0,0,0,0,0,0,0,0,0,0,0,0,0,0,0,0,0,0,0,0,0,0,0,0,0,0,32959,0,0,0,0,0,0,0,0,0,0,0,0,0,0,0,0
Special Purpose Fund,Special Purposes Funds are funds that house monies collected by fees by the various departments and offices of the County that by state statute can only be spent on certain expenses.,2,79,Document Storage Fund,Document Storage Fund,Supplies,,This special fund collects fees paid to the Circuit Clerk's office through the Court process and are available for use to support the costs of improving and automating the Circuit Clerk's document storage operations with the future goal of going to a paperless system in such instances that are allowable under statute.,Circuit Clerk,31500,18921,5000,13250,5000,5000,5000,5000,5000,11500,5000,5000,5000,4531,2369,3400,1604,3400,12368,20000,20000,3000,16764,36135,21426,38500,40000,36730,41434,41434,41434,34595,4795,0,139,593,2864,787,1416,661,1229,4927,2897,2442,3072,832,3362,1604,2922,12368,5286,10201.00,1442,16764,25279,38500,10092,7649,10629,7287,12184,14981
Special Purpose Fund,Special Purposes Funds are funds that house monies collected by fees by the various departments and offices of the County that by state statute can only be spent on certain expenses.,2,79,Document Storage Fund,Document Storage Fund,Utilities,,This special fund collects fees paid to the Circuit Clerk's office through the Court process and are available for use to support the costs of improving and automating the Circuit Clerk's document storage operations with the future goal of going to a paperless system in such instances that are allowable under statute.,Circuit Clerk,0,0,0,0,0,0,0,0,0,0,0,0,0,0,0,0,0,0,0,0,0,0,0,1500,0,0,6500,6500,5500,5500,5500,0,0,0,0,0,0,0,0,0,0,0,0,0,0,0,0,0,0,0,0,0,0,0,2518,0,0,2259,1811,1581,1745,2069
Special Purpose Fund,Special Purposes Funds are funds that house monies collected by fees by the various departments and offices of the County that by state statute can only be spent on certain expenses.,2,79,Document Storage Fund,Document Storage Fund,Travel,,This special fund collects fees paid to the Circuit Clerk's office through the Court process and are available for use to support the costs of improving and automating the Circuit Clerk's document storage operations with the future goal of going to a paperless system in such instances that are allowable under statute.,Circuit Clerk,0,0,1500,0,1500,1500,1500,1500,1500,0,0,0,0,0,0,0,0,0,0,0,0,0,0,0,0,0,0,0,0,0,0,0,0,0,0,0,0,0,0,0,0,0,0,0,0,0,0,0,0,0,0,0,0,0,0,0,0,0,0,0,0,0
Special Purpose Fund,Special Purposes Funds are funds that house monies collected by fees by the various departments and offices of the County that by state statute can only be spent on certain expenses.,2,79,Document Storage Fund,Document Storage Fund,Equipment,,This special fund collects fees paid to the Circuit Clerk's office through the Court process and are available for use to support the costs of improving and automating the Circuit Clerk's document storage operations with the future goal of going to a paperless system in such instances that are allowable under statute.,Circuit Clerk,0,0,15000,13250,15000,15000,15000,15000,15000,15000,15000,15000,15000,13656,4681,1000,3142,1000,1280,1000,1000,0,3650,0,4500,6500,0,0,0,0,0,0,0,0,180,0,0,26085,1060,2378,2064,12157,11433,1744,9656,4630,0,3142,0,1280,0,1000.00,0,2680,0,6500,2375,0,0,0,0,0
Special Purpose Fund,Special Purposes Funds are funds that house monies collected by fees by the various departments and offices of the County that by state statute can only be spent on certain expenses.,2,79,Document Storage Fund,Document Storage Fund,"Mileage, Dues, & Conventions",,This special fund collects fees paid to the Circuit Clerk's office through the Court process and are available for use to support the costs of improving and automating the Circuit Clerk's document storage operations with the future goal of going to a paperless system in such instances that are allowable under statute.,Circuit Clerk,0,0,0,0,0,0,0,0,0,0,0,1500,1500,0,300,500,100,100,100,100,100,365,365,365,0,0,0,0,0,0,0,0,0,0,0,0,0,0,0,0,0,0,0,0,0,0,0,0,0,0,0,100,0,0,0,0,0,0,0,0,0,0
Special Purpose Fund,Special Purposes Funds are funds that house monies collected by fees by the various departments and offices of the County that by state statute can only be spent on certain expenses.,2,79,Document Storage Fund,Document Storage Fund,Education/Training,,This special fund collects fees paid to the Circuit Clerk's office through the Court process and are available for use to support the costs of improving and automating the Circuit Clerk's document storage operations with the future goal of going to a paperless system in such instances that are allowable under statute.,Circuit Clerk,0,7579,3500,0,3500,3500,3500,3500,3500,0,0,3500,3500,0,200,300,100,100,100,100,100,500,500,500,0,0,0,0,0,0,0,0,7579,0,0,0,477,364,0,0,0,0,0,0,0,0,0,0,0,99,0,100,0,0,0,0,0,0,0,0,0,0
Special Purpose Fund,Special Purposes Funds are funds that house monies collected by fees by the various departments and offices of the County that by state statute can only be spent on certain expenses.,2,79,Document Storage Fund,Document Storage Fund,System Updates/Programming,,This special fund collects fees paid to the Circuit Clerk's office through the Court process and are available for use to support the costs of improving and automating the Circuit Clerk's document storage operations with the future goal of going to a paperless system in such instances that are allowable under statute.,Circuit Clerk,0,0,1500,0,1500,1500,1500,1500,1500,0,0,1500,1500,0,1000,1000,550,896,896,1000,51000,500,500,1500,18574,0,0,0,0,0,0,0,0,0,0,0,1029,50,0,0,0,0,0,0,0,0,0,0,0,0,0,1000.00,0,500,0,0,0,0,0,0,0,0
Special Purpose Fund,Special Purposes Funds are funds that house monies collected by fees by the various departments and offices of the County that by state statute can only be spent on certain expenses.,2,79,Document Storage Fund,Document Storage Fund,Miscellaneous,,This special fund collects fees paid to the Circuit Clerk's office through the Court process and are available for use to support the costs of improving and automating the Circuit Clerk's document storage operations with the future goal of going to a paperless system in such instances that are allowable under statute.,Circuit Clerk,0,0,0,0,0,0,0,0,0,0,0,0,0,8313,4991,165000,90704,90704,31456,24300,24300,635,3221,4500,4066,3566,2066,5336,3066,3066,3066,0,0,45785,0,0,0,0,0,0,0,0,0,0,7191,4298,1062,171,0,750,7975,530,635,402,0,3566,1763,616,2616,0,408,340
Special Purpose Fund,Special Purposes Funds are funds that house monies collected by fees by the various departments and offices of the County that by state statute can only be spent on certain expenses.,2,79,Document Storage Fund,Document Storage Fund,Transfer Out,,This special fund collects fees paid to the Circuit Clerk's office through the Court process and are available for use to support the costs of improving and automating the Circuit Clerk's document storage operations with the future goal of going to a paperless system in such instances that are allowable under statute.,Circuit Clerk,0,0,0,0,0,0,0,0,0,0,0,0,0,0,0,0,0,0,50000,50000,0,50000,150000,0,0,0,0,0,50000,50000,0,0,0,0,0,0,0,0,0,0,0,0,0,0,0,0,0,0,0,50000,50000,50000.00,50000,150000,0,50000,0,0,0,50000,14337,0
Special Purpose Fund,Special Purposes Funds are funds that house monies collected by fees by the various departments and offices of the County that by state statute can only be spent on certain expenses.,2,80,Recorder's Microfilm Fund,Recorder's Microfilm Fund,Commodities,,This fund was established as a result of Public Act 83-1231 and the fee through county Resolution 1984.61. The Public Act allows for County Boards to authorize the charging of a fee for the use of electronic data processing to aid in the electronic conversion of document storage in the Recorder's Office.,County Clerk,0,0,0,0,0,0,0,0,0,0,0,0,0,0,0,0,0,0,0,0,0,0,0,0,0,0,0,15342,4000,0,0,0,0,0,0,0,0,0,0,0,0,0,0,0,0,0,0,0,0,0,0,0,0,0,0,0,0,0,15342,0,0,0
Special Purpose Fund,Special Purposes Funds are funds that house monies collected by fees by the various departments and offices of the County that by state statute can only be spent on certain expenses.,2,80,Recorder's Microfilm Fund,Recorder's Microfilm Fund,Supplies,,This fund was established as a result of Public Act 83-1231 and the fee through county Resolution 1984.61. The Public Act allows for County Boards to authorize the charging of a fee for the use of electronic data processing to aid in the electronic conversion of document storage in the Recorder's Office.,County Clerk,75000,125000,125000,125000,125000,125000,125000,60000,55000,71479,60000,66000,15000,15000,18500,15000,20000,30000,30000,40000,40000,80000,55000,70000,80000,55000,54999,54658,51000,0,0,18887,24639,0,41207,77427,53033,116023,48703,53962,49243,59175,65876,14977,12245,18426,10077,16231,20405,30000,39997,100000.00,49015,26523,57950,55000,27119,48333,51627,34500,0,3085
Special Purpose Fund,Special Purposes Funds are funds that house monies collected by fees by the various departments and offices of the County that by state statute can only be spent on certain expenses.,2,80,Recorder's Microfilm Fund,Recorder's Microfilm Fund,Transfer Out,,This fund was established as a result of Public Act 83-1231 and the fee through county Resolution 1984.61. The Public Act allows for County Boards to authorize the charging of a fee for the use of electronic data processing to aid in the electronic conversion of document storage in the Recorder's Office.,County Clerk,0,0,0,0,0,0,0,0,0,0,0,0,0,0,0,0,0,0,25000,0,0,0,0,0,0,0,0,0,0,0,0,0,0,0,0,0,0,0,0,0,0,0,0,0,0,0,0,0,0,25000,0,0,0,0,0,0,0,0,0,0,0,0
Special Purpose Fund,Special Purposes Funds are funds that house monies collected by fees by the various departments and offices of the County that by state statute can only be spent on certain expenses.,2,80,Recorder's Microfilm Fund,Recorder's Microfilm Fund,System Updates/Programming,,This fund was established as a result of Public Act 83-1231 and the fee through county Resolution 1984.61. The Public Act allows for County Boards to authorize the charging of a fee for the use of electronic data processing to aid in the electronic conversion of document storage in the Recorder's Office.,County Clerk,0,0,0,0,0,0,0,0,0,0,0,0,0,0,0,0,0,0,0,0,0,0,0,0,0,0,0,0,0,51000,0,0,0,0,0,0,0,0,0,0,0,0,0,0,0,0,0,0,0,0,0,0,0,0,0,0,0,0,0,0,30565,51915
Special Purpose Fund,Special Purposes Funds are funds that house monies collected by fees by the various departments and offices of the County that by state statute can only be spent on certain expenses.,2,80,Recorder's Microfilm Fund,Recorder's Microfilm Fund,Online Index Books Solution,,This fund was established as a result of Public Act 83-1231 and the fee through county Resolution 1984.61. The Public Act allows for County Boards to authorize the charging of a fee for the use of electronic data processing to aid in the electronic conversion of document storage in the Recorder's Office.,County Clerk,0,0,0,0,0,0,0,0,0,0,0,0,0,0,0,0,0,0,0,0,0,0,0,0,0,0,0,0,0,0,0,0,0,0,0,0,0,0,0,0,0,0,0,0,0,0,0,0,0,0,0,0,0,0,0,0,0,0,0,0,0,0
Special Purpose Fund,Special Purposes Funds are funds that house monies collected by fees by the various departments and offices of the County that by state statute can only be spent on certain expenses.,2,80,Recorder's Microfilm Fund,Recorder's Microfilm Fund,Scanning Documents,,This fund was established as a result of Public Act 83-1231 and the fee through county Resolution 1984.61. The Public Act allows for County Boards to authorize the charging of a fee for the use of electronic data processing to aid in the electronic conversion of document storage in the Recorder's Office.,County Clerk,0,0,0,0,0,0,0,0,0,0,0,0,0,0,0,0,0,0,0,0,0,0,0,0,0,0,0,0,0,0,0,0,0,0,0,0,0,0,0,0,0,0,0,0,0,0,0,0,0,0,0,0,0,0,0,0,0,0,0,0,0,0
Special Purpose Fund,Special Purposes Funds are funds that house monies collected by fees by the various departments and offices of the County that by state statute can only be spent on certain expenses.,2,80,Recorder's Microfilm Fund,Recorder's Microfilm Fund,Equipment Repairs & Maintenance,,This fund was established as a result of Public Act 83-1231 and the fee through county Resolution 1984.61. The Public Act allows for County Boards to authorize the charging of a fee for the use of electronic data processing to aid in the electronic conversion of document storage in the Recorder's Office.,County Clerk,0,0,0,0,0,0,0,0,0,0,0,0,0,0,0,0,0,0,0,0,0,0,0,0,0,0,0,0,0,0,0,0,0,0,0,0,0,0,0,0,0,0,0,0,0,0,0,0,0,0,0,0,0,0,0,0,0,0,0,0,0,0
Special Purpose Fund,Special Purposes Funds are funds that house monies collected by fees by the various departments and offices of the County that by state statute can only be spent on certain expenses.,2,81,Treasurer's Automation Fees Account,Treasurer's Automation Fees Account,Salaries,,"This fund, under the authority of the Treasurer, is used primarily for office automation and training costs.",County Treasurer,0,0,4000,0,0,0,0,0,0,0,0,0,0,0,10000,15000,28000,23200,6000,0,0,0,362,0,33000,0,941,0,1500,1500,0,0,0,68751,0,0,0,0,0,0,0,0,0,0,0,7572,15000,28000,10657,0,0,6575.00,0,362,0,36000,0,941,0,0,0,982
Special Purpose Fund,Special Purposes Funds are funds that house monies collected by fees by the various departments and offices of the County that by state statute can only be spent on certain expenses.,2,81,Treasurer's Automation Fees Account,Treasurer's Automation Fees Account,Miscellaneous,,"This fund, under the authority of the Treasurer, is used primarily for office automation and training costs.",County Treasurer,0,0,0,0,0,1000,2500,2500,6000,5000,6000,8100,20000,10000,0,0,0,0,24000,30000,25000,25000,64638,42000,3000,36000,33520,33000,33001,33000,0,0,0,0,0,0,0,451,5351,1802,1346,5388,8065,17241,8267,0,0,0,0,9221,13295,4147.00,11611,26550,17515,0,10266,33622,54701,12182,20168,33519
Special Purpose Fund,Special Purposes Funds are funds that house monies collected by fees by the various departments and offices of the County that by state statute can only be spent on certain expenses.,2,82,Law Library Fund,Law Library Fund,Books & Supplies,,The Law Library is provided as a public service in the County Courthouse. The acquisition and operating costs are paid for with law library fee revenue.,Presiding Circuit Judge,17500,16000,50000,17000,25818,17000,20000,20000,20000,20000,20000,25000,27962,30000,30000,30000,30000,30000,30000,30000,30000,30000,29250,29250,29249,29250,29250,30001,31500,35000,0,14390,14768,0,10115,21209,14988,16239,17466,19616,18165,19986,24987,27668,25266,29843,20738,19554,19726,22549,22200,22882.00,22016,25619,27837,1950,28459,29352,27862,29058,31170,35000
Special Purpose Fund,Special Purposes Funds are funds that house monies collected by fees by the various departments and offices of the County that by state statute can only be spent on certain expenses.,2,83,Court Security Fund,Court Security Fund,Salaries & Fringe Reimbursement,,This fund receives fees ranging from $5 to $25 on civil and criminal cases (depending on the type the case) and is used for court-security related expenses. This fund will also help defray the cost of court security employees of the Sheriff's office by transferring funds to the General Fund before or at the end of the fiscal year to partially reimburse salary costs for such employees.,Sheriff,0,0,0,0,0,0,60000,100000,125000,0,125000,125000,125000,80000,80000,80000,195366,180000,18000,18000,83000,9000,18000,35000,16000,16000,16000,16000,0,0,0,0,0,2738,0,0,2172,3315,2602,5446,13249,2688,3284,2177,220,8067,2542,2924,5231,14326,5016,5693.00,4069,3468,21353,16000,3468,3542,14435,0,0,0
Special Purpose Fund,Special Purposes Funds are funds that house monies collected by fees by the various departments and offices of the County that by state statute can only be spent on certain expenses.,2,83,Court Security Fund,Court Security Fund,Transfer Out,,This fund receives fees ranging from $5 to $25 on civil and criminal cases (depending on the type the case) and is used for court-security related expenses. This fund will also help defray the cost of court security employees of the Sheriff's office by transferring funds to the General Fund before or at the end of the fiscal year to partially reimburse salary costs for such employees.,Sheriff,0,0,0,0,0,0,0,0,0,0,0,0,0,0,0,0,0,0,65000,65000,0,106000,65000,65000,65000,65000,65000,65000,65000,65000,0,0,0,2582,0,0,0,0,0,0,0,0,0,0,0,0,0,0,0,65000,65000,0,106000,65000,65000,65000,65000,65000,65000,65000,65000,65000
Special Purpose Fund,Special Purposes Funds are funds that house monies collected by fees by the various departments and offices of the County that by state statute can only be spent on certain expenses.,2,84,Court Automation Fund,Court Automation Fund,Salaries,,This fund was established by Resolution 1991.01 in an effort to defray the cost of establishing and maintaining automated record keeping systems in the offices of the Circuit Court. County Boards were given the authority to require Clerks of the Court to collect a fee in certain cases to help defray these costs.,Circuit Clerk,0,0,8500,0,0,0,0,0,0,0,0,0,0,0,0,3420,3697,4876,7707,8229,8229,12000,12000,2000,2000,3000,2000,2000,2000,2000,0,0,0,1686,0,0,0,0,0,0,0,0,0,0,1660,0,3418,3697,4876,7707,8229,9180.00,4648,2481,1954,3000,2346,1620,1201,1548,1324,2200
Special Purpose Fund,Special Purposes Funds are funds that house monies collected by fees by the various departments and offices of the County that by state statute can only be spent on certain expenses.,2,84,Court Automation Fund,Court Automation Fund,Office Supplies,,This fund was established by Resolution 1991.01 in an effort to defray the cost of establishing and maintaining automated record keeping systems in the offices of the Circuit Court. County Boards were given the authority to require Clerks of the Court to collect a fee in certain cases to help defray these costs.,Circuit Clerk,0,0,1204,0,0,1500,1000,1000,1000,2000,1000,1000,1000,1100,4668,4600,10970,3298,3356,8487,8487,9000,9000,9915,9915,9915,9915,9915,9000,7406,0,0,0,4450,0,0,0,1706,1626,0,0,249,4,25,851,4668,4582,10970,3298,3356,8487,6344.00,5856,6460,9428,9915,8074,7094,4426,8899,7336,9000
Special Purpose Fund,Special Purposes Funds are funds that house monies collected by fees by the various departments and offices of the County that by state statute can only be spent on certain expenses.,2,84,Court Automation Fund,Court Automation Fund,Miscellaneous,,This fund was established by Resolution 1991.01 in an effort to defray the cost of establishing and maintaining automated record keeping systems in the offices of the Circuit Court. County Boards were given the authority to require Clerks of the Court to collect a fee in certain cases to help defray these costs.,Circuit Clerk,0,0,5000,0,0,2000,1000,1000,1000,0,0,0,0,0,0,0,0,0,20908,20908,20908,35000,24000,17245,9245,16245,0,12245,2000,189,0,0,0,25116,0,0,378,0,0,0,0,0,0,0,0,0,0,0,0,15390,6399,458,370,10868,16534,16245,8706,0,10341,0,187,9800
Special Purpose Fund,Special Purposes Funds are funds that house monies collected by fees by the various departments and offices of the County that by state statute can only be spent on certain expenses.,2,84,Court Automation Fund,Court Automation Fund,System Updates & Programming,,This fund was established by Resolution 1991.01 in an effort to defray the cost of establishing and maintaining automated record keeping systems in the offices of the Circuit Court. County Boards were given the authority to require Clerks of the Court to collect a fee in certain cases to help defray these costs.,Circuit Clerk,0,0,3500,0,0,5000,5000,5000,5000,5000,5000,2680,5000,400,8776,1605,4039,32376,32376,26722,26722,6000,6000,4897,4900,4900,4900,4900,1000,0,0,0,0,0,0,0,0,6853,4109,1140,1450,2430,0,208,580,8776,1604,4039,32376,5936,3241,4103.00,1497,3310,4563,49000,2914,1848,380,0,0,4000
Special Purpose Fund,Special Purposes Funds are funds that house monies collected by fees by the various departments and offices of the County that by state statute can only be spent on certain expenses.,2,84,Court Automation Fund,Court Automation Fund,Equipment Repairs & Maintenance,,This fund was established by Resolution 1991.01 in an effort to defray the cost of establishing and maintaining automated record keeping systems in the offices of the Circuit Court. County Boards were given the authority to require Clerks of the Court to collect a fee in certain cases to help defray these costs.,Circuit Clerk,0,0,23796,0,0,11000,16000,16000,16000,16000,16000,19876,16000,18864,26000,18750,41822,15797,23542,23542,23542,30000,41000,55036,63030,55030,53260,67030,62429,69420,0,0,0,0,0,0,23814,15224,13310,12391,12069,9431,19876,14205,19520,16046,18742,41822,15797,23542,14394,18653.00,23796,25151,52899,55030,33770,46787,45403,52941,64186,71570
Special Purpose Fund,Special Purposes Funds are funds that house monies collected by fees by the various departments and offices of the County that by state statute can only be spent on certain expenses.,2,84,Court Automation Fund,Court Automation Fund,Payment on Computers,,This fund was established by Resolution 1991.01 in an effort to defray the cost of establishing and maintaining automated record keeping systems in the offices of the Circuit Court. County Boards were given the authority to require Clerks of the Court to collect a fee in certain cases to help defray these costs.,Circuit Clerk,0,0,0,0,0,15884,0,0,0,0,0,0,0,0,0,0,0,0,10468,0,0,0,0,0,0,0,0,3910,16000,20986,0,0,0,0,0,0,630,0,0,0,0,0,0,0,0,0,0,0,0,3887,0,0,0,0,0,0,0,0,0,10528,18638,3430
Special Purpose Fund,Special Purposes Funds are funds that house monies collected by fees by the various departments and offices of the County that by state statute can only be spent on certain expenses.,2,84,Court Automation Fund,Court Automation Fund,"Books, Transcripts, & Periodicals",,This fund was established by Resolution 1991.01 in an effort to defray the cost of establishing and maintaining automated record keeping systems in the offices of the Circuit Court. County Boards were given the authority to require Clerks of the Court to collect a fee in certain cases to help defray these costs.,Circuit Clerk,0,0,0,0,0,0,0,0,0,0,0,0,0,0,473,3000,1168,1645,1645,1645,1645,1000,1000,0,0,0,0,0,0,0,0,0,0,0,0,0,0,0,0,0,0,0,0,0,0,473,50,503,772,0,0,0,0,0,0,0,0,0,0,0,0,0
Special Purpose Fund,Special Purposes Funds are funds that house monies collected by fees by the various departments and offices of the County that by state statute can only be spent on certain expenses.,2,84,Court Automation Fund,Court Automation Fund,Capital Outlay,,This fund was established by Resolution 1991.01 in an effort to defray the cost of establishing and maintaining automated record keeping systems in the offices of the Circuit Court. County Boards were given the authority to require Clerks of the Court to collect a fee in certain cases to help defray these costs.,Circuit Clerk,0,0,0,0,0,0,12384,12384,12384,12384,13384,26444,28000,39637,20083,28625,18302,42008,0,10468,10468,7000,7000,10907,10910,10910,29925,0,7571,0,0,0,0,0,0,0,0,0,9507,5984,0,5096,2263,11052,13933,9149,4684,18169,42009,0,1306,6732.00,5073,0,10907,10910,5740,29238,0,7571,0,0
Special Purpose Fund,Special Purposes Funds are funds that house monies collected by fees by the various departments and offices of the County that by state statute can only be spent on certain expenses.,2,85,Probation Fees Fund,Probation Fees Fund,Salaries,,This fund is statutorily authorized by 730 ILCS 110/15.1 and consists of fees collected by the court to be used strictly for costs of operating the Probation and Court Services Department in accordance with policies and guidelines approved by the Illinois Supreme Court. Probation fees may additionally be used to cover salary shortfalls of probation officers (as provided under 730 ILCS 110/15.1(h)) up to a set amount formulaically determined by the Administrative Office of the Illinois Courts (AOIC). Salary shortfalls beyond that set amount may not be covered by the Probation Fee Fund. The Department's FY 13-14 budget request includes the use of the estimated maximum shortfall authorization amount to cover anticipated county funding shortfalls.,Chief Probation and Court Services Officer,0,0,0,0,0,0,0,0,0,0,0,0,0,0,52771,0,0,0,0,0,0,0,0,0,0,0,0,0,0,11557,0,0,0,0,0,0,0,0,0,0,0,0,0,0,0,10671,0,0,0,0,0,0,0,0,0,0,0,0,0,0,11557,0
Special Purpose Fund,Special Purposes Funds are funds that house monies collected by fees by the various departments and offices of the County that by state statute can only be spent on certain expenses.,2,85,Probation Fees Fund,Probation Fees Fund,Supplies,,This fund is statutorily authorized by 730 ILCS 110/15.1 and consists of fees collected by the court to be used strictly for costs of operating the Probation and Court Services Department in accordance with policies and guidelines approved by the Illinois Supreme Court. Probation fees may additionally be used to cover salary shortfalls of probation officers (as provided under 730 ILCS 110/15.1(h)) up to a set amount formulaically determined by the Administrative Office of the Illinois Courts (AOIC). Salary shortfalls beyond that set amount may not be covered by the Probation Fee Fund. The Department's FY 13-14 budget request includes the use of the estimated maximum shortfall authorization amount to cover anticipated county funding shortfalls.,Chief Probation and Court Services Officer,0,0,0,0,0,12000,10000,12000,19200,10000,16000,14360,12330,62144,55473,17000,73963,72334,33500,26142,75000,26855,13271,16180,14000,14000,14000,10527,10000,0,0,0,0,0,0,0,10918,9244,6193,14231,7673,12691,13062,12347,12144,12881,14546,7416,12395,14666,18018,15592.00,12647,10313,7923,14000,8530,7087,10521,9703,0,10000
Special Purpose Fund,Special Purposes Funds are funds that house monies collected by fees by the various departments and offices of the County that by state statute can only be spent on certain expenses.,2,85,Probation Fees Fund,Probation Fees Fund,Repairs,,This fund is statutorily authorized by 730 ILCS 110/15.1 and consists of fees collected by the court to be used strictly for costs of operating the Probation and Court Services Department in accordance with policies and guidelines approved by the Illinois Supreme Court. Probation fees may additionally be used to cover salary shortfalls of probation officers (as provided under 730 ILCS 110/15.1(h)) up to a set amount formulaically determined by the Administrative Office of the Illinois Courts (AOIC). Salary shortfalls beyond that set amount may not be covered by the Probation Fee Fund. The Department's FY 13-14 budget request includes the use of the estimated maximum shortfall authorization amount to cover anticipated county funding shortfalls.,Chief Probation and Court Services Officer,0,0,0,0,0,0,0,0,0,0,0,19800,9670,0,0,0,0,0,0,0,0,6000,6000,6200,6463,8404,17226,9917,20577,11342,0,0,0,0,0,0,0,0,0,0,0,0,0,6571,0,0,0,0,0,0,0,0,4386,5070,5202,8404,7104,15290,7481,19577,6933,10000
Special Purpose Fund,Special Purposes Funds are funds that house monies collected by fees by the various departments and offices of the County that by state statute can only be spent on certain expenses.,2,85,Probation Fees Fund,Probation Fees Fund,Counseling,,This fund is statutorily authorized by 730 ILCS 110/15.1 and consists of fees collected by the court to be used strictly for costs of operating the Probation and Court Services Department in accordance with policies and guidelines approved by the Illinois Supreme Court. Probation fees may additionally be used to cover salary shortfalls of probation officers (as provided under 730 ILCS 110/15.1(h)) up to a set amount formulaically determined by the Administrative Office of the Illinois Courts (AOIC). Salary shortfalls beyond that set amount may not be covered by the Probation Fee Fund. The Department's FY 13-14 budget request includes the use of the estimated maximum shortfall authorization amount to cover anticipated county funding shortfalls.,Chief Probation and Court Services Officer,0,0,0,0,0,0,0,0,0,0,0,30640,0,0,0,0,0,0,0,0,0,0,0,25000,25000,20000,20000,20000,8790,8658,0,0,0,0,0,0,0,0,0,0,0,0,30640,0,0,0,0,0,0,0,0,0,0,0,16680,20000,6705,11495,7185,4136,3196,5000
Special Purpose Fund,Special Purposes Funds are funds that house monies collected by fees by the various departments and offices of the County that by state statute can only be spent on certain expenses.,2,85,Probation Fees Fund,Probation Fees Fund,Administration,,This fund is statutorily authorized by 730 ILCS 110/15.1 and consists of fees collected by the court to be used strictly for costs of operating the Probation and Court Services Department in accordance with policies and guidelines approved by the Illinois Supreme Court. Probation fees may additionally be used to cover salary shortfalls of probation officers (as provided under 730 ILCS 110/15.1(h)) up to a set amount formulaically determined by the Administrative Office of the Illinois Courts (AOIC). Salary shortfalls beyond that set amount may not be covered by the Probation Fee Fund. The Department's FY 13-14 budget request includes the use of the estimated maximum shortfall authorization amount to cover anticipated county funding shortfalls.,Chief Probation and Court Services Officer,0,0,0,0,0,0,0,25000,27153,13553,1200,0,0,0,0,0,0,0,0,0,0,0,0,0,11000,0,0,0,0,0,0,0,0,0,0,0,0,0,14968,20498,4341,0,0,0,0,0,0,0,0,0,0,0,0,0,0,13000,0,0,0,0,0,0
Special Purpose Fund,Special Purposes Funds are funds that house monies collected by fees by the various departments and offices of the County that by state statute can only be spent on certain expenses.,2,85,Probation Fees Fund,Probation Fees Fund,Travel,,This fund is statutorily authorized by 730 ILCS 110/15.1 and consists of fees collected by the court to be used strictly for costs of operating the Probation and Court Services Department in accordance with policies and guidelines approved by the Illinois Supreme Court. Probation fees may additionally be used to cover salary shortfalls of probation officers (as provided under 730 ILCS 110/15.1(h)) up to a set amount formulaically determined by the Administrative Office of the Illinois Courts (AOIC). Salary shortfalls beyond that set amount may not be covered by the Probation Fee Fund. The Department's FY 13-14 budget request includes the use of the estimated maximum shortfall authorization amount to cover anticipated county funding shortfalls.,Chief Probation and Court Services Officer,0,0,0,0,0,20000,5000,15000,5500,4400,6000,5200,5000,8000,8000,4000,3037,8500,8500,10000,10000,10000,11810,10500,10427,10590,10500,7588,8655,6600,0,0,0,41750,0,0,3692,3854,1031,3102,4054,4270,5143,4915,5601,4584,3151,3036,8168,7470,5391,4845.00,2923,11791,6265,10590,5152,10500,1435,1266,4632,7100
Special Purpose Fund,Special Purposes Funds are funds that house monies collected by fees by the various departments and offices of the County that by state statute can only be spent on certain expenses.,2,85,Probation Fees Fund,Probation Fees Fund,Equipment,,This fund is statutorily authorized by 730 ILCS 110/15.1 and consists of fees collected by the court to be used strictly for costs of operating the Probation and Court Services Department in accordance with policies and guidelines approved by the Illinois Supreme Court. Probation fees may additionally be used to cover salary shortfalls of probation officers (as provided under 730 ILCS 110/15.1(h)) up to a set amount formulaically determined by the Administrative Office of the Illinois Courts (AOIC). Salary shortfalls beyond that set amount may not be covered by the Probation Fee Fund. The Department's FY 13-14 budget request includes the use of the estimated maximum shortfall authorization amount to cover anticipated county funding shortfalls.,Chief Probation and Court Services Officer,0,0,0,0,0,25000,42000,20000,56284,71600,57000,10000,15000,28000,27000,13000,5000,33500,35000,12000,12000,0,0,0,0,0,0,9068,8565,8000,0,0,0,0,0,0,7715,35949,11194,48988,53310,49934,9456,4571,16090,9414,415,4488,2308,28727,3423,8509.00,0,0,0,0,0,0,0,5093,5231,5000
Special Purpose Fund,Special Purposes Funds are funds that house monies collected by fees by the various departments and offices of the County that by state statute can only be spent on certain expenses.,2,85,Probation Fees Fund,Probation Fees Fund,Miscellaneous,,This fund is statutorily authorized by 730 ILCS 110/15.1 and consists of fees collected by the court to be used strictly for costs of operating the Probation and Court Services Department in accordance with policies and guidelines approved by the Illinois Supreme Court. Probation fees may additionally be used to cover salary shortfalls of probation officers (as provided under 730 ILCS 110/15.1(h)) up to a set amount formulaically determined by the Administrative Office of the Illinois Courts (AOIC). Salary shortfalls beyond that set amount may not be covered by the Probation Fee Fund. The Department's FY 13-14 budget request includes the use of the estimated maximum shortfall authorization amount to cover anticipated county funding shortfalls.,Chief Probation and Court Services Officer,0,0,24000,0,0,0,0,0,0,0,0,0,40000,33856,30856,188365,24000,42666,33500,35000,35000,45764,38257,5090,5200,200,200,200,713,500,0,0,0,0,0,0,0,0,0,0,0,0,0,34890,19520,22135,19094,19955,36519,16340,12172,17920.00,24002,18182,840,200,60,120,90,713,30,500
Special Purpose Fund,Special Purposes Funds are funds that house monies collected by fees by the various departments and offices of the County that by state statute can only be spent on certain expenses.,2,85,Probation Fees Fund,Probation Fees Fund,Capital Outlay,,This fund is statutorily authorized by 730 ILCS 110/15.1 and consists of fees collected by the court to be used strictly for costs of operating the Probation and Court Services Department in accordance with policies and guidelines approved by the Illinois Supreme Court. Probation fees may additionally be used to cover salary shortfalls of probation officers (as provided under 730 ILCS 110/15.1(h)) up to a set amount formulaically determined by the Administrative Office of the Illinois Courts (AOIC). Salary shortfalls beyond that set amount may not be covered by the Probation Fee Fund. The Department's FY 13-14 budget request includes the use of the estimated maximum shortfall authorization amount to cover anticipated county funding shortfalls.,Chief Probation and Court Services Officer,0,0,0,0,0,0,0,0,0,0,0,0,0,0,0,0,0,0,0,0,0,6000,15652,12000,12910,9006,1783,0,0,0,0,0,0,0,0,0,0,0,0,0,0,0,0,0,0,0,0,0,0,0,0,0,2189,15652,8301,9006,145,0,0,0,0,0
Special Purpose Fund,Special Purposes Funds are funds that house monies collected by fees by the various departments and offices of the County that by state statute can only be spent on certain expenses.,2,85,Probation Fees Fund,Probation Fees Fund,Education & Training,,This fund is statutorily authorized by 730 ILCS 110/15.1 and consists of fees collected by the court to be used strictly for costs of operating the Probation and Court Services Department in accordance with policies and guidelines approved by the Illinois Supreme Court. Probation fees may additionally be used to cover salary shortfalls of probation officers (as provided under 730 ILCS 110/15.1(h)) up to a set amount formulaically determined by the Administrative Office of the Illinois Courts (AOIC). Salary shortfalls beyond that set amount may not be covered by the Probation Fee Fund. The Department's FY 13-14 budget request includes the use of the estimated maximum shortfall authorization amount to cover anticipated county funding shortfalls.,Chief Probation and Court Services Officer,0,0,0,0,0,0,0,0,0,0,0,0,0,0,0,0,0,0,0,0,0,0,0,10030,0,13000,11491,11000,11000,16443,0,0,0,0,0,0,0,0,0,0,0,0,0,0,0,0,0,0,0,0,0,0,0,0,8796,0,4670,5406,3982,9936,11805,16000
Special Purpose Fund,Special Purposes Funds are funds that house monies collected by fees by the various departments and offices of the County that by state statute can only be spent on certain expenses.,2,85,Probation Fees Fund,Probation Fees Fund,Transfer Out,,This fund is statutorily authorized by 730 ILCS 110/15.1 and consists of fees collected by the court to be used strictly for costs of operating the Probation and Court Services Department in accordance with policies and guidelines approved by the Illinois Supreme Court. Probation fees may additionally be used to cover salary shortfalls of probation officers (as provided under 730 ILCS 110/15.1(h)) up to a set amount formulaically determined by the Administrative Office of the Illinois Courts (AOIC). Salary shortfalls beyond that set amount may not be covered by the Probation Fee Fund. The Department's FY 13-14 budget request includes the use of the estimated maximum shortfall authorization amount to cover anticipated county funding shortfalls.,Chief Probation and Court Services Officer,0,0,0,0,0,0,0,0,0,0,0,0,0,0,0,0,0,0,46500,43858,0,47381,67000,67000,67000,67000,0,0,0,0,0,67000,67000,67000,67000,67000,67000,67000,67000,67000,67000,67000,67000,67000,67000,67000,67000,67000,67000,67000,67000,43858.19,47381,67000,67000,67000,0,0,0,0,0,0
Special Purpose Fund,Special Purposes Funds are funds that house monies collected by fees by the various departments and offices of the County that by state statute can only be spent on certain expenses.,2,86,Coroner's Fee,Coroner's Fee,General Government,,"This fund collects the Coroner fee for Coroner Services pursuant to 55 ILCS 5/4-7001 and can be utilized for certain expenses of the Coroner's office. By statute, moneys in the fund shall be used solely for the purchase of electronic and forensic identification equipment or other related supplies and the operating expenses of the coroner's office. Funding from this fund may not be used for food or salaries.",Coroner,0,0,0,0,0,0,0,0,0,0,0,0,0,0,0,0,0,10000,6000,8000,8000,8000,2400,5375,20000,15000,14999,15000,15000,15000,0,0,0,0,0,0,0,0,0,0,0,0,0,0,0,0,0,0,9639,3299,4976,5547.00,7364,1770,5375,15000,5533,6452,903,2499,2406,15000
Special Purpose Fund,Special Purposes Funds are funds that house monies collected by fees by the various departments and offices of the County that by state statute can only be spent on certain expenses.,2,86,Coroner's Fee,Coroner's Fee,Public Safety,,"This fund collects the Coroner fee for Coroner Services pursuant to 55 ILCS 5/4-7001 and can be utilized for certain expenses of the Coroner's office. By statute, moneys in the fund shall be used solely for the purchase of electronic and forensic identification equipment or other related supplies and the operating expenses of the coroner's office. Funding from this fund may not be used for food or salaries.",Coroner,0,0,0,0,0,0,0,0,0,0,0,0,0,0,0,0,3000,0,0,0,0,0,12600,9625,0,0,0,0,0,0,0,0,0,25583,0,0,0,0,0,0,0,0,0,0,0,0,0,2109,0,0,0,0,0,12600,9625,0,0,0,0,0,0,0
Special Purpose Fund,Special Purposes Funds are funds that house monies collected by fees by the various departments and offices of the County that by state statute can only be spent on certain expenses.,2,87,Traffic Violation Fee Account,Traffic Violation Fee Account,Commodities,,This fund was created by Resolution 1982.02 to hold the fee collected by the Circuit Clerk on all traffic violations for the purpose of supporting the Court system in Macoupin County. The fee was no longer deposited in this fund after Resolution 2007.12 passed.,Presiding Circuit Judge,0,0,0,0,0,0,0,0,0,0,0,0,0,0,0,0,0,0,0,0,0,0,0,0,0,0,0,0,0,0,0,0,0,0,0,0,0,0,0,0,0,0,0,0,0,0,0,0,0,0,0,0,0,0,0,0,0,0,0,0,0,0
Special Purpose Fund,Special Purposes Funds are funds that house monies collected by fees by the various departments and offices of the County that by state statute can only be spent on certain expenses.,2,87,Traffic Violation Fee Account,Traffic Violation Fee Account,Supplies,,This fund was created by Resolution 1982.02 to hold the fee collected by the Circuit Clerk on all traffic violations for the purpose of supporting the Court system in Macoupin County. The fee was no longer deposited in this fund after Resolution 2007.12 passed.,Presiding Circuit Judge,45000,45000,39000,20000,20000,20000,20000,50000,50000,50000,50000,50000,93000,81055,17000,1200,0,0,0,0,0,0,0,0,0,0,0,0,0,0,0,30924,31424,0,9053,1203,414,115,38250,2440,7849,13757,25717,43536,66474,0,0,0,0,0,0,0,0,0,0,0,0,0,0,0,0,0
Special Purpose Fund,Special Purposes Funds are funds that house monies collected by fees by the various departments and offices of the County that by state statute can only be spent on certain expenses.,2,89,Animal Control Building Fund,Animal Control Building Fund,Public Safety,,This fund was created by Resolution 2007.13 to have fund for all donations that came in to help pay for the expenses of the new Animal Control building.,Animal Control Adminstrator,0,0,0,0,0,0,0,0,0,0,0,0,8000,0,0,0,0,0,0,0,0,0,0,0,0,0,0,0,0,0,0,0,0,0,0,0,0,0,0,0,0,0,0,0,9677,0,0,0,0,0,0,0,0,0,0,0,0,0,0,0,0,0
Special Purpose Fund,Special Purposes Funds are funds that house monies collected by fees by the various departments and offices of the County that by state statute can only be spent on certain expenses.,2,90,Circuit Clerk OP Fund,Circuit Clerk OP Fund,Judiciary,,This fund generates revenue through fees collected on certain court cases and is used to offset extraordinary costs for services that the office renders over and above normal job functions.,Circuit Clerk,0,0,0,0,0,0,0,0,0,0,0,0,0,0,0,0,0,0,0,0,0,30000,30000,30000,30000,30000,30000,30000,30000,30000,0,0,0,0,0,0,0,0,0,0,0,0,0,0,0,1332,0,280,760,0,0,15465.00,4334,228,0,30000,8474,11200,17557,8163,13510,30000
Special Purpose Fund,Special Purposes Funds are funds that house monies collected by fees by the various departments and offices of the County that by state statute can only be spent on certain expenses.,2,91,Crime Victims Fund,Crime Victims Fund,Miscellaneous,,This fund in previous years was established to receipt State/Federal grant funds that allowed for support services for the victims of crimes through the State's Attorney's office.,State's Attorney,0,0,0,0,0,0,0,0,0,0,0,0,0,0,0,0,0,0,0,0,0,0,0,0,0,0,0,0,0,0,0,0,0,0,0,0,0,0,0,0,0,0,0,0,0,0,65,2604,0,0,0,0,0,0,0,0,0,0,0,0,0,0
Special Purpose Fund,Special Purposes Funds are funds that house monies collected by fees by the various departments and offices of the County that by state statute can only be spent on certain expenses.,2,91,Crime Victims Fund,Crime Victims Fund,Contractual Services,,This fund in previous years was established to receipt State/Federal grant funds that allowed for support services for the victims of crimes through the State's Attorney's office.,State's Attorney,0,0,0,0,0,0,0,0,0,0,0,100,23800,25000,25000,0,0,0,25000,0,0,0,0,0,0,0,0,0,0,0,0,0,20330,0,14790,3023,2723,64000,25896,5295,1874,2620,28,48,53,0,0,0,0,0,0,0,0,0,0,0,0,0,0,0,0,0
Special Purpose Fund,Special Purposes Funds are funds that house monies collected by fees by the various departments and offices of the County that by state statute can only be spent on certain expenses.,2,91,Crime Victims Fund,Crime Victims Fund,Office Expense,,This fund in previous years was established to receipt State/Federal grant funds that allowed for support services for the victims of crimes through the State's Attorney's office.,State's Attorney,0,0,0,0,0,0,0,0,0,0,0,0,0,0,0,0,0,0,0,0,0,0,0,0,0,0,0,0,0,0,0,0,127,0,0,0,0,0,0,0,0,0,0,0,0,0,0,0,0,0,0,0,0,0,0,0,0,0,0,0,0,0
Special Purpose Fund,Special Purposes Funds are funds that house monies collected by fees by the various departments and offices of the County that by state statute can only be spent on certain expenses.,2,91,Crime Victims Fund,Crime Victims Fund,Equipment Purchase/Maintenance ,,This fund in previous years was established to receipt State/Federal grant funds that allowed for support services for the victims of crimes through the State's Attorney's office.,State's Attorney,0,0,0,0,0,0,0,0,0,0,0,0,0,0,0,0,0,0,0,0,0,0,0,0,0,0,0,0,0,0,0,0,730,0,0,0,0,0,0,0,0,0,0,0,0,0,0,0,0,0,0,0,0,0,0,0,0,0,0,0,0,0
Special Purpose Fund,Special Purposes Funds are funds that house monies collected by fees by the various departments and offices of the County that by state statute can only be spent on certain expenses.,2,91,Crime Victims Fund,Crime Victims Fund,Service Charge ,,This fund in previous years was established to receipt State/Federal grant funds that allowed for support services for the victims of crimes through the State's Attorney's office.,State's Attorney,0,0,0,0,0,0,0,0,0,0,0,0,0,0,0,0,0,0,0,0,0,0,0,0,0,0,0,0,0,0,0,0,0,0,5,0,0,0,0,0,0,0,0,0,0,0,0,0,0,0,0,0,0,0,0,0,0,0,0,0,0,0
Special Purpose Fund,Special Purposes Funds are funds that house monies collected by fees by the various departments and offices of the County that by state statute can only be spent on certain expenses.,2,91,Crime Victims Fund,Crime Victims Fund,Mileage/Witness Fees ,,This fund in previous years was established to receipt State/Federal grant funds that allowed for support services for the victims of crimes through the State's Attorney's office.,State's Attorney,0,0,0,0,0,0,0,0,0,0,0,0,0,0,0,0,0,0,0,0,0,0,0,0,0,0,0,0,0,0,0,0,16,0,751,73,0,0,0,0,0,0,0,0,0,0,0,0,0,0,0,0,0,0,0,0,0,0,0,0,0,0
Special Purpose Fund,Special Purposes Funds are funds that house monies collected by fees by the various departments and offices of the County that by state statute can only be spent on certain expenses.,2,91,Crime Victims Fund,Crime Victims Fund,Supplies,,This fund in previous years was established to receipt State/Federal grant funds that allowed for support services for the victims of crimes through the State's Attorney's office.,State's Attorney,0,0,0,0,0,0,0,0,0,0,0,0,0,0,0,0,0,0,0,0,0,0,0,0,0,0,0,0,0,0,0,0,0,0,31,0,106,0,0,0,0,0,0,0,0,0,0,0,0,0,0,0,0,0,0,0,0,0,0,0,0,0
Special Purpose Fund,Special Purposes Funds are funds that house monies collected by fees by the various departments and offices of the County that by state statute can only be spent on certain expenses.,2,92,Tourism Fund,Tourism Fund,Miscellaneous,,This fund was created by Resolution 2006.42 and receipts and expends money generated through the county's hotel/motel tax which was established by Ordinance 2005.02 pursuant to 55 ILCS 5/5-1030. Expenses of this fund are made pursuant to specific purposes outlined in 55 ILCS 5/5-1030.,County Board Office,0,0,0,0,0,0,0,0,0,0,0,0,5000,5000,7200,5000,19000,5063,5000,8000,8000,8000,8000,8000,8000,8000,8000,8000,8000,8000,0,0,0,0,0,0,0,0,0,0,0,0,0,0,3000,7141,0,11921,5062,4000,4000,4000.00,0,0,0,8000,0,0,153,0,0,8000
Special Purpose Fund,Special Purposes Funds are funds that house monies collected by fees by the various departments and offices of the County that by state statute can only be spent on certain expenses.,2,93,Traffic Safety School Fund,Traffic Safety School Fund,Contractual,,,State's Attorney,0,0,0,0,0,0,0,0,0,0,0,0,0,0,0,0,0,0,0,0,0,0,0,0,0,0,0,0,0,0,0,17616,17003,0,12250,10850,19875,15500,19200,19025,12725,799,0,0,0,0,0,0,0,0,0,0,0,0,0,0,0,0,0,0,0,0
Special Purpose Fund,Special Purposes Funds are funds that house monies collected by fees by the various departments and offices of the County that by state statute can only be spent on certain expenses.,2,93,Traffic Safety School Fund,Traffic Safety School Fund,Supplies,,,State's Attorney,0,0,0,0,0,0,0,0,0,0,0,0,0,0,0,0,0,0,0,0,0,0,0,0,0,0,0,0,0,0,0,384,347,0,250,0,0,0,0,0,0,0,0,0,0,0,0,0,0,0,0,0,0,0,0,0,0,0,0,0,0,0
Special Purpose Fund,Special Purposes Funds are funds that house monies collected by fees by the various departments and offices of the County that by state statute can only be spent on certain expenses.,2,94,Americans With Disabilities Fund ,Americans With Disabilities Fund ,Administration ,,,Sheriff,0,0,0,0,0,0,0,0,0,0,0,0,0,0,0,0,0,0,0,0,0,0,0,0,0,0,0,0,0,0,0,0,1000,0,0,0,0,0,0,0,0,0,0,0,0,0,0,0,0,0,0,0,0,0,0,0,0,0,0,0,0,0
Special Purpose Fund,Special Purposes Funds are funds that house monies collected by fees by the various departments and offices of the County that by state statute can only be spent on certain expenses.,2,94,Americans With Disabilities Fund ,Americans With Disabilities Fund ,Capital outlay ,,,Sheriff,0,0,0,0,0,0,0,0,0,0,0,0,0,0,0,0,0,0,0,0,0,0,0,0,0,0,0,0,0,0,0,0,16225,0,0,0,0,0,0,0,0,0,0,0,0,0,0,0,0,0,0,0,0,0,0,0,0,0,0,0,0,0
Special Purpose Fund,Special Purposes Funds are funds that house monies collected by fees by the various departments and offices of the County that by state statute can only be spent on certain expenses.,2,95,Sheriff's Leads Account,Sheriff's Leads Account,Payments for Telecommunication Service,,"The Illinois Law Enforcement Agencies Data System (LEADS) is a statewide, computerized, telecommunications system, maintained by the Illinois State Police, designed to provide the Illinois criminal justice community with access to computerized justice related information at both the state and national level. According to LEADS, approximately 800 criminal justice agencies have direct access to LEADS statewide. In addition, over 20,000 computer desktop workstations and wireless mobile data computers access a variety of criminal justice data through LEADS. Participants include municipal, county, state, and federal law enforcement agencies; circuit court clerks, state's attorneys, and probation departments; and county jails and the Illinois Department of Corrections. The fund receives intergovernmental revenues from municipalities in the county and makes expenses for the use of the telecommunication service.",Sheriff,0,5000,0,0,0,0,0,0,0,0,0,12000,12877,12000,12000,12000,12000,12000,0,0,0,12000,12000,12000,12000,12000,12000,12000,0,0,0,1260,1374,0,1374,1260,1488,5492,15082,4465,8598,10514,11943,10529,10569,10529,10535,10562,10529,0,0,0,5570,6597,4471,12000,3968,4007,3698,4669,52817,0
Special Purpose Fund,Special Purposes Funds are funds that house monies collected by fees by the various departments and offices of the County that by state statute can only be spent on certain expenses.,2,95,Sheriff's Leads Account,Sheriff's Leads Account,Supplies,,"The Illinois Law Enforcement Agencies Data System (LEADS) is a statewide, computerized, telecommunications system, maintained by the Illinois State Police, designed to provide the Illinois criminal justice community with access to computerized justice related information at both the state and national level. According to LEADS, approximately 800 criminal justice agencies have direct access to LEADS statewide. In addition, over 20,000 computer desktop workstations and wireless mobile data computers access a variety of criminal justice data through LEADS. Participants include municipal, county, state, and federal law enforcement agencies; circuit court clerks, state's attorneys, and probation departments; and county jails and the Illinois Department of Corrections. The fund receives intergovernmental revenues from municipalities in the county and makes expenses for the use of the telecommunication service.",Sheriff,0,0,0,0,0,0,0,0,0,0,0,0,0,0,0,0,0,0,0,0,0,0,0,0,0,0,0,0,0,0,0,0,0,0,0,37,0,0,0,0,0,0,0,0,0,0,0,0,0,0,0,0,0,0,0,0,0,0,0,0,0,0
Special Purpose Fund,Special Purposes Funds are funds that house monies collected by fees by the various departments and offices of the County that by state statute can only be spent on certain expenses.,2,95,Sheriff's Leads Account,Sheriff's Leads Account,Equipment,,"The Illinois Law Enforcement Agencies Data System (LEADS) is a statewide, computerized, telecommunications system, maintained by the Illinois State Police, designed to provide the Illinois criminal justice community with access to computerized justice related information at both the state and national level. According to LEADS, approximately 800 criminal justice agencies have direct access to LEADS statewide. In addition, over 20,000 computer desktop workstations and wireless mobile data computers access a variety of criminal justice data through LEADS. Participants include municipal, county, state, and federal law enforcement agencies; circuit court clerks, state's attorneys, and probation departments; and county jails and the Illinois Department of Corrections. The fund receives intergovernmental revenues from municipalities in the county and makes expenses for the use of the telecommunication service.",Sheriff,0,0,0,0,0,0,0,0,0,0,0,0,0,0,0,0,0,0,0,0,0,0,0,0,0,0,0,0,0,0,0,1467,0,0,0,3012,1745,0,0,0,0,0,0,0,0,0,0,0,0,0,0,0,0,0,0,0,0,0,0,0,0,0
Special Purpose Fund,Special Purposes Funds are funds that house monies collected by fees by the various departments and offices of the County that by state statute can only be spent on certain expenses.,2,95,Sheriff's Leads Account,Sheriff's Leads Account,Miscellaneous,,"The Illinois Law Enforcement Agencies Data System (LEADS) is a statewide, computerized, telecommunications system, maintained by the Illinois State Police, designed to provide the Illinois criminal justice community with access to computerized justice related information at both the state and national level. According to LEADS, approximately 800 criminal justice agencies have direct access to LEADS statewide. In addition, over 20,000 computer desktop workstations and wireless mobile data computers access a variety of criminal justice data through LEADS. Participants include municipal, county, state, and federal law enforcement agencies; circuit court clerks, state's attorneys, and probation departments; and county jails and the Illinois Department of Corrections. The fund receives intergovernmental revenues from municipalities in the county and makes expenses for the use of the telecommunication service.",Sheriff,5000,0,0,0,0,0,0,0,0,0,0,0,0,0,0,0,0,0,12000,12000,12000,0,0,0,0,0,0,0,0,0,0,0,0,0,0,0,0,0,0,0,0,0,0,0,0,0,0,0,0,0,0,12000.00,0,0,0,0,0,0,103,0,0,0
Special Purpose Fund,Special Purposes Funds are funds that house monies collected by fees by the various departments and offices of the County that by state statute can only be spent on certain expenses.,2,96,Circuit Clerk - Maintenance & Child Support Fund,Circuit Clerk - Maintenance & Child Support Fund,Supplies,,"This special fund is composed of fees collected from child support payers and are used to further the efforts to collect future child support payments and offset extraordinary cost of collections, distribution, and interaction with other government agencies.",Circuit Clerk,0,0,0,0,0,9246,9246,9246,9854,2501,2500,10000,0,0,0,0,0,0,0,0,0,0,0,0,0,0,0,0,0,0,0,0,0,0,0,0,499,391,1253,1163,90,0,2999,0,0,0,0,0,0,0,0,0,0,0,0,0,0,0,0,0,0,0
Special Purpose Fund,Special Purposes Funds are funds that house monies collected by fees by the various departments and offices of the County that by state statute can only be spent on certain expenses.,2,96,Circuit Clerk - Maintenance & Child Support Fund,Circuit Clerk - Maintenance & Child Support Fund,Repairs & Maintenance,,"This special fund is composed of fees collected from child support payers and are used to further the efforts to collect future child support payments and offset extraordinary cost of collections, distribution, and interaction with other government agencies.",Circuit Clerk,0,0,0,0,0,0,0,0,0,2520,2520,0,0,0,0,0,0,0,0,0,0,0,0,0,0,0,0,0,0,0,0,0,0,0,0,0,0,0,0,0,0,0,0,0,0,0,0,0,0,0,0,0,0,0,0,0,0,0,0,0,0,0
Special Purpose Fund,Special Purposes Funds are funds that house monies collected by fees by the various departments and offices of the County that by state statute can only be spent on certain expenses.,2,96,Circuit Clerk - Maintenance & Child Support Fund,Circuit Clerk - Maintenance & Child Support Fund,Support Payments,,"This special fund is composed of fees collected from child support payers and are used to further the efforts to collect future child support payments and offset extraordinary cost of collections, distribution, and interaction with other government agencies.",Circuit Clerk,0,0,0,0,0,0,0,0,0,0,0,0,0,0,0,0,0,0,0,0,0,0,0,0,0,0,0,0,0,0,0,0,0,0,0,0,6068,3300,0,0,0,0,0,0,0,0,0,0,0,0,0,0,0,0,0,0,0,0,0,0,0,0
Special Purpose Fund,Special Purposes Funds are funds that house monies collected by fees by the various departments and offices of the County that by state statute can only be spent on certain expenses.,2,96,Circuit Clerk - Maintenance & Child Support Fund,Circuit Clerk - Maintenance & Child Support Fund,Meetings & Conventions,,"This special fund is composed of fees collected from child support payers and are used to further the efforts to collect future child support payments and offset extraordinary cost of collections, distribution, and interaction with other government agencies.",Circuit Clerk,0,0,0,0,0,3000,3000,3000,3000,3000,3000,0,0,0,0,0,0,0,0,0,0,0,0,0,0,0,0,0,0,0,0,0,0,0,0,0,1019,474,265,37,33,0,0,0,0,0,0,0,0,0,0,0,0,0,0,0,0,0,0,0,0,0
Special Purpose Fund,Special Purposes Funds are funds that house monies collected by fees by the various departments and offices of the County that by state statute can only be spent on certain expenses.,2,96,Circuit Clerk - Maintenance & Child Support Fund,Circuit Clerk - Maintenance & Child Support Fund,Miscellaneous,,"This special fund is composed of fees collected from child support payers and are used to further the efforts to collect future child support payments and offset extraordinary cost of collections, distribution, and interaction with other government agencies.",Circuit Clerk,0,0,0,0,0,0,0,0,0,7353,7354,7374,7374,17374,17374,0,0,17500,27500,27500,27500,27500,27500,27500,27500,27500,27500,27500,27500,0,0,0,0,0,0,0,969,977,268,460,50,55,72,359,306,233,127,853,89,0,0,98,99,130,0,27500,177,217,221,342,0,0
Special Purpose Fund,Special Purposes Funds are funds that house monies collected by fees by the various departments and offices of the County that by state statute can only be spent on certain expenses.,2,96,Circuit Clerk - Maintenance & Child Support Fund,Circuit Clerk - Maintenance & Child Support Fund,Computer Maintenance Contract,,"This special fund is composed of fees collected from child support payers and are used to further the efforts to collect future child support payments and offset extraordinary cost of collections, distribution, and interaction with other government agencies.",Circuit Clerk,0,0,0,0,0,2520,2520,2520,2520,0,0,0,0,0,0,0,0,0,0,0,0,0,0,0,0,0,0,0,0,27500,0,0,0,0,0,0,0,0,0,0,0,0,0,0,0,0,0,0,0,0,0,0,0,0,0,0,0,0,0,0,353,27500
Special Purpose Fund,Special Purposes Funds are funds that house monies collected by fees by the various departments and offices of the County that by state statute can only be spent on certain expenses.,2,96,Circuit Clerk - Maintenance & Child Support Fund,Circuit Clerk - Maintenance & Child Support Fund,Capital Outlay,,"This special fund is composed of fees collected from child support payers and are used to further the efforts to collect future child support payments and offset extraordinary cost of collections, distribution, and interaction with other government agencies.",Circuit Clerk,0,0,0,0,0,2000,2000,2000,2000,2000,2000,0,10000,0,0,0,0,0,0,0,0,0,0,0,0,0,0,0,0,0,0,0,0,0,0,0,1042,1046,0,0,0,203,0,1230,0,0,0,0,0,0,0,0,0,0,0,0,0,0,0,0,0,0
Special Purpose Fund,Special Purposes Funds are funds that house monies collected by fees by the various departments and offices of the County that by state statute can only be spent on certain expenses.,2,97,Macoupin County Cops Grant,Macoupin County Cops Grant,Public Safety,,The Sheriff's office has contracted with the Southwestern School District #9 to provide law enforcement services. This fund collects periodic payments for those services.,Sheriff,0,0,0,0,0,0,0,0,0,0,0,0,60000,0,0,0,0,0,65000,25000,79000,0,0,0,0,0,0,0,0,0,0,0,0,0,0,0,0,0,125360,0,0,0,0,0,0,0,0,0,0,65000,0,0,0,0,0,0,0,0,0,0,0,0
Special Purpose Fund,Special Purposes Funds are funds that house monies collected by fees by the various departments and offices of the County that by state statute can only be spent on certain expenses.,2,97,Macoupin County Cops Grant,Macoupin County Cops Grant,Transfer Out,,The Sheriff's office has contracted with the Southwestern School District #9 to provide law enforcement services. This fund collects periodic payments for those services.,Sheriff,0,0,0,0,0,0,0,0,0,0,0,0,0,0,0,0,0,0,0,40000,0,68000,80000,87667,80000,80000,80000,80000,65000,0,0,0,0,0,0,0,0,0,0,0,0,0,0,0,0,0,0,0,0,0,40000,0,68000,80000,87667,80000,18443,62500,65500,65000,0,0
Special Purpose Fund,Special Purposes Funds are funds that house monies collected by fees by the various departments and offices of the County that by state statute can only be spent on certain expenses.,2,98,Central Macoupin County Rural Water,Central Macoupin County Rural Water,Commodities,,This fund handled expenditures made by the County to the Central Macoupin County Rural Water District.,County Board Office,0,0,0,0,0,0,0,0,0,0,0,0,0,0,0,0,0,0,0,0,0,0,0,0,0,0,0,0,0,0,0,0,0,0,0,174605,0,0,0,0,0,0,0,0,0,0,0,0,0,0,0,0,0,0,0,0,0,0,0,0,0,0
Special Purpose Fund,Special Purposes Funds are funds that house monies collected by fees by the various departments and offices of the County that by state statute can only be spent on certain expenses.,2,98,Central Macoupin County Rural Water,Central Macoupin County Rural Water,Contractual,,This fund handled expenditures made by the County to the Central Macoupin County Rural Water District.,County Board Office,0,0,0,0,0,0,0,0,0,0,0,0,0,0,0,0,0,0,37900,0,0,0,0,0,0,0,0,0,0,0,0,0,0,0,103000,122395,23433,0,0,0,0,0,0,0,0,0,0,0,0,0,0,0,0,0,0,0,0,0,0,0,0,0
Special Purpose Fund,Special Purposes Funds are funds that house monies collected by fees by the various departments and offices of the County that by state statute can only be spent on certain expenses.,2,99,Circuit Clerk SDU Reimbursement Fund,Circuit Clerk SDU Reimbursement Fund,Supplies,,This fund was established to collect the reimbursement money the Circuit Clerk's office received from their purchase of the SDU computer system. The money was then transferred to the Circuit Clerk's budget.,Circuit Clerk,0,0,0,0,0,0,0,0,0,0,0,0,0,0,0,0,0,0,0,0,0,0,0,0,0,0,0,0,0,0,0,0,0,0,0,0,10,0,0,0,0,0,0,0,0,0,0,0,0,0,0,0,0,0,0,0,0,0,0,0,0,0
Special Purpose Fund,Special Purposes Funds are funds that house monies collected by fees by the various departments and offices of the County that by state statute can only be spent on certain expenses.,2,99,Circuit Clerk SDU Reimbursement Fund,Circuit Clerk SDU Reimbursement Fund,Miscellaneous,,This fund was established to collect the reimbursement money the Circuit Clerk's office received from their purchase of the SDU computer system. The money was then transferred to the Circuit Clerk's budget.,Circuit Clerk,0,0,0,0,0,0,0,0,0,0,0,0,0,0,0,0,0,0,0,0,0,0,0,0,0,0,0,0,0,0,0,0,0,0,0,0,180,0,25,0,0,0,0,0,0,0,0,0,0,0,0,0,0,0,0,0,0,0,0,0,0,0
Special Purpose Fund,Special Purposes Funds are funds that house monies collected by fees by the various departments and offices of the County that by state statute can only be spent on certain expenses.,2,99,Circuit Clerk SDU Reimbursement Fund,Circuit Clerk SDU Reimbursement Fund,Capital Outlay,,This fund was established to collect the reimbursement money the Circuit Clerk's office received from their purchase of the SDU computer system. The money was then transferred to the Circuit Clerk's budget.,Circuit Clerk,0,0,0,0,0,0,0,0,0,0,0,0,0,0,0,0,0,0,0,0,0,0,0,0,0,0,0,0,0,0,0,0,0,0,0,0,43495,0,0,0,0,0,0,0,0,0,0,0,0,0,0,0,0,0,0,0,0,0,0,0,0,0
Special Purpose Fund,Special Purposes Funds are funds that house monies collected by fees by the various departments and offices of the County that by state statute can only be spent on certain expenses.,2,100,South Central Illinois Drug Task Force contract #4482,South Central Illinois Drug Task Force contract #4482,Capital outlay ,,,Sheriff,0,0,0,0,0,0,0,0,0,0,0,0,0,0,0,0,0,0,0,0,0,0,0,0,0,0,0,0,0,0,0,0,0,0,5166,0,0,0,0,0,0,0,0,0,0,0,0,0,0,0,0,0,0,0,0,0,0,0,0,0,0,0
Special Purpose Fund,Special Purposes Funds are funds that house monies collected by fees by the various departments and offices of the County that by state statute can only be spent on certain expenses.,2,101,South Central Illinois Drug Task Force - Contract #4614,South Central Illinois Drug Task Force - Contract #4614,Public Safety,,,Sheriff,0,0,0,0,0,0,0,0,0,0,0,0,0,0,0,0,0,0,0,119000,119000,119000,119000,119000,119000,119000,118630,119000,0,0,0,0,21779,0,0,0,0,0,0,0,0,0,0,0,0,0,0,0,0,0,64492,53571.00,74021,65776,93110,119000,72501,22834,0,0,0,0
Special Purpose Fund,Special Purposes Funds are funds that house monies collected by fees by the various departments and offices of the County that by state statute can only be spent on certain expenses.,2,101,South Central Illinois Drug Task Force - Contract #4614,South Central Illinois Drug Task Force - Contract #4614,Contractual,,,Sheriff,0,0,0,0,0,0,0,0,0,0,0,0,0,0,0,0,0,0,0,0,0,0,0,0,0,0,0,0,0,0,0,0,4129,0,0,0,0,0,0,0,0,0,0,0,0,0,0,0,0,0,0,0,0,0,0,0,0,0,0,0,0,0
Special Purpose Fund,Special Purposes Funds are funds that house monies collected by fees by the various departments and offices of the County that by state statute can only be spent on certain expenses.,2,101,South Central Illinois Drug Task Force - Contract #4614,South Central Illinois Drug Task Force - Contract #4614,Supplies ,,,Sheriff,0,0,0,0,0,0,0,0,0,0,0,0,0,0,0,0,0,0,0,0,0,0,0,0,0,0,0,0,0,0,0,0,216,0,0,0,0,0,0,0,0,0,0,0,0,0,0,0,0,0,0,0,0,0,0,0,0,0,0,0,0,0
Special Purpose Fund,Special Purposes Funds are funds that house monies collected by fees by the various departments and offices of the County that by state statute can only be spent on certain expenses.,2,102,South Central Illinois Drug Task Force - Contract #4514,South Central Illinois Drug Task Force - Contract #4514,Personnel services ,,,Sheriff,0,0,0,0,0,0,0,0,0,0,0,0,0,0,0,0,0,0,0,0,0,0,0,0,0,0,0,0,0,0,0,19885,69339,0,0,0,0,0,0,0,0,0,0,0,0,0,0,0,0,0,0,0,0,0,0,0,0,0,0,0,0,0
Special Purpose Fund,Special Purposes Funds are funds that house monies collected by fees by the various departments and offices of the County that by state statute can only be spent on certain expenses.,2,102,South Central Illinois Drug Task Force - Contract #4514,South Central Illinois Drug Task Force - Contract #4514,Contractual,,,Sheriff,0,0,0,0,0,0,0,0,0,0,0,0,0,0,0,0,0,0,0,0,0,0,0,0,0,0,0,0,0,0,0,5428,29569,0,0,0,0,0,0,0,0,0,0,0,0,0,0,0,0,0,0,0,0,0,0,0,0,0,0,0,0,0
Special Purpose Fund,Special Purposes Funds are funds that house monies collected by fees by the various departments and offices of the County that by state statute can only be spent on certain expenses.,2,102,South Central Illinois Drug Task Force - Contract #4514,South Central Illinois Drug Task Force - Contract #4514,Travel ,,,Sheriff,0,0,0,0,0,0,0,0,0,0,0,0,0,0,0,0,0,0,0,0,0,0,0,0,0,0,0,0,0,0,0,849,895,0,0,0,0,0,0,0,0,0,0,0,0,0,0,0,0,0,0,0,0,0,0,0,0,0,0,0,0,0
Special Purpose Fund,Special Purposes Funds are funds that house monies collected by fees by the various departments and offices of the County that by state statute can only be spent on certain expenses.,2,102,South Central Illinois Drug Task Force - Contract #4514,South Central Illinois Drug Task Force - Contract #4514,Commodities ,,,Sheriff,0,0,0,0,0,0,0,0,0,0,0,0,0,0,0,0,0,0,0,0,0,0,0,0,0,0,0,0,0,0,0,0,0,0,0,0,0,0,0,0,0,0,0,0,0,0,0,0,0,0,0,0,0,0,0,0,0,0,0,0,0,0
Special Purpose Fund,Special Purposes Funds are funds that house monies collected by fees by the various departments and offices of the County that by state statute can only be spent on certain expenses.,2,102,South Central Illinois Drug Task Force - Contract #4514,South Central Illinois Drug Task Force - Contract #4514,Supplies ,,,Sheriff,0,0,0,0,0,0,0,0,0,0,0,0,0,0,0,0,0,0,0,0,0,0,0,0,0,0,0,0,0,0,0,389,2030,0,0,0,0,0,0,0,0,0,0,0,0,0,0,0,0,0,0,0,0,0,0,0,0,0,0,0,0,0
Special Purpose Fund,Special Purposes Funds are funds that house monies collected by fees by the various departments and offices of the County that by state statute can only be spent on certain expenses.,2,102,South Central Illinois Drug Task Force - Contract #4514,South Central Illinois Drug Task Force - Contract #4514,Capital outlay ,,,Sheriff,0,0,0,0,0,0,0,0,0,0,0,0,0,0,0,0,0,0,0,0,0,0,0,0,0,0,0,0,0,0,0,0,1100,0,0,0,0,0,0,0,0,0,0,0,0,0,0,0,0,0,0,0,0,0,0,0,0,0,0,0,0,0
Special Purpose Fund,Special Purposes Funds are funds that house monies collected by fees by the various departments and offices of the County that by state statute can only be spent on certain expenses.,2,103,South Central Illinois Drug Task Force - Contract #4714,South Central Illinois Drug Task Force - Contract #4714,Personnel servcies,,,Sheriff,0,0,0,0,0,0,0,0,0,0,0,0,0,0,0,0,0,0,0,0,0,0,0,0,0,0,0,0,0,0,0,0,0,0,41777,0,0,0,0,0,0,0,0,0,0,0,0,0,0,0,0,0,0,0,0,0,0,0,0,0,0,0
Special Purpose Fund,Special Purposes Funds are funds that house monies collected by fees by the various departments and offices of the County that by state statute can only be spent on certain expenses.,2,103,South Central Illinois Drug Task Force - Contract #4714,South Central Illinois Drug Task Force - Contract #4714,Contractual,,,Sheriff,0,0,0,0,0,0,0,0,0,0,0,0,0,0,0,0,0,0,0,0,0,0,0,0,0,0,0,0,0,0,0,0,0,0,43834,0,0,0,0,0,0,0,0,0,0,0,0,0,0,0,0,0,0,0,0,0,0,0,0,0,0,0
Special Purpose Fund,Special Purposes Funds are funds that house monies collected by fees by the various departments and offices of the County that by state statute can only be spent on certain expenses.,2,103,South Central Illinois Drug Task Force - Contract #4714,South Central Illinois Drug Task Force - Contract #4714,Travel ,,,Sheriff,0,0,0,0,0,0,0,0,0,0,0,0,0,0,0,0,0,0,0,0,0,0,0,0,0,0,0,0,0,0,0,0,0,0,1406,0,0,0,0,0,0,0,0,0,0,0,0,0,0,0,0,0,0,0,0,0,0,0,0,0,0,0
Special Purpose Fund,Special Purposes Funds are funds that house monies collected by fees by the various departments and offices of the County that by state statute can only be spent on certain expenses.,2,103,South Central Illinois Drug Task Force - Contract #4714,South Central Illinois Drug Task Force - Contract #4714,Supplies ,,,Sheriff,0,0,0,0,0,0,0,0,0,0,0,0,0,0,0,0,0,0,0,0,0,0,0,0,0,0,0,0,0,0,0,0,0,0,1586,0,0,0,0,0,0,0,0,0,0,0,0,0,0,0,0,0,0,0,0,0,0,0,0,0,0,0
Special Purpose Fund,Special Purposes Funds are funds that house monies collected by fees by the various departments and offices of the County that by state statute can only be spent on certain expenses.,2,104,South Central Illinois Drug Task Force - Contract #4418,South Central Illinois Drug Task Force - Contract #4418,Personnel services ,,,Sheriff,0,0,0,0,0,0,0,0,0,0,0,0,0,0,0,0,0,0,0,0,0,0,0,0,0,0,0,0,0,0,0,67531,0,0,0,0,0,0,0,0,0,0,0,0,0,0,0,0,0,0,0,0,0,0,0,0,0,0,0,0,0,0
Special Purpose Fund,Special Purposes Funds are funds that house monies collected by fees by the various departments and offices of the County that by state statute can only be spent on certain expenses.,2,104,South Central Illinois Drug Task Force - Contract #4418,South Central Illinois Drug Task Force - Contract #4418,Contractual,,,Sheriff,0,0,0,0,0,0,0,0,0,0,0,0,0,0,0,0,0,0,0,0,0,0,0,0,0,0,0,0,0,0,0,21911,0,0,0,0,0,0,0,0,0,0,0,0,0,0,0,0,0,0,0,0,0,0,0,0,0,0,0,0,0,0
Special Purpose Fund,Special Purposes Funds are funds that house monies collected by fees by the various departments and offices of the County that by state statute can only be spent on certain expenses.,2,104,South Central Illinois Drug Task Force - Contract #4418,South Central Illinois Drug Task Force - Contract #4418,Travel ,,,Sheriff,0,0,0,0,0,0,0,0,0,0,0,0,0,0,0,0,0,0,0,0,0,0,0,0,0,0,0,0,0,0,0,0,0,0,0,0,0,0,0,0,0,0,0,0,0,0,0,0,0,0,0,0,0,0,0,0,0,0,0,0,0,0
Special Purpose Fund,Special Purposes Funds are funds that house monies collected by fees by the various departments and offices of the County that by state statute can only be spent on certain expenses.,2,104,South Central Illinois Drug Task Force - Contract #4418,South Central Illinois Drug Task Force - Contract #4418,Commodities ,,,Sheriff,0,0,0,0,0,0,0,0,0,0,0,0,0,0,0,0,0,0,0,0,0,0,0,0,0,0,0,0,0,0,0,0,0,0,0,0,0,0,0,0,0,0,0,0,0,0,0,0,0,0,0,0,0,0,0,0,0,0,0,0,0,0
Special Purpose Fund,Special Purposes Funds are funds that house monies collected by fees by the various departments and offices of the County that by state statute can only be spent on certain expenses.,2,104,South Central Illinois Drug Task Force - Contract #4418,South Central Illinois Drug Task Force - Contract #4418,Supplies ,,,Sheriff,0,0,0,0,0,0,0,0,0,0,0,0,0,0,0,0,0,0,0,0,0,0,0,0,0,0,0,0,0,0,0,768,0,0,0,0,0,0,0,0,0,0,0,0,0,0,0,0,0,0,0,0,0,0,0,0,0,0,0,0,0,0
Special Purpose Fund,Special Purposes Funds are funds that house monies collected by fees by the various departments and offices of the County that by state statute can only be spent on certain expenses.,2,105,Problem Solving Partnership Fund ,Problem Solving Partnership Fund ,Salaries and related expenses,,,County Board Office,0,0,0,0,0,0,0,0,0,0,0,0,0,0,0,0,0,0,0,0,0,0,0,0,0,0,0,0,0,0,0,0,0,0,23224,9290,0,0,0,0,0,0,0,0,0,0,0,0,0,0,0,0,0,0,0,0,0,0,0,0,0,0
Special Purpose Fund,Special Purposes Funds are funds that house monies collected by fees by the various departments and offices of the County that by state statute can only be spent on certain expenses.,2,105,Problem Solving Partnership Fund ,Problem Solving Partnership Fund ,Contractual ,,,County Board Office,0,0,0,0,0,0,0,0,0,0,0,0,0,0,0,0,0,0,0,0,0,0,0,0,0,0,0,0,0,0,0,0,0,0,885,1665,0,0,0,0,0,0,0,0,0,0,0,0,0,0,0,0,0,0,0,0,0,0,0,0,0,0
Special Purpose Fund,Special Purposes Funds are funds that house monies collected by fees by the various departments and offices of the County that by state statute can only be spent on certain expenses.,2,105,Problem Solving Partnership Fund ,Problem Solving Partnership Fund ,Supplies ,,,County Board Office,0,0,0,0,0,0,0,0,0,0,0,0,0,0,0,0,0,0,0,0,0,0,0,0,0,0,0,0,0,0,0,0,0,0,4902,389,0,0,0,0,0,0,0,0,0,0,0,0,0,0,0,0,0,0,0,0,0,0,0,0,0,0
Special Purpose Fund,Special Purposes Funds are funds that house monies collected by fees by the various departments and offices of the County that by state statute can only be spent on certain expenses.,2,105,Problem Solving Partnership Fund ,Problem Solving Partnership Fund ,Capital Outlay ,,,County Board Office,0,0,0,0,0,0,0,0,0,0,0,0,0,0,0,0,0,0,0,0,0,0,0,0,0,0,0,0,0,0,0,0,0,0,11938,1964,0,0,0,0,0,0,0,0,0,0,0,0,0,0,0,0,0,0,0,0,0,0,0,0,0,0
Special Purpose Fund,Special Purposes Funds are funds that house monies collected by fees by the various departments and offices of the County that by state statute can only be spent on certain expenses.,2,105,Problem Solving Partnership Fund ,Problem Solving Partnership Fund ,Travel ,,,County Board Office,0,0,0,0,0,0,0,0,0,0,0,0,0,0,0,0,0,0,0,0,0,0,0,0,0,0,0,0,0,0,0,0,0,0,2289,0,0,0,0,0,0,0,0,0,0,0,0,0,0,0,0,0,0,0,0,0,0,0,0,0,0,0
Special Purpose Fund,Special Purposes Funds are funds that house monies collected by fees by the various departments and offices of the County that by state statute can only be spent on certain expenses.,2,106,Building Commission Fund ,Building Commission Fund ,Interest ,,,County Board Office,0,0,0,0,0,0,0,0,0,0,0,0,0,0,0,0,0,0,0,0,0,0,0,0,0,0,0,0,0,0,0,38213,23981,0,0,0,0,0,0,0,0,0,0,0,0,0,0,0,0,0,0,0,0,0,0,0,0,0,0,0,0,0
Special Purpose Fund,Special Purposes Funds are funds that house monies collected by fees by the various departments and offices of the County that by state statute can only be spent on certain expenses.,2,106,Building Commission Fund ,Building Commission Fund ,Fees ,,,County Board Office,0,0,0,0,0,0,0,0,0,0,0,0,0,0,0,0,0,0,0,0,0,0,0,0,0,0,0,0,0,0,0,850,1452,0,0,0,0,0,0,0,0,0,0,0,0,0,0,0,0,0,0,0,0,0,0,0,0,0,0,0,0,0
Special Purpose Fund,Special Purposes Funds are funds that house monies collected by fees by the various departments and offices of the County that by state statute can only be spent on certain expenses.,2,106,Building Commission Fund ,Building Commission Fund ,Insurance ,,,County Board Office,0,0,0,0,0,0,0,0,0,0,0,0,0,0,0,0,0,0,0,0,0,0,0,0,0,0,0,0,0,0,0,7945,7776,0,0,0,0,0,0,0,0,0,0,0,0,0,0,0,0,0,0,0,0,0,0,0,0,0,0,0,0,0
Special Purpose Fund,Special Purposes Funds are funds that house monies collected by fees by the various departments and offices of the County that by state statute can only be spent on certain expenses.,2,106,Building Commission Fund ,Building Commission Fund ,Repairs and maintenance,,,County Board Office,0,0,0,0,0,0,0,0,0,0,0,0,0,0,0,0,0,0,0,0,0,0,0,0,0,0,0,0,0,0,0,3300,4887,0,0,0,0,0,0,0,0,0,0,0,0,0,0,0,0,0,0,0,0,0,0,0,0,0,0,0,0,0
Special Purpose Fund,Special Purposes Funds are funds that house monies collected by fees by the various departments and offices of the County that by state statute can only be spent on certain expenses.,2,106,Building Commission Fund ,Building Commission Fund ,Miscellaneous ,,,County Board Office,0,0,0,0,0,0,0,0,0,0,0,0,0,0,0,0,0,0,0,0,0,0,0,0,0,0,0,0,0,0,0,47,1237,0,0,0,0,0,0,0,0,0,0,0,0,0,0,0,0,0,0,0,0,0,0,0,0,0,0,0,0,0
Special Purpose Fund,Special Purposes Funds are funds that house monies collected by fees by the various departments and offices of the County that by state statute can only be spent on certain expenses.,2,107,South Central Illinois Drug Task Force Fund,South Central Illinois Drug Task Force Fund,Personnel Services,,This fund is composed of grants written for and received by the Drug Task Force to be utilized on payroll-related and other costs of the Task Force. The Treasurer counter-signs this account.,Sheriff,0,0,0,0,0,0,0,0,0,0,0,250000,254525,118009,118009,118009,118009,118009,118009,0,0,119000,119000,0,0,0,0,0,0,0,0,0,0,0,0,56038,55304,58496,59212,34007,82893,121672,137197,166869,115435,92350,82108,91596,83593,110559,0,0,74020,65776,0,0,0,0,0,0,0,0
Special Purpose Fund,Special Purposes Funds are funds that house monies collected by fees by the various departments and offices of the County that by state statute can only be spent on certain expenses.,2,107,South Central Illinois Drug Task Force Fund,South Central Illinois Drug Task Force Fund,Contractual,,This fund is composed of grants written for and received by the Drug Task Force to be utilized on payroll-related and other costs of the Task Force. The Treasurer counter-signs this account.,Sheriff,0,0,0,0,0,0,0,0,0,0,0,90000,0,0,0,0,0,0,0,0,0,0,0,0,0,0,0,0,0,0,0,0,0,0,0,40335,43639,39832,42213,41554,68337,34883,57005,0,0,0,0,0,0,0,0,0,0,0,0,0,0,0,0,0,0,0
Special Purpose Fund,Special Purposes Funds are funds that house monies collected by fees by the various departments and offices of the County that by state statute can only be spent on certain expenses.,2,107,South Central Illinois Drug Task Force Fund,South Central Illinois Drug Task Force Fund,Travel,,This fund is composed of grants written for and received by the Drug Task Force to be utilized on payroll-related and other costs of the Task Force. The Treasurer counter-signs this account.,Sheriff,0,0,0,0,0,0,0,0,0,0,0,0,0,0,0,0,0,0,0,0,0,0,0,0,0,0,0,0,0,0,0,0,0,0,0,1000,1506,1955,1955,1955,1833,0,0,0,0,0,0,0,0,0,0,0,0,0,0,0,0,0,0,0,0,0
Special Purpose Fund,Special Purposes Funds are funds that house monies collected by fees by the various departments and offices of the County that by state statute can only be spent on certain expenses.,2,107,South Central Illinois Drug Task Force Fund,South Central Illinois Drug Task Force Fund,Commodities,,This fund is composed of grants written for and received by the Drug Task Force to be utilized on payroll-related and other costs of the Task Force. The Treasurer counter-signs this account.,Sheriff,0,0,0,0,0,0,0,0,0,0,0,59485,0,0,0,0,0,0,0,0,0,0,0,0,0,0,0,0,0,0,0,0,0,0,0,2401,2253,2950,2950,2001,3153,5853,23135,0,0,0,0,0,0,0,0,0,0,0,0,0,0,0,0,0,0,0
Special Purpose Fund,Special Purposes Funds are funds that house monies collected by fees by the various departments and offices of the County that by state statute can only be spent on certain expenses.,2,107,South Central Illinois Drug Task Force Fund,South Central Illinois Drug Task Force Fund,Equipment,,This fund is composed of grants written for and received by the Drug Task Force to be utilized on payroll-related and other costs of the Task Force. The Treasurer counter-signs this account.,Sheriff,0,0,0,0,0,0,0,0,0,0,0,0,0,0,0,0,0,0,0,0,0,0,0,0,0,0,0,0,0,0,0,0,0,0,0,452,531,13125,13272,12454,33797,0,0,0,0,0,0,0,0,0,0,0,0,0,0,0,0,0,0,0,0,0
Special Purpose Fund,Special Purposes Funds are funds that house monies collected by fees by the various departments and offices of the County that by state statute can only be spent on certain expenses.,2,108,Recorder's GIS Fund,Recorder's GIS Fund,General Government,,This fund was used to collect the Recorder's portion of the GIS fee collected on all recorded documents. It was abolished and the fees are now deposited in the GIS Fund.,County Clerk,0,0,0,0,0,0,0,0,0,0,25000,45000,50000,0,0,0,0,0,0,0,0,0,0,0,0,0,0,0,0,0,0,0,0,0,0,0,0,0,0,0,0,0,799,22566,0,0,0,0,0,0,0,0,0,0,0,0,0,0,0,0,0,0
Special Purpose Fund,Special Purposes Funds are funds that house monies collected by fees by the various departments and offices of the County that by state statute can only be spent on certain expenses.,2,109,Assessor's GIS Fund,Assessor's GIS Fund,General Government,,This fund was used to collect the Assessor's portion of the GIS fee collected on all recorded documents. It was abolished and the fees are now deposited in the GIS Fund.,Supervisor of Assessments,0,0,0,0,0,0,0,0,0,0,100000,100000,250000,369040,0,0,0,0,0,0,0,0,0,0,0,0,0,0,0,0,0,0,0,0,0,0,0,0,0,0,0,3329,59800,160177,83223,0,0,0,0,0,0,0,0,0,0,0,0,0,0,0,0,0
Special Purpose Fund,Special Purposes Funds are funds that house monies collected by fees by the various departments and offices of the County that by state statute can only be spent on certain expenses.,2,110,Public Safety Fund,Public Safety Fund,Public Safety,,"This fund is comprised of monies received from Sheriff Sales, courthouse wedding fees, insurance payments, and other miscellaneous payments. Per Resolution 2008.38, funds expended from this fund shall be directed by the County Sheriff for the purpose of maintaining public safety and improving the well-being of the residents of Macoupin County. The budget amount for FY 2013-2014 takes into account the potential for large transactions that may be made with regard to Sheriff Sales ?�� in these cases, the Sheriff's office acts only as an intermediary where it receipts in potentially large amounts and disburses an identical amount.",Sheriff,0,0,0,0,0,0,0,0,0,0,0,0,0,0,0,0,0,0,0,0,0,400000,400000,400000,400000,40000,0,0,0,0,0,0,0,0,0,0,0,0,0,0,0,0,0,0,0,500,86650,10152,228674,228674,0,275,0,0,16215,400000,1450,0,0,399,36479,661
Special Purpose Fund,Special Purposes Funds are funds that house monies collected by fees by the various departments and offices of the County that by state statute can only be spent on certain expenses.,2,110,Public Safety Fund,Public Safety Fund,Transfer Out,,"This fund is comprised of monies received from Sheriff Sales, courthouse wedding fees, insurance payments, and other miscellaneous payments. Per Resolution 2008.38, funds expended from this fund shall be directed by the County Sheriff for the purpose of maintaining public safety and improving the well-being of the residents of Macoupin County. The budget amount for FY 2013-2014 takes into account the potential for large transactions that may be made with regard to Sheriff Sales ?�� in these cases, the Sheriff's office acts only as an intermediary where it receipts in potentially large amounts and disburses an identical amount.",Sheriff,0,0,0,0,0,0,0,0,0,0,0,0,0,0,0,0,0,0,0,0,0,0,0,0,0,0,400000,0,0,0,0,0,0,0,0,0,0,0,0,0,0,0,0,0,0,0,0,0,0,0,0,0,77316,80000,66000,0,33000,22500,25800,25000,0,0
Special Purpose Fund,Special Purposes Funds are funds that house monies collected by fees by the various departments and offices of the County that by state statute can only be spent on certain expenses.,2,111,DUI Equipment Fund,DUI Equipment Fund,Capital Outlay,,"This fund receives revenue through fines and forfeitures where the county receives a portion of the fine for county-issued DUI's and is used for the purchase of computers, breathalyzers, and other DUI-enforcement related expenses.",Sheriff,0,0,0,0,0,0,0,0,0,0,0,4000,4000,4000,4000,4000,4000,4000,15000,0,4000,4000,2000,1785,1700,1700,1700,1700,0,0,0,0,0,0,0,0,0,0,0,0,0,3864,828,0,1590,0,1000,1450,0,0,0,0,3388,1785,1785,1700,0,0,0,0,0,0
Special Purpose Fund,Special Purposes Funds are funds that house monies collected by fees by the various departments and offices of the County that by state statute can only be spent on certain expenses.,2,111,DUI Equipment Fund,DUI Equipment Fund,Transfer Out,,"This fund receives revenue through fines and forfeitures where the county receives a portion of the fine for county-issued DUI's and is used for the purchase of computers, breathalyzers, and other DUI-enforcement related expenses.",Sheriff,0,0,0,0,0,0,0,0,0,0,0,0,0,0,0,0,0,0,0,0,0,0,0,0,16300,16300,16300,16300,0,0,0,0,0,0,0,0,0,0,0,0,0,0,0,0,0,0,0,0,0,0,0,0,0,18000,18000,16300,3000,7200,3450,0,0,0
Special Purpose Fund,Special Purposes Funds are funds that house monies collected by fees by the various departments and offices of the County that by state statute can only be spent on certain expenses.,2,112,CDAP Fund,CDAP Fund,Capital Development,,This fund was used to hold grants received by municipalities through the Community Development Assistance Program.,County Board Office,0,0,0,0,0,0,0,0,0,0,0,0,37900,40000,350000,0,0,0,0,0,0,0,0,0,0,0,0,0,0,0,0,0,0,0,0,0,0,0,0,0,0,0,0,50000,23709,326286,0,0,0,0,0,0,0,0,0,0,0,0,0,0,0,0
Special Purpose Fund,Special Purposes Funds are funds that house monies collected by fees by the various departments and offices of the County that by state statute can only be spent on certain expenses.,2,114,Sheriff's Federal Drug Fund,Sheriff's Federal Drug Fund,Public Safety,,"This fund was established in October of 2003 with an initial deposit $21,058.30 and does not generate recurring revenue.",Sheriff,0,0,0,0,0,0,0,0,0,0,0,8000,5000,6000,6000,5000,5000,5000,9500,1000,500,500,500,500,0,0,0,0,0,0,0,0,0,0,0,0,0,0,0,0,0,7625,0,0,5144,0,0,0,0,0,0,0,0,0,0,0,0,0,0,2223,0,0
Special Purpose Fund,Special Purposes Funds are funds that house monies collected by fees by the various departments and offices of the County that by state statute can only be spent on certain expenses.,2,115,Coroner's Equipment Fund,Coroner's Equipment Fund,Capital Outlay,,This fund was used to handle the disbursements from grants received by the Coroner yearly to purchase equipment for the Coroner's office. This fund was abolished in 2007.,Coroner,0,0,0,0,0,0,0,0,0,0,0,0,0,0,0,0,0,0,0,0,0,0,0,0,0,0,0,0,0,0,0,0,0,0,0,0,0,0,0,0,1236,0,0,0,0,0,0,0,0,0,0,0,0,0,0,0,0,0,0,0,0,0
Special Purpose Fund,Special Purposes Funds are funds that house monies collected by fees by the various departments and offices of the County that by state statute can only be spent on certain expenses.,2,116,Arrestees' Medical Costs,Arrestees' Medical Costs,Public Safety,,"Pursuant to 730 ILCS 125/17 counties shall be entitled to a $10 fee for each conviction or order of supervision for a criminal violation, other than a petty offense or business offense to be used solely for reimbursement to the county of costs for medical expenses and administration of the Fund. All Jail Medical costs are paid contractually from the Jail Medical line in the County's General Fund ?�� this budget would partially reimburse the county for such expenses from the General Fund.",Sheriff,0,0,0,0,0,0,0,0,0,0,0,8000,20000,20000,20000,20000,20000,18600,20000,25000,20000,0,0,0,20000,20000,20000,20000,0,0,65000,0,0,0,0,0,0,0,0,0,0,0,0,0,0,0,0,0,0,0,25000,0,0,0,0,20000,4301,160,0,0,0,0
Special Purpose Fund,Special Purposes Funds are funds that house monies collected by fees by the various departments and offices of the County that by state statute can only be spent on certain expenses.,2,116,Arrestees' Medical Costs,Arrestees' Medical Costs,Transfer Out,,"Pursuant to 730 ILCS 125/17 counties shall be entitled to a $10 fee for each conviction or order of supervision for a criminal violation, other than a petty offense or business offense to be used solely for reimbursement to the county of costs for medical expenses and administration of the Fund. All Jail Medical costs are paid contractually from the Jail Medical line in the County's General Fund ?�� this budget would partially reimburse the county for such expenses from the General Fund.",Sheriff,0,0,0,0,0,0,0,0,0,0,0,0,0,0,0,0,0,0,0,0,0,50000,0,20000,0,0,0,0,0,0,0,0,0,0,0,0,0,0,0,0,0,0,0,0,0,0,0,0,0,0,0,0,50000,25000,1215,0,0,0,0,0,0,0
Special Purpose Fund,Special Purposes Funds are funds that house monies collected by fees by the various departments and offices of the County that by state statute can only be spent on certain expenses.,2,117,Tax Sale In Error Interest,Tax Sale In Error Interest,Miscellaneous,,This fund generates revenue through fees from the tax sale and monies are used to process tax sale in error refunds each year.,County Tax Expenses,0,0,0,0,0,0,0,0,0,0,2000,8200,12000,10000,40000,35000,27000,21275,25000,25000,20000,20000,40000,20024,20000,30000,30000,30000,30000,30000,30000,0,0,0,0,0,0,0,0,0,0,1963,5209,4513,6043,4032,4773,6084,21272,20640,16951,18123.00,7065,33319,20024,30000,24424,7803,0,67603,29912,7521
Special Purpose Fund,Special Purposes Funds are funds that house monies collected by fees by the various departments and offices of the County that by state statute can only be spent on certain expenses.,2,117,Tax Sale In Error Interest,Tax Sale In Error Interest,Transfer Out,,This fund generates revenue through fees from the tax sale and monies are used to process tax sale in error refunds each year.,County Tax Expenses,0,0,0,0,0,0,0,0,0,0,0,0,0,0,0,0,0,0,15000,25000,0,0,0,0,0,0,0,0,0,0,0,0,0,0,0,0,0,0,0,0,0,0,0,0,0,0,0,0,0,15000,25000,13000.00,0,0,30000,0,0,0,0,0,0,0
Special Purpose Fund,Special Purposes Funds are funds that house monies collected by fees by the various departments and offices of the County that by state statute can only be spent on certain expenses.,2,118,Health Insurance Fund,Health Insurance Fund,Insurance,,"This special fund receives revenue from administrative fees for the use of the services of the third-party HRA vendor paid by the Health Department, Highway Department, and County through the County Administration General Fund line item. The fund also receives revenue when HRA claims must be paid out to employees as an expense. The fund acts strictly as a pass-through account for HRA claims and such related expenses as noted above.",Countywide Expense,0,0,0,0,0,0,0,0,0,0,0,0,70000,75000,75000,75000,75000,75000,75000,100000,100000,100000,100000,100000,100000,100000,100000,100001,115000,100000,115000,0,0,0,0,0,0,0,0,0,0,0,37696,63951,72456,45407,47916,48905,38497,36526,64413,71135.00,66645,66693,62019,100000,80356,87937,78831,111202,82945,6302
Special Purpose Fund,Special Purposes Funds are funds that house monies collected by fees by the various departments and offices of the County that by state statute can only be spent on certain expenses.,2,119,Grant Fund,Grant Fund,Grant Expense,,"This fund has been established as a special fund in the county treasury to allow for county effort to avoid comingling of operational funds and grant funds. Funds are typically held in the fund until the particular expenditure is necessary.offices and departments to separate federal, state, or private grants received in an",Countywide Expense,0,0,0,0,0,0,0,0,0,0,0,350000,128000,100000,75000,75000,75000,134094,70406,67100,75000,0,3586,0,75000,68270,45431,125000,575001,537298,516698,0,0,0,0,0,0,0,0,0,0,0,303210,101254,52842,40852,29517,35000,113403,28303,3856,7363.00,47334,3586,0,71960,60463,35544,152836,518909,515693,394047
Special Purpose Fund,Special Purposes Funds are funds that house monies collected by fees by the various departments and offices of the County that by state statute can only be spent on certain expenses.,2,119,Grant Fund,Grant Fund,Grant Expense,,"This fund has been established as a special fund in the county treasury to allow for county effort to avoid comingling of operational funds and grant funds. Funds are typically held in the fund until the particular expenditure is necessary.offices and departments to separate federal, state, or private grants received in an",Countywide Expense,0,0,0,0,0,0,0,0,0,0,0,0,0,0,0,0,0,0,0,2974,0,0,1950,0,0,0,6667,0,0,0,0,0,0,0,0,0,0,0,0,0,0,0,0,0,0,0,0,0,18854,0,2974,0,0,1950,0,0,0,6667,0,0,0,0
Special Purpose Fund,Special Purposes Funds are funds that house monies collected by fees by the various departments and offices of the County that by state statute can only be spent on certain expenses.,2,119,Grant Fund,Grant Fund,Grant Expense,,"This fund has been established as a special fund in the county treasury to allow for county effort to avoid comingling of operational funds and grant funds. Funds are typically held in the fund until the particular expenditure is necessary.offices and departments to separate federal, state, or private grants received in an",Countywide Expense,0,0,0,0,0,0,0,0,0,0,0,0,0,0,0,0,0,132933,0,4926,0,75000,69464,75000,0,3690,22902,0,0,0,0,0,0,0,0,0,0,0,0,0,0,0,0,0,0,0,0,0,132933,0,4926,0,0,0,46407,0,0,22902,0,0,0,0
Special Purpose Fund,Special Purposes Funds are funds that house monies collected by fees by the various departments and offices of the County that by state statute can only be spent on certain expenses.,2,119,Grant Fund,Grant Fund,Transfer Out,,"This fund has been established as a special fund in the county treasury to allow for county effort to avoid comingling of operational funds and grant funds. Funds are typically held in the fund until the particular expenditure is necessary.offices and departments to separate federal, state, or private grants received in an",Countywide Expense,0,0,0,0,0,0,0,0,0,0,0,0,0,0,0,0,0,0,4594,0,0,0,0,0,0,3040,0,200887,0,0,0,0,0,0,0,0,0,0,0,0,0,0,0,0,0,0,0,0,0,4594,0,0,25047,0,0,3040,3040,0,45186,0,0,0
Special Purpose Fund,Special Purposes Funds are funds that house monies collected by fees by the various departments and offices of the County that by state statute can only be spent on certain expenses.,2,120,Pet Population Control Fund,Pet Population Control Fund,Neutering Expense,,This fund generates revenue through fines and fees and is utilized to help defray or offset the costs of spay/neutering procedures for pets.,Animal Control Adminstrator,0,0,0,0,0,0,0,0,0,0,0,2000,14000,9000,19000,24000,24000,24000,24000,17000,24000,24000,24000,24000,24000,24000,24000,24000,24000,24000,28500,0,0,0,0,0,0,0,0,0,0,0,2000,11067,8073,12640,9267,5675,14941,18698,16650,23034,15626,10915,17905,24000,17415,17419,19420,18991,22209,22465
Special Purpose Fund,Special Purposes Funds are funds that house monies collected by fees by the various departments and offices of the County that by state statute can only be spent on certain expenses.,2,121,Police Vehicle Fund,Police Vehicle Fund,Cash Disbursements,,This fund was used to help the Sheriff's department purchase new vehicles,Sheriff,0,0,0,0,0,0,0,0,0,0,0,0,0,0,0,0,0,0,0,0,0,0,0,0,0,0,0,0,0,0,0,0,0,0,0,0,0,0,0,0,0,0,0,0,0,0,0,0,0,0,0,0,0,0,45509,0,0,0,0,0,0,0
Special Purpose Fund,Special Purposes Funds are funds that house monies collected by fees by the various departments and offices of the County that by state statute can only be spent on certain expenses.,2,123,Sheriff Reimbursement Fund,Sheriff Reimbursement Fund,Salaries ,,This fund was used by the Sheriff's department to house all reimbursements the department might have received,Sheriff,0,0,0,0,0,0,0,0,0,0,0,0,0,0,0,0,0,0,0,0,0,0,0,0,0,0,0,0,0,0,0,0,0,96584,0,0,0,0,0,0,0,0,0,0,0,0,0,159629,0,0,0,0,0,0,0,0,0,0,0,0,0,0
Special Purpose Fund,Special Purposes Funds are funds that house monies collected by fees by the various departments and offices of the County that by state statute can only be spent on certain expenses.,2,123,Sheriff Reimbursement Fund,Sheriff Reimbursement Fund,Reimbursement Sheriff Account ,,This fund was used by the Sheriff's department to house all reimbursements the department might have received,Sheriff,50000,100000,100000,0,0,0,0,0,0,0,0,0,0,0,0,0,0,0,0,0,0,0,0,0,0,0,0,0,0,0,0,0,0,0,0,0,0,0,0,0,0,0,0,0,0,0,95,0,0,0,0,0,0,0,0,0,0,0,0,0,0,0
Special Purpose Fund,Special Purposes Funds are funds that house monies collected by fees by the various departments and offices of the County that by state statute can only be spent on certain expenses.,2,124,Inheritance Tax Fund,Inheritance Tax Fund,Settlement With State,,,County Tax Expenses,0,0,0,0,0,0,0,0,0,0,0,0,0,0,0,0,0,0,0,0,0,0,0,0,0,0,0,0,0,0,0,201671,214905,0,1268858,302040,865342,551647,744821,0,0,0,0,0,0,0,0,0,0,0,0,0,0,0,0,0,0,0,0,0,0,0
Special Purpose Fund,Special Purposes Funds are funds that house monies collected by fees by the various departments and offices of the County that by state statute can only be spent on certain expenses.,2,125,County Court Trust Fund,County Court Trust Fund,Court Orders,,,County Board Office,0,0,0,0,0,0,0,0,0,0,0,0,0,0,0,0,0,0,0,0,0,0,0,0,0,0,0,0,0,0,0,7416,5854,0,16257,42300,15928,90000,2721,0,0,0,0,0,0,0,0,0,0,5688,0,0,0,0,0,0,0,0,0,0,0,0
Special Purpose Fund,Special Purposes Funds are funds that house monies collected by fees by the various departments and offices of the County that by state statute can only be spent on certain expenses.,2,126,Condemnation Fund,Condemnation Fund,Settlement of Claims,,,County Tax Expenses,0,0,0,0,0,0,0,0,0,0,0,0,0,0,0,0,0,0,0,0,0,0,0,0,0,0,0,0,0,0,0,0,2470,0,0,0,0,0,0,0,0,0,0,0,0,0,0,0,0,0,0,0,0,0,0,0,0,0,0,0,0,0
Special Purpose Fund,Special Purposes Funds are funds that house monies collected by fees by the various departments and offices of the County that by state statute can only be spent on certain expenses.,2,126,Condemnation Fund,Condemnation Fund,Court Orders,,,County Tax Expenses,0,0,0,0,0,0,0,0,0,0,0,0,0,0,0,0,0,0,0,0,0,0,0,0,0,0,0,0,0,0,0,0,0,0,83245,0,25000,66400,32050,0,0,0,0,0,0,0,0,0,0,0,0,0,0,0,0,0,0,0,0,0,0,0
Special Purpose Fund,Special Purposes Funds are funds that house monies collected by fees by the various departments and offices of the County that by state statute can only be spent on certain expenses.,2,127,Emergency Relief Fund ,Emergency Relief Fund ,Miscellaneous,,,County Board Office,0,0,0,0,0,0,0,0,0,0,0,0,0,0,0,0,0,0,0,0,0,0,0,0,0,0,0,0,0,0,0,0,0,0,0,0,519559,474975,465028,0,0,0,0,0,0,0,0,0,0,0,0,0,0,0,0,0,0,0,0,0,0,0
Special Purpose Fund,Special Purposes Funds are funds that house monies collected by fees by the various departments and offices of the County that by state statute can only be spent on certain expenses.,2,128,Tax Redemption Fund,Tax Redemption Fund,Paid to Purchasers,,This fund is used as the account where deliquent tax payments are receipted and checks to the taxbuyers are then cut each month from. The County only receives a 50 dollar clerk fee from each transaction.,County Tax Expenses,0,0,0,0,0,0,0,0,0,0,0,0,0,0,0,0,0,0,0,0,0,0,0,0,0,0,0,0,0,0,0,251385,324220,0,365696,420367,519559,474975,465028,0,0,0,0,0,0,0,0,0,0,0,0,936873,0,0,0,0,0,0,0,0,0,0
Special Purpose Fund,Special Purposes Funds are funds that house monies collected by fees by the various departments and offices of the County that by state statute can only be spent on certain expenses.,2,128,Tax Redemption Fund,Tax Redemption Fund,Clerk's Fees (to General Fund) ,,This fund is used as the account where deliquent tax payments are receipted and checks to the taxbuyers are then cut each month from. The County only receives a 50 dollar clerk fee from each transaction.,County Tax Expenses,0,0,0,0,0,0,0,0,0,0,0,0,0,0,0,0,0,0,0,0,0,0,0,0,0,0,0,0,0,0,0,0,0,0,0,0,0,0,0,0,0,0,0,0,0,0,0,0,0,0,0,0,0,0,0,0,0,0,0,0,0,0
Special Purpose Fund,Special Purposes Funds are funds that house monies collected by fees by the various departments and offices of the County that by state statute can only be spent on certain expenses.,2,128,Tax Redemption Fund,Tax Redemption Fund,Take Notices (to General Fund) ,,This fund is used as the account where deliquent tax payments are receipted and checks to the taxbuyers are then cut each month from. The County only receives a 50 dollar clerk fee from each transaction.,County Tax Expenses,0,0,0,0,0,0,0,0,0,0,0,0,0,0,0,0,0,0,0,0,0,0,0,0,0,0,0,0,0,0,0,0,0,0,0,0,0,0,0,0,0,0,0,0,0,0,0,0,0,0,0,5,0,0,0,0,0,0,0,0,0,0
Special Purpose Fund,Special Purposes Funds are funds that house monies collected by fees by the various departments and offices of the County that by state statute can only be spent on certain expenses.,2,129,South Otter Drainage District #1,South Otter Drainage District #1,Services,,This fund was used to hold the monies collected by the County for the South Otter Drainage District #1.,County Board Office,0,0,0,0,0,0,0,0,0,0,0,0,0,0,0,0,0,0,0,0,0,0,0,0,0,0,0,0,0,0,0,5083,450,0,1190,0,258,355,1710,0,0,0,0,0,0,0,0,0,0,0,0,0,0,0,0,0,0,0,0,0,0,0
Special Purpose Fund,Special Purposes Funds are funds that house monies collected by fees by the various departments and offices of the County that by state statute can only be spent on certain expenses.,2,130,South Otter Drainage District #2,South Otter Drainage District #2,Miscellaneous,,This fund was used to hold the monies collected by the County for the South Otter Drainage District #2.,County Board Office,0,0,0,0,0,0,0,0,0,0,0,0,0,0,0,0,0,0,0,0,0,0,0,0,0,0,0,0,0,0,0,544,0,0,0,0,0,0,0,0,0,0,0,0,0,0,0,0,0,0,0,0,0,0,0,0,0,0,0,0,0,0
Special Purpose Fund,Special Purposes Funds are funds that house monies collected by fees by the various departments and offices of the County that by state statute can only be spent on certain expenses.,2,131,Barnett Special Drainage District,Barnett Special Drainage District,Printing/Supplies,,This fund was used to hold the monies collected by the County for the .,County Board Office,360,0,0,0,0,0,0,0,0,0,0,0,0,0,0,0,0,0,0,0,0,0,0,0,0,0,0,0,0,0,0,360,384,0,450,0,0,0,0,0,0,0,0,0,0,0,0,0,0,1171,0,1267,0,0,0,0,0,0,0,0,0,0
Special Purpose Fund,Special Purposes Funds are funds that house monies collected by fees by the various departments and offices of the County that by state statute can only be spent on certain expenses.,2,131,Special Purpose Fund,Special Purpose Fund,Maintenance,,,County Board Office,0,0,0,0,0,0,0,0,0,0,0,0,0,0,0,0,0,0,0,0,0,0,0,0,0,0,0,0,0,0,0,0,0,0,0,1200,453,510,1481,0,0,0,0,0,0,0,0,0,0,0,0,0,0,0,0,0,0,0,0,0,0,0
Special Purpose Fund,Special Purposes Funds are funds that house monies collected by fees by the various departments and offices of the County that by state statute can only be spent on certain expenses.,2,132,Tax Sale Fees Fund,Tax Sale Fees Fund,Cash Disbursements,,,County Tax Expenses,0,0,0,0,0,0,0,0,0,0,0,0,0,0,0,0,0,0,0,0,0,0,0,0,0,0,0,0,0,0,0,0,0,0,1759,0,1321,0,0,0,0,0,0,0,0,0,0,0,0,0,0,30000,0,0,0,0,0,0,0,0,0,0
Special Purpose Fund,Special Purposes Funds are funds that house monies collected by fees by the various departments and offices of the County that by state statute can only be spent on certain expenses.,2,133,Circuit Clerk - Bond Trust Fund,Circuit Clerk - Bond Trust Fund,"Distribution of Fees, Costs & Fines",,,Circuit Clerk,0,0,0,0,0,0,0,0,0,0,0,0,0,0,0,0,0,0,0,0,0,0,0,0,0,0,0,0,0,0,0,1005073,1133410,0,1048812,1112456,1467225,1555256,2169129,0,0,0,0,0,0,0,0,0,0,0,0,0,0,0,0,0,0,0,0,0,0,0
Special Purpose Fund,Special Purposes Funds are funds that house monies collected by fees by the various departments and offices of the County that by state statute can only be spent on certain expenses.,2,133,Circuit Clerk - Bond Trust Fund,Circuit Clerk - Bond Trust Fund,Restitution,,,Circuit Clerk,0,0,0,0,0,0,0,0,0,0,0,0,0,0,0,0,0,0,0,0,0,0,0,0,0,0,0,0,0,0,0,93538,129502,0,153332,144663,164165,223827,187488,0,0,0,0,0,0,0,0,0,0,0,0,0,0,0,0,0,0,0,0,0,0,0
Special Purpose Fund,Special Purposes Funds are funds that house monies collected by fees by the various departments and offices of the County that by state statute can only be spent on certain expenses.,2,133,Circuit Clerk - Bond Trust Fund,Circuit Clerk - Bond Trust Fund,Net Decrease In Bonds ,,,Circuit Clerk,0,0,0,0,0,0,0,0,0,0,0,0,0,0,0,0,0,0,0,0,0,0,0,0,0,0,0,0,0,0,0,0,31988,0,0,0,0,0,0,0,0,0,0,0,0,0,0,0,0,0,0,0,0,0,0,0,0,0,0,0,0,0
Special Purpose Fund,Special Purposes Funds are funds that house monies collected by fees by the various departments and offices of the County that by state statute can only be spent on certain expenses.,2,133,Circuit Clerk - Bond Trust Fund,Circuit Clerk - Bond Trust Fund,Driver's Education ,,,Circuit Clerk,0,0,0,0,0,0,0,0,0,0,0,0,0,0,0,0,0,0,0,0,0,0,0,0,0,0,0,0,0,0,0,0,0,0,0,0,0,0,0,0,0,0,0,0,0,0,0,0,0,0,0,0,0,0,0,0,0,0,0,0,0,0
Special Purpose Fund,Special Purposes Funds are funds that house monies collected by fees by the various departments and offices of the County that by state statute can only be spent on certain expenses.,2,133,Circuit Clerk - Bond Trust Fund,Circuit Clerk - Bond Trust Fund,State's Attorney Fees ,,,Circuit Clerk,0,0,0,0,0,0,0,0,0,0,0,0,0,0,0,0,0,0,0,0,0,0,0,0,0,0,0,0,0,0,0,0,0,0,0,0,0,0,0,0,0,0,0,0,0,0,0,0,0,0,0,0,0,0,0,0,0,0,0,0,0,0
Special Purpose Fund,Special Purposes Funds are funds that house monies collected by fees by the various departments and offices of the County that by state statute can only be spent on certain expenses.,2,133,Circuit Clerk - Bond Trust Fund,Circuit Clerk - Bond Trust Fund,Sheriff Fees ,,,Circuit Clerk,0,0,0,0,0,0,0,0,0,0,0,0,0,0,0,0,0,0,0,0,0,0,0,0,0,0,0,0,0,0,0,0,0,0,0,0,0,0,0,0,0,0,0,0,0,0,0,0,0,0,0,0,0,0,0,0,0,0,0,0,0,0
Special Purpose Fund,Special Purposes Funds are funds that house monies collected by fees by the various departments and offices of the County that by state statute can only be spent on certain expenses.,2,133,Circuit Clerk - Bond Trust Fund,Circuit Clerk - Bond Trust Fund,County's Share of Bond Costs ,,,Circuit Clerk,0,0,0,0,0,0,0,0,0,0,0,0,0,0,0,0,0,0,0,0,0,0,0,0,0,0,0,0,0,0,0,0,0,0,0,0,0,0,0,0,0,0,0,0,0,0,0,0,0,0,0,0,0,0,0,0,0,0,0,0,0,0
Special Purpose Fund,Special Purposes Funds are funds that house monies collected by fees by the various departments and offices of the County that by state statute can only be spent on certain expenses.,2,133,Circuit Clerk - Bond Trust Fund,Circuit Clerk - Bond Trust Fund,County's Share of Traffic Fines ,,,Circuit Clerk,0,0,0,0,0,0,0,0,0,0,0,0,0,0,0,0,0,0,0,0,0,0,0,0,0,0,0,0,0,0,0,0,0,0,0,0,0,0,0,0,0,0,0,0,0,0,0,0,0,0,0,0,0,0,0,0,0,0,0,0,0,0
Special Purpose Fund,Special Purposes Funds are funds that house monies collected by fees by the various departments and offices of the County that by state statute can only be spent on certain expenses.,2,133,Circuit Clerk - Bond Trust Fund,Circuit Clerk - Bond Trust Fund,City's Share of Traffic Fines ,,,Circuit Clerk,0,0,0,0,0,0,0,0,0,0,0,0,0,0,0,0,0,0,0,0,0,0,0,0,0,0,0,0,0,0,0,0,0,0,0,0,0,0,0,0,0,0,0,0,0,0,0,0,0,0,0,0,0,0,0,0,0,0,0,0,0,0
Special Purpose Fund,Special Purposes Funds are funds that house monies collected by fees by the various departments and offices of the County that by state statute can only be spent on certain expenses.,2,133,Circuit Clerk - Bond Trust Fund,Circuit Clerk - Bond Trust Fund,State's Share of Traffic Fines ,,,Circuit Clerk,0,0,0,0,0,0,0,0,0,0,0,0,0,0,0,0,0,0,0,0,0,0,0,0,0,0,0,0,0,0,0,0,0,0,0,0,0,0,0,0,0,0,0,0,0,0,0,0,0,0,0,0,0,0,0,0,0,0,0,0,0,0
Special Purpose Fund,Special Purposes Funds are funds that house monies collected by fees by the various departments and offices of the County that by state statute can only be spent on certain expenses.,2,133,Circuit Clerk - Bond Trust Fund,Circuit Clerk - Bond Trust Fund,Victims Assistance ,,,Circuit Clerk,0,0,0,0,0,0,0,0,0,0,0,0,0,0,0,0,0,0,0,0,0,0,0,0,0,0,0,0,0,0,0,0,0,0,0,0,0,0,0,0,0,0,0,0,0,0,0,0,0,0,0,0,0,0,0,0,0,0,0,0,0,0
Special Purpose Fund,Special Purposes Funds are funds that house monies collected by fees by the various departments and offices of the County that by state statute can only be spent on certain expenses.,2,133,Circuit Clerk - Bond Trust Fund,Circuit Clerk - Bond Trust Fund,Automation Fee ,,,Circuit Clerk,0,0,0,0,0,0,0,0,0,0,0,0,0,0,0,0,0,0,0,0,0,0,0,0,0,0,0,0,0,0,0,0,0,0,0,0,0,0,0,0,0,0,0,0,0,0,0,0,0,0,0,0,0,0,0,0,0,0,0,0,0,0
Special Purpose Fund,Special Purposes Funds are funds that house monies collected by fees by the various departments and offices of the County that by state statute can only be spent on certain expenses.,2,133,Circuit Clerk - Bond Trust Fund,Circuit Clerk - Bond Trust Fund,Traffic Violation Fees ,,,Circuit Clerk,0,0,0,0,0,0,0,0,0,0,0,0,0,0,0,0,0,0,0,0,0,0,0,0,0,0,0,0,0,0,0,0,0,0,0,0,0,0,0,0,0,0,0,0,0,0,0,0,0,0,0,0,0,0,0,0,0,0,0,0,0,0
Special Purpose Fund,Special Purposes Funds are funds that house monies collected by fees by the various departments and offices of the County that by state statute can only be spent on certain expenses.,2,133,Circuit Clerk - Bond Trust Fund,Circuit Clerk - Bond Trust Fund,Surcharges ,,,Circuit Clerk,0,0,0,0,0,0,0,0,0,0,0,0,0,0,0,0,0,0,0,0,0,0,0,0,0,0,0,0,0,0,0,0,0,0,0,0,0,0,0,0,0,0,0,0,0,0,0,0,0,0,0,0,0,0,0,0,0,0,0,0,0,0
Special Purpose Fund,Special Purposes Funds are funds that house monies collected by fees by the various departments and offices of the County that by state statute can only be spent on certain expenses.,2,133,Circuit Clerk - Bond Trust Fund,Circuit Clerk - Bond Trust Fund,Court Security Fee ,,,Circuit Clerk,0,0,0,0,0,0,0,0,0,0,0,0,0,0,0,0,0,0,0,0,0,0,0,0,0,0,0,0,0,0,0,0,0,0,0,0,0,0,0,0,0,0,0,0,0,0,0,0,0,0,0,0,0,0,0,0,0,0,0,0,0,0
Special Purpose Fund,Special Purposes Funds are funds that house monies collected by fees by the various departments and offices of the County that by state statute can only be spent on certain expenses.,2,133,Circuit Clerk - Bond Trust Fund,Circuit Clerk - Bond Trust Fund,Probation Fees ,,,Circuit Clerk,0,0,0,0,0,0,0,0,0,0,0,0,0,0,0,0,0,0,0,0,0,0,0,0,0,0,0,0,0,0,0,0,0,0,0,0,0,0,0,0,0,0,0,0,0,0,0,0,0,0,0,0,0,0,0,0,0,0,0,0,0,0
Special Purpose Fund,Special Purposes Funds are funds that house monies collected by fees by the various departments and offices of the County that by state statute can only be spent on certain expenses.,2,133,Circuit Clerk - Bond Trust Fund,Circuit Clerk - Bond Trust Fund,Traffic School Fees ,,,Circuit Clerk,0,0,0,0,0,0,0,0,0,0,0,0,0,0,0,0,0,0,0,0,0,0,0,0,0,0,0,0,0,0,0,0,0,0,0,0,0,0,0,0,0,0,0,0,0,0,0,0,0,0,0,0,0,0,0,0,0,0,0,0,0,0
Special Purpose Fund,Special Purposes Funds are funds that house monies collected by fees by the various departments and offices of the County that by state statute can only be spent on certain expenses.,2,133,Circuit Clerk - Bond Trust Fund,Circuit Clerk - Bond Trust Fund,Trauma Center Fund ,,,Circuit Clerk,0,0,0,0,0,0,0,0,0,0,0,0,0,0,0,0,0,0,0,0,0,0,0,0,0,0,0,0,0,0,0,0,0,0,0,0,0,0,0,0,0,0,0,0,0,0,0,0,0,0,0,0,0,0,0,0,0,0,0,0,0,0
Special Purpose Fund,Special Purposes Funds are funds that house monies collected by fees by the various departments and offices of the County that by state statute can only be spent on certain expenses.,2,133,Circuit Clerk - Bond Trust Fund,Circuit Clerk - Bond Trust Fund,Miscellaneous/Interest ,,,Circuit Clerk,0,0,0,0,0,0,0,0,0,0,0,0,0,0,0,0,0,0,0,0,0,0,0,0,0,0,0,0,0,0,0,0,0,0,0,0,0,0,0,0,0,0,0,0,0,0,0,0,0,0,0,2069357,0,0,0,0,0,0,0,0,0,0
Special Purpose Fund,Special Purposes Funds are funds that house monies collected by fees by the various departments and offices of the County that by state statute can only be spent on certain expenses.,2,133,Circuit Clerk - Bond Trust Fund,Circuit Clerk - Bond Trust Fund,Child Support & Small Claims,,,Circuit Clerk,0,0,0,0,0,0,0,0,0,0,0,0,0,0,0,0,0,0,0,0,0,0,0,0,0,0,0,0,0,0,0,116123,149048,0,166732,216221,87327,52732,50617,0,0,0,0,0,0,0,0,0,0,0,0,0,0,0,0,0,0,0,0,0,0,0
Special Purpose Fund,Special Purposes Funds are funds that house monies collected by fees by the various departments and offices of the County that by state statute can only be spent on certain expenses.,2,135,Interest on Real Estate Taxes,Interest on Real Estate Taxes,Distribution to Taxing Bodies,,,County Tax Expenses,0,0,0,0,0,0,0,0,0,0,0,0,0,0,0,0,0,0,0,0,0,0,0,0,0,0,0,0,0,0,0,60664,88561,0,134154,152552,143057,176449,115491,0,0,0,0,0,0,0,0,0,0,0,0,0,0,0,0,0,0,0,0,0,0,0
Special Purpose Fund,Special Purposes Funds are funds that house monies collected by fees by the various departments and offices of the County that by state statute can only be spent on certain expenses.,2,136,States Attorney Escrow Fund,States Attorney Escrow Fund,Restitution Settlements,,,State's Attorney,0,0,0,0,0,0,0,0,0,0,0,0,0,0,0,0,0,0,0,0,0,0,0,0,0,0,0,0,0,0,0,6083,8712,0,8103,7893,9176,11746,2750,0,0,0,0,0,0,0,0,0,0,0,0,0,0,0,0,0,0,0,0,0,0,0
Special Purpose Fund,Special Purposes Funds are funds that house monies collected by fees by the various departments and offices of the County that by state statute can only be spent on certain expenses.,2,136,States Attorney Escrow Fund,States Attorney Escrow Fund,Grant Dispursements,,,State's Attorney,0,0,0,0,0,0,0,0,0,0,0,0,0,0,0,0,0,0,0,0,0,0,0,0,0,0,0,0,0,0,0,0,0,0,0,6805,56,0,0,0,0,0,0,0,0,0,0,0,0,0,0,0,0,0,0,0,0,0,0,0,0,0
Special Purpose Fund,Special Purposes Funds are funds that house monies collected by fees by the various departments and offices of the County that by state statute can only be spent on certain expenses.,2,137,States Attorney - Section 1655 Forfeiture Fund,States Attorney - Section 1655 Forfeiture Fund,Circuit Clerk,,,State's Attorney,0,0,0,0,0,0,0,0,0,0,0,0,0,0,0,0,0,0,0,0,0,0,0,0,0,0,0,0,0,0,0,0,0,0,0,0,0,0,800,0,0,0,0,0,0,0,0,0,0,0,0,0,0,0,0,0,0,0,0,0,0,0
Special Purpose Fund,Special Purposes Funds are funds that house monies collected by fees by the various departments and offices of the County that by state statute can only be spent on certain expenses.,2,137,States Attorney - Section 1655 Forfeiture Fund,States Attorney - Section 1655 Forfeiture Fund,Equipment,,,State's Attorney,0,0,0,0,0,0,0,0,0,0,0,0,0,0,0,0,0,0,0,0,0,0,0,0,0,0,0,0,0,0,0,0,0,0,0,0,0,0,75,0,0,0,0,0,0,0,0,0,0,0,0,0,0,0,0,0,0,0,0,0,0,0
Special Purpose Fund,Special Purposes Funds are funds that house monies collected by fees by the various departments and offices of the County that by state statute can only be spent on certain expenses.,2,137,States Attorney - Section 1655 Forfeiture Fund,States Attorney - Section 1655 Forfeiture Fund,Membership Fees,,,State's Attorney,0,0,0,0,0,0,0,0,0,0,0,0,0,0,0,0,0,0,0,0,0,0,0,0,0,0,0,0,0,0,0,0,0,0,0,0,0,0,25,0,0,0,0,0,0,0,0,0,0,0,0,0,0,0,0,0,0,0,0,0,0,0
Special Purpose Fund,Special Purposes Funds are funds that house monies collected by fees by the various departments and offices of the County that by state statute can only be spent on certain expenses.,2,137,States Attorney - Section 1655 Forfeiture Fund,States Attorney - Section 1655 Forfeiture Fund,Service Charge,,,State's Attorney,0,0,0,0,0,0,0,0,0,0,0,0,0,0,0,0,0,0,0,0,0,0,0,0,0,0,0,0,0,0,0,0,0,0,0,0,9,0,0,0,0,0,0,0,0,0,0,0,0,0,0,0,0,0,0,0,0,0,0,0,0,0
Special Purpose Fund,Special Purposes Funds are funds that house monies collected by fees by the various departments and offices of the County that by state statute can only be spent on certain expenses.,2,137,States Attorney - Section 1655 Forfeiture Fund,States Attorney - Section 1655 Forfeiture Fund,Capital Outlay,,,State's Attorney,0,0,0,0,0,0,0,0,0,0,0,0,0,0,0,0,0,0,0,0,0,0,0,0,0,0,0,0,0,0,0,0,0,0,1274,0,0,0,0,0,0,0,0,0,0,0,0,0,0,0,0,0,0,0,0,0,0,0,0,0,0,0
Special Purpose Fund,Special Purposes Funds are funds that house monies collected by fees by the various departments and offices of the County that by state statute can only be spent on certain expenses.,2,137,States Attorney - Section 1655 Forfeiture Fund,States Attorney - Section 1655 Forfeiture Fund,Miscellaneous,,,State's Attorney,0,0,0,0,0,0,0,0,0,0,0,0,0,0,0,0,0,0,0,0,0,0,0,0,0,0,0,0,0,0,0,0,0,0,25,0,0,0,0,0,0,0,0,0,0,0,0,0,0,0,0,0,0,0,0,0,0,0,0,0,0,0
Special Purpose Fund,Special Purposes Funds are funds that house monies collected by fees by the various departments and offices of the County that by state statute can only be spent on certain expenses.,2,137,States Attorney - Section 1655 Forfeiture Fund,States Attorney - Section 1655 Forfeiture Fund,Transcripts,,,State's Attorney,0,0,0,0,0,0,0,0,0,0,0,0,0,0,0,0,0,0,0,0,0,0,0,0,0,0,0,0,0,0,0,0,0,0,0,0,0,337,0,0,0,0,0,0,0,0,0,0,0,0,0,0,0,0,0,0,0,0,0,0,0,0
Special Purpose Fund,Special Purposes Funds are funds that house monies collected by fees by the various departments and offices of the County that by state statute can only be spent on certain expenses.,2,138,Circuit Clerk - Special Fund,Circuit Clerk - Special Fund,Court Orders,,,Circuit Clerk,0,0,0,0,0,0,0,0,0,0,0,0,0,0,0,0,0,0,0,0,0,0,0,0,0,0,0,0,0,0,0,80418,18013,0,815312,3826,113250,0,0,0,0,0,0,0,0,0,0,0,0,0,0,0,0,0,0,0,0,0,0,0,0,0
Special Purpose Fund,Special Purposes Funds are funds that house monies collected by fees by the various departments and offices of the County that by state statute can only be spent on certain expenses.,2,139,Preservation Fund,Preservation Fund,Expenditures,,This fund was established to help collect money for the preservation of the Courthouse house and other County building. It has since been abolished.,County Board Office,0,0,0,0,0,0,0,0,0,0,0,0,0,0,0,0,0,0,0,0,0,0,0,0,0,0,0,0,0,0,0,0,1735,0,0,0,0,0,0,0,0,0,0,0,0,0,0,0,0,0,0,0,0,0,0,0,0,0,0,0,0,0
Special Purpose Fund,Special Purposes Funds are funds that house monies collected by fees by the various departments and offices of the County that by state statute can only be spent on certain expenses.,2,140,Base Materials Fund,Base Materials Fund,Expenditures,,,County Highway Engineer,0,345000,0,0,0,0,0,0,0,0,0,0,0,0,0,0,0,0,0,0,0,0,0,0,0,0,0,0,0,0,0,0,0,0,0,0,0,0,0,0,0,0,0,0,0,0,0,0,0,0,0,0,0,0,0,0,0,0,0,0,0,0
Special Purpose Fund,Special Purposes Funds are funds that house monies collected by fees by the various departments and offices of the County that by state statute can only be spent on certain expenses.,2,141,Trustee Payment Account,Trustee Payment Account,Miscellaneous Dispersements,,This fund was originally used for the payments made to the County Trustee for redeemed deliquent taxes. Those transactions are now all handled out of the Tax Redemption fund.,County Tax Expenses,0,0,0,0,0,0,0,0,0,0,0,0,0,0,0,0,0,0,0,0,0,0,0,0,0,0,0,0,0,0,0,0,0,0,0,0,91603,33307,42914,0,0,0,0,0,0,0,0,0,0,22853,0,21244,0,0,0,0,0,0,0,0,0,0
Special Purpose Fund,Special Purposes Funds are funds that house monies collected by fees by the various departments and offices of the County that by state statute can only be spent on certain expenses.,2,142,Drug Court Fund,Drug Court Fund,Miscellaneous,,,"Presiding Circuit Judge, Chief Probation Officer",0,0,0,0,0,0,0,0,0,0,0,0,0,0,0,0,0,0,0,5000,5000,5000,5000,5000,5000,6100,5000,6200,8000,8000,5000,0,0,0,0,0,0,0,0,0,0,0,0,0,0,0,0,0,0,0,183,243,1205,1568,1900,5000,6426,4964,6188,7333,1839,0
Special Purpose Fund,Special Purposes Funds are funds that house monies collected by fees by the various departments and offices of the County that by state statute can only be spent on certain expenses.,2,143,States Attorney Automation Fund,States Attorney Automation Fund,Miscellaneous,,,State's Attorney,0,0,0,0,0,0,0,0,0,0,0,0,0,0,0,0,0,0,0,0,0,0,0,0,0,0,4423,5000,5000,7884,1500,0,0,0,0,0,0,0,0,0,0,0,0,0,0,0,0,0,0,0,0,0,0,1608,0,0,0,4423,2883,2728,7062,1091
Special Purpose Fund,Special Purposes Funds are funds that house monies collected by fees by the various departments and offices of the County that by state statute can only be spent on certain expenses.,2,144,Circuit Clerk Electronic Citation Fee Fund,Circuit Clerk Special Fund,Miscellaneous ,,,Circuit Clerk,0,0,0,0,0,0,0,0,0,0,0,0,0,0,0,0,0,0,0,0,0,0,0,0,0,0,0,12000,12000,12000,12000,0,0,0,0,0,0,0,0,0,0,0,0,0,0,0,0,0,0,0,0,0,0,99,0,0,0,0,4320,7659,7695,10325
Special Purpose Fund,Special Purposes Funds are funds that house monies collected by fees by the various departments and offices of the County that by state statute can only be spent on certain expenses.,2,145,Electronic Citation Fee Fund,Circuit Clerk Special Fund,Miscellaneous ,,,Circuit Clerk,0,0,0,0,0,0,0,0,0,0,0,0,0,0,0,0,0,0,0,0,0,0,0,0,0,0,0,0,0,0,0,0,0,0,0,0,0,0,0,0,0,0,0,0,0,0,0,0,0,0,0,0,0,0,0,0,1569,0,0,0,0,0
Special Purpose Fund,Special Purposes Funds are funds that house monies collected by fees by the various departments and offices of the County that by state statute can only be spent on certain expenses.,2,146,DUI Camera Fund,DUI Camera Fund,Miscellaneous ,,,State's Attorney,0,0,0,0,0,0,0,0,0,0,0,0,0,0,0,0,0,0,0,0,0,0,0,0,0,0,0,0,0,0,0,0,0,0,0,0,0,0,0,0,0,0,0,0,0,0,0,0,0,0,0,0,0,0,0,0,0,0,0,0,0,0
Special Purpose Fund,Special Purposes Funds are funds that house monies collected by fees by the various departments and offices of the County that by state statute can only be spent on certain expenses.,2,147,COVID Grant Fund,COVID Grant Fund,Grant Expense,data.macoupincountyil.gov/Budget-and-Finances/American-Rescue-Plan-Funding-Expenses/n9j5-zhzt/data,"The COVID Grant Fund started in 2021 for the Downstate Small Business Stabilization Grant for Heniz Furntiure. After that grant was closed out, the fund was repurposed to house funds from the federal government American Rescue Plan Funding. For more information about the American Rescue Plan funding, what it can be spent on, and what the county is spending it one, please visit the American Rescue Plan funding database.�",Countywide Expense,0,0,0,0,0,0,0,0,0,0,0,0,0,0,0,0,0,0,0,0,0,0,0,0,0,0,30000,4300000,4300000,3000000,3000000,0,0,0,0,0,0,0,0,0,0,0,0,0,0,0,0,0,0,0,0,0,0,0,0,0,0,25000,291892,2756224,2721318,2988000
Special Purpose Fund,Special Purposes Funds are funds that house monies collected by fees by the various departments and offices of the County that by state statute can only be spent on certain expenses.,2,148,Public Defender Automation,Public Defender Automation,Office Expense,,,Public Defender,0,0,0,0,0,0,0,0,0,0,0,0,0,0,0,0,0,0,0,0,0,0,0,0,0,0,0,0,0,0,0,0,0,0,0,0,0,0,0,0,0,0,0,0,0,0,0,0,0,0,0,0,0,0,0,0,0,0,47,39,115,0
Special Purpose Fund,Special Purposes Funds are funds that house monies collected by fees by the various departments and offices of the County that by state statute can only be spent on certain expenses.,2,149,State's Attorney CCP Fund,State's Attorney CCP Fund,Miscellaneous,,"This fund was created pursuant to 55 ILCS 5.4-2002(a) and 55 ILCS 5.4-2002.1 (c) requiring all counties to have such a fund which receives a monthly deposit of the State�s Attorney Automation fee that began being collected on June 1, 2012 in certain court cases.� County Resolution 2012.34 created the fund in the county treasury.",State's Attorney,0,0,0,0,0,0,0,0,0,0,0,0,0,0,0,0,0,0,0,0,0,0,0,0,0,0,0,0,0,0,0,0,0,0,0,0,0,0,0,0,0,0,0,0,0,0,0,0,0,0,0,0,0,0,0,0,0,60,1962,335,0,0
Special Purpose Fund,Special Purposes Funds are funds that house monies collected by fees by the various departments and offices of the County that by state statute can only be spent on certain expenses.,2,150,Wind Permit Application Fee Fund,Wind Permit Application Fee Fund,Miscellaneous,,"This fund was created as part of the wind siting permit process and houses the permit application fee submitted to reimburse the county for the expenses necessary to implement the wind permitting process and review of the construction of any projects. Currently, the only applicant is Lotus Wind and so all revenue and expenses are for the Lotus Wind Project.",Countywide Expense,0,0,0,0,0,0,0,0,0,0,0,0,0,0,0,0,0,0,0,0,0,0,0,0,0,0,0,0,249975,250000,75000,0,0,0,0,0,0,0,0,0,0,0,0,0,0,0,0,0,0,0,0,0,0,0,0,0,0,0,0,68701,31605,29349
